timestamp,race,change_type,rider_name,rider_url
2026-02-18T11:30:47.591152Z,Omloop Nieuwsblad,ADDED,VAN DEN BERG Julius,rider/julius-van-den-berg
2026-02-18T11:30:47.591152Z,Strade Bianche,ADDED,BOICHIS Adrien,rider/adrien-boichis
2026-02-18T11:30:47.591152Z,Omloop Nieuwsblad,ADDED,LAMPERTI Luke,rider/luke-lamperti
2026-02-18T11:30:47.591152Z,Bredene Koksijde Classic,ADDED,DE BONDT Dries,rider/dries-de-bondt
2026-02-18T11:30:47.591152Z,Parijs-Roubaix,ADDED,DE BONDT Dries,rider/dries-de-bondt
2026-02-18T11:30:47.591152Z,Ronde van Vlaanderen,ADDED,DE BONDT Dries,rider/dries-de-bondt
2026-02-18T11:30:47.591152Z,Kuurne-Brussel-Kuurne,ADDED,DE BONDT Dries,rider/dries-de-bondt
2026-02-18T11:30:47.591152Z,In Flanders Fields,ADDED,DE BONDT Dries,rider/dries-de-bondt
2026-02-18T11:30:47.591152Z,Ronde van Limburg,ADDED,DE BONDT Dries,rider/dries-de-bondt
2026-02-18T11:30:47.591152Z,Omloop Nieuwsblad,ADDED,DE BONDT Dries,rider/dries-de-bondt
2026-02-18T11:30:47.591152Z,Nokere Koerse,ADDED,DE BONDT Dries,rider/dries-de-bondt
2026-02-18T11:30:47.591152Z,E3 Saxo Classic,ADDED,DE BONDT Dries,rider/dries-de-bondt
2026-02-18T11:30:47.591152Z,Dwars door Vlaanderen,ADDED,DE BONDT Dries,rider/dries-de-bondt
2026-02-18T11:30:47.591152Z,Strade Bianche,ADDED,PELLIZZARI Giulio,rider/giulio-pellizzari
2026-02-18T11:30:47.591152Z,Kuurne-Brussel-Kuurne,ADDED,VAN DIJKE Tim,rider/tim-van-dijke
2026-02-18T11:30:47.591152Z,Parijs-Roubaix,ADDED,VAN DIJKE Tim,rider/tim-van-dijke
2026-02-18T11:30:47.591152Z,Omloop Nieuwsblad,ADDED,VAN DIJKE Tim,rider/tim-van-dijke
2026-02-18T11:30:47.591152Z,Ronde van Vlaanderen,ADDED,VAN DIJKE Tim,rider/tim-van-dijke
2026-02-18T11:30:47.591152Z,Milaan-Sanremo,ADDED,VAN DIJKE Tim,rider/tim-van-dijke
2026-02-18T11:30:47.591152Z,Omloop Nieuwsblad,ADDED,MEURISSE Xandro,rider/xandro-meurisse
2026-02-18T11:30:47.591152Z,Samyn Classic,ADDED,TENE Rotem,rider/rotem-tene
2026-02-18T11:30:47.591152Z,Omloop Nieuwsblad,ADDED,SHMIDT Artem,rider/artem-shmidt
2026-02-18T11:30:47.591152Z,Parijs-Roubaix,ADDED,GARCÍA CORTINA Iván,rider/ivan-garcia-cortina
2026-02-18T11:30:47.591152Z,Omloop Nieuwsblad,ADDED,GARCÍA CORTINA Iván,rider/ivan-garcia-cortina
2026-02-18T11:30:47.591152Z,Parijs-Roubaix,ADDED,LOUVEL Matis,rider/matis-louvel
2026-02-18T11:30:47.591152Z,Omloop Nieuwsblad,ADDED,LOUVEL Matis,rider/matis-louvel
2026-02-18T11:30:47.591152Z,Strade Bianche,ADDED,THALMANN Roland,rider/roland-thalmann
2026-02-18T11:30:47.591152Z,Samyn Classic,ADDED,BRAET Vito,rider/vito-braet
2026-02-18T11:30:47.591152Z,Omloop Nieuwsblad,ADDED,GRADEK Kamil,rider/kamil-gradek
2026-02-18T11:30:47.591152Z,Omloop Nieuwsblad,ADDED,SIMMONS Colby,rider/colby-simmons
2026-02-18T11:30:47.591152Z,Samyn Classic,ADDED,GELDERS Gil,rider/gil-gelders
2026-02-18T11:30:47.591152Z,Nokere Koerse,ADDED,THIJSSEN Gerben,rider/gerben-thijssen
2026-02-18T11:30:47.591152Z,Bredene Koksijde Classic,ADDED,THIJSSEN Gerben,rider/gerben-thijssen
2026-02-18T11:30:47.591152Z,Samyn Classic,ADDED,LECROQ Jérémy,rider/jeremy-lecroq
2026-02-18T11:30:47.591152Z,Samyn Classic,ADDED,DE DOBBELAERE Born,rider/born-de-dobbelaere
2026-02-18T11:30:47.591152Z,Samyn Classic,ADDED,VAN PETEGEM Axandre,rider/axandre-van-petegem
2026-02-18T11:30:47.591152Z,Amstel Gold Race,ADDED,HEALY Ben,rider/ben-healy
2026-02-18T11:30:47.591152Z,Waalse Pijl,ADDED,HEALY Ben,rider/ben-healy
2026-02-18T11:30:47.591152Z,Strade Bianche,ADDED,HEALY Ben,rider/ben-healy
2026-02-18T11:30:47.591152Z,Luik-Bastenaken-Luik,ADDED,HEALY Ben,rider/ben-healy
2026-02-18T11:30:47.591152Z,Samyn Classic,ADDED,ROUILLER Loris,rider/loris-rouiller
2026-02-18T11:30:47.591152Z,Samyn Classic,ADDED,TAILLIEU Aldo,rider/aldo-taillieu
2026-02-18T11:30:47.591152Z,Omloop Nieuwsblad,ADDED,FRISON Frederik,rider/frederik-frison
2026-02-18T11:30:47.591152Z,Samyn Classic,ADDED,STANNARD Robert,rider/robert-stannard
2026-02-18T11:30:47.591152Z,Omloop Nieuwsblad,ADDED,SKUJIŅŠ Toms,rider/toms-skujins
2026-02-18T11:30:47.591152Z,Omloop Nieuwsblad,ADDED,DE LA CALLE Hugo,rider/hugo-de-la-calle-arango
2026-02-18T11:30:47.591152Z,Kuurne-Brussel-Kuurne,ADDED,KUBIŠ Lukáš,rider/lukas-kubis
2026-02-18T11:30:47.591152Z,Bredene Koksijde Classic,ADDED,KUBIŠ Lukáš,rider/lukas-kubis
2026-02-18T11:30:47.591152Z,In Flanders Fields,ADDED,KUBIŠ Lukáš,rider/lukas-kubis
2026-02-18T11:30:47.591152Z,Parijs-Roubaix,ADDED,KUBIŠ Lukáš,rider/lukas-kubis
2026-02-18T11:30:47.591152Z,Omloop Nieuwsblad,ADDED,KUBIŠ Lukáš,rider/lukas-kubis
2026-02-18T11:30:47.591152Z,Ronde van Vlaanderen,ADDED,KUBIŠ Lukáš,rider/lukas-kubis
2026-02-18T11:30:47.591152Z,Dwars door Vlaanderen,ADDED,KUBIŠ Lukáš,rider/lukas-kubis
2026-02-18T11:30:47.591152Z,Omloop Nieuwsblad,ADDED,JACOBS Johan,rider/johan-jacobs
2026-02-18T11:30:47.591152Z,Dwars door Vlaanderen,ADDED,ANDRESEN Tobias Lund,rider/tobias-lund-andresen
2026-02-18T11:30:47.591152Z,Bredene Koksijde Classic,ADDED,KRIJNSEN Jelte,rider/jelte-krijnsen
2026-02-18T11:30:47.591152Z,Parijs-Roubaix,ADDED,KRIJNSEN Jelte,rider/jelte-krijnsen
2026-02-18T11:30:47.591152Z,Ronde van Vlaanderen,ADDED,KRIJNSEN Jelte,rider/jelte-krijnsen
2026-02-18T11:30:47.591152Z,Kuurne-Brussel-Kuurne,ADDED,KRIJNSEN Jelte,rider/jelte-krijnsen
2026-02-18T11:30:47.591152Z,In Flanders Fields,ADDED,KRIJNSEN Jelte,rider/jelte-krijnsen
2026-02-18T11:30:47.591152Z,Omloop Nieuwsblad,ADDED,KRIJNSEN Jelte,rider/jelte-krijnsen
2026-02-18T11:30:47.591152Z,Ronde van Brugge,ADDED,KRIJNSEN Jelte,rider/jelte-krijnsen
2026-02-18T11:30:47.591152Z,Nokere Koerse,ADDED,KRIJNSEN Jelte,rider/jelte-krijnsen
2026-02-18T11:30:47.591152Z,E3 Saxo Classic,ADDED,KRIJNSEN Jelte,rider/jelte-krijnsen
2026-02-18T11:30:47.591152Z,Dwars door Vlaanderen,ADDED,KRIJNSEN Jelte,rider/jelte-krijnsen
2026-02-18T11:30:47.591152Z,Ronde van Vlaanderen,ADDED,SEGAERT Alec,rider/alec-segaert
2026-02-18T11:30:47.591152Z,Dwars door Vlaanderen,ADDED,SEGAERT Alec,rider/alec-segaert
2026-02-18T11:30:47.591152Z,Omloop Nieuwsblad,ADDED,SEGAERT Alec,rider/alec-segaert
2026-02-18T11:30:47.591152Z,Parijs-Roubaix,ADDED,SEGAERT Alec,rider/alec-segaert
2026-02-18T11:30:47.591152Z,Samyn Classic,ADDED,DOCKX Gilles,rider/gilles-dockx
2026-02-18T11:30:47.591152Z,Omloop Nieuwsblad,ADDED,DE POOTER Dries,rider/dries-de-pooter
2026-02-18T11:30:47.591152Z,Samyn Classic,ADDED,BEHRENS Eike,rider/eike-behrens
2026-02-18T11:30:47.591152Z,In Flanders Fields,ADDED,TEUNISSEN Mike,rider/mike-teunissen
2026-02-18T11:30:47.591152Z,Parijs-Roubaix,ADDED,TEUNISSEN Mike,rider/mike-teunissen
2026-02-18T11:30:47.591152Z,Omloop Nieuwsblad,ADDED,TEUNISSEN Mike,rider/mike-teunissen
2026-02-18T11:30:47.591152Z,E3 Saxo Classic,ADDED,TEUNISSEN Mike,rider/mike-teunissen
2026-02-18T11:30:47.591152Z,Ronde van Vlaanderen,ADDED,TEUNISSEN Mike,rider/mike-teunissen
2026-02-18T11:30:47.591152Z,Dwars door Vlaanderen,ADDED,TEUNISSEN Mike,rider/mike-teunissen
2026-02-18T11:30:47.591152Z,Milaan-Sanremo,ADDED,TEUNISSEN Mike,rider/mike-teunissen
2026-02-18T11:30:47.591152Z,Samyn Classic,ADDED,VELING Quinten,rider/quinten-veling
2026-02-18T11:30:47.591152Z,Kuurne-Brussel-Kuurne,ADDED,NAESEN Oliver,rider/oliver-naesen
2026-02-18T11:30:47.591152Z,In Flanders Fields,ADDED,NAESEN Oliver,rider/oliver-naesen
2026-02-18T11:30:47.591152Z,Parijs-Roubaix,ADDED,NAESEN Oliver,rider/oliver-naesen
2026-02-18T11:30:47.591152Z,Omloop Nieuwsblad,ADDED,NAESEN Oliver,rider/oliver-naesen
2026-02-18T11:30:47.591152Z,E3 Saxo Classic,ADDED,NAESEN Oliver,rider/oliver-naesen
2026-02-18T11:30:47.591152Z,Ronde van Vlaanderen,ADDED,NAESEN Oliver,rider/oliver-naesen
2026-02-18T11:30:47.591152Z,Dwars door Vlaanderen,ADDED,NAESEN Oliver,rider/oliver-naesen
2026-02-18T11:30:47.591152Z,Omloop Nieuwsblad,ADDED,CHAMBERLAIN Oscar,rider/oscar-chamberlain
2026-02-18T11:30:47.591152Z,Omloop Nieuwsblad,ADDED,ALLENO Clément,rider/clement-alleno
2026-02-18T11:30:47.591152Z,Waalse Pijl,ADDED,UIJTDEBROEKS Cian,rider/cian-uijtdebroeks
2026-02-18T11:30:47.591152Z,Luik-Bastenaken-Luik,ADDED,UIJTDEBROEKS Cian,rider/cian-uijtdebroeks
2026-02-18T11:30:47.591152Z,Omloop Nieuwsblad,ADDED,HONORÉ Mikkel Frølich,rider/mikkel-honore
2026-02-18T11:30:47.591152Z,Luik-Bastenaken-Luik,ADDED,HONORÉ Mikkel Frølich,rider/mikkel-honore
2026-02-18T11:30:47.591152Z,Ronde van Vlaanderen,ADDED,HONORÉ Mikkel Frølich,rider/mikkel-honore
2026-02-18T11:30:47.591152Z,Strade Bianche,ADDED,HONORÉ Mikkel Frølich,rider/mikkel-honore
2026-02-18T11:30:47.591152Z,Milaan-Sanremo,ADDED,HONORÉ Mikkel Frølich,rider/mikkel-honore
2026-02-18T11:30:47.591152Z,Samyn Classic,ADDED,FELDMANN Karsten Larsen,rider/karsten-larsen-feldmann
2026-02-18T11:30:47.591152Z,Omloop Nieuwsblad,ADDED,FELDMANN Karsten Larsen,rider/karsten-larsen-feldmann
2026-02-18T11:30:47.591152Z,Samyn Classic,ADDED,KERCKHAERT Jochem,rider/jochem-kerckhaert
2026-02-18T11:30:47.591152Z,Omloop Nieuwsblad,ADDED,PLANCKAERT Edward,rider/edward-planckaert
2026-02-18T11:30:47.591152Z,Samyn Classic,ADDED,MAAS Marijn,rider/marijn-maas
2026-02-18T11:30:47.591152Z,Omloop Nieuwsblad,ADDED,GATE Aaron,rider/aaron-gate
2026-02-18T11:30:47.591152Z,Parijs-Roubaix,ADDED,POWLESS Neilson,rider/neilson-powless
2026-02-18T11:30:47.591152Z,Luik-Bastenaken-Luik,ADDED,POWLESS Neilson,rider/neilson-powless
2026-02-18T11:30:47.591152Z,Amstel Gold Race,ADDED,POWLESS Neilson,rider/neilson-powless
2026-02-18T11:30:47.591152Z,Ronde van Vlaanderen,ADDED,POWLESS Neilson,rider/neilson-powless
2026-02-18T11:30:47.591152Z,Strade Bianche,ADDED,POWLESS Neilson,rider/neilson-powless
2026-02-18T11:30:47.591152Z,Waalse Pijl,ADDED,POWLESS Neilson,rider/neilson-powless
2026-02-18T11:30:47.591152Z,E3 Saxo Classic,ADDED,POWLESS Neilson,rider/neilson-powless
2026-02-18T11:30:47.591152Z,Dwars door Vlaanderen,ADDED,POWLESS Neilson,rider/neilson-powless
2026-02-18T11:30:47.591152Z,Milaan-Sanremo,ADDED,POWLESS Neilson,rider/neilson-powless
2026-02-18T11:30:47.591152Z,Ronde van Vlaanderen,ADDED,SHEEHAN Riley,rider/riley-sheehan
2026-02-18T11:30:47.591152Z,Omloop Nieuwsblad,ADDED,SHEEHAN Riley,rider/riley-sheehan
2026-02-18T11:30:47.591152Z,Milaan-Sanremo,ADDED,ROMEO Iván,rider/ivan-romeo
2026-02-18T11:30:47.591152Z,Kuurne-Brussel-Kuurne,ADDED,ZINGLE Axel,rider/axel-zingle
2026-02-18T11:30:47.591152Z,Omloop Nieuwsblad,ADDED,ZINGLE Axel,rider/axel-zingle
2026-02-18T11:30:47.591152Z,Amstel Gold Race,ADDED,ZINGLE Axel,rider/axel-zingle
2026-02-18T11:30:47.591152Z,E3 Saxo Classic,ADDED,ZINGLE Axel,rider/axel-zingle
2026-02-18T11:30:47.591152Z,Ronde van Vlaanderen,ADDED,ZINGLE Axel,rider/axel-zingle
2026-02-18T11:30:47.591152Z,Dwars door Vlaanderen,ADDED,ZINGLE Axel,rider/axel-zingle
2026-02-18T11:30:47.591152Z,Parijs-Roubaix,ADDED,GANNA Filippo,rider/filippo-ganna
2026-02-18T11:30:47.591152Z,Milaan-Sanremo,ADDED,GANNA Filippo,rider/filippo-ganna
2026-02-18T11:30:47.591152Z,Omloop Nieuwsblad,ADDED,MACIEJUK Filip,rider/filip-maciejuk
2026-02-18T11:30:47.591152Z,Samyn Classic,ADDED,VERBRUGGHE Jens,rider/jens-verbrugghe
2026-02-18T11:30:47.591152Z,Kuurne-Brussel-Kuurne,ADDED,VAN POPPEL Danny,rider/danny-van-poppel
2026-02-18T11:30:47.591152Z,In Flanders Fields,ADDED,VAN POPPEL Danny,rider/danny-van-poppel
2026-02-18T11:30:47.591152Z,Omloop Nieuwsblad,ADDED,VAN POPPEL Danny,rider/danny-van-poppel
2026-02-18T11:30:47.591152Z,Amstel Gold Race,ADDED,VAN POPPEL Danny,rider/danny-van-poppel
2026-02-18T11:30:47.591152Z,Milaan-Sanremo,ADDED,VAN POPPEL Danny,rider/danny-van-poppel
2026-02-18T11:30:47.591152Z,Omloop Nieuwsblad,ADDED,MORO Manlio,rider/manlio-moro
2026-02-18T11:30:47.591152Z,Parijs-Roubaix,ADDED,MOHORIČ Matej,rider/matej-mohoric
2026-02-18T11:30:47.591152Z,Ronde van Vlaanderen,ADDED,MOHORIČ Matej,rider/matej-mohoric
2026-02-18T11:30:47.591152Z,Strade Bianche,ADDED,MOHORIČ Matej,rider/matej-mohoric
2026-02-18T11:30:47.591152Z,Kuurne-Brussel-Kuurne,ADDED,MOHORIČ Matej,rider/matej-mohoric
2026-02-18T11:30:47.591152Z,In Flanders Fields,ADDED,MOHORIČ Matej,rider/matej-mohoric
2026-02-18T11:30:47.591152Z,Omloop Nieuwsblad,ADDED,MOHORIČ Matej,rider/matej-mohoric
2026-02-18T11:30:47.591152Z,E3 Saxo Classic,ADDED,MOHORIČ Matej,rider/matej-mohoric
2026-02-18T11:30:47.591152Z,Dwars door Vlaanderen,ADDED,MOHORIČ Matej,rider/matej-mohoric
2026-02-18T11:30:47.591152Z,Milaan-Sanremo,ADDED,MOHORIČ Matej,rider/matej-mohoric
2026-02-18T11:30:47.591152Z,Omloop Nieuwsblad,ADDED,HOELGAARD Markus,rider/markus-hoelgaard
2026-02-18T11:30:47.591152Z,Ronde van Vlaanderen,ADDED,BETTIOL Alberto,rider/alberto-bettiol
2026-02-18T11:30:47.591152Z,Omloop Nieuwsblad,ADDED,BETTIOL Alberto,rider/alberto-bettiol
2026-02-18T11:30:47.591152Z,Milaan-Sanremo,ADDED,BETTIOL Alberto,rider/alberto-bettiol
2026-02-18T11:30:47.591152Z,Samyn Classic,ADDED,TENDON Arnaud,rider/arnaud-tendon
2026-02-18T11:30:47.591152Z,Samyn Classic,ADDED,MCDONALD Brody,rider/brody-mcdonald
2026-02-18T11:30:47.591152Z,Samyn Classic,ADDED,BÉNÉTEAU Lucas,rider/lucas-beneteau
2026-02-18T11:30:47.591152Z,Samyn Classic,ADDED,GEORGE Alfred,rider/alfred-george
2026-02-18T11:30:47.591152Z,Samyn Classic,ADDED,DUPONT Timothy,rider/timothy-dupont
2026-02-18T11:30:47.591152Z,Waalse Pijl,ADDED,MARTÍNEZ Daniel Felipe,rider/daniel-felipe-martinez
2026-02-18T11:30:47.591152Z,Luik-Bastenaken-Luik,ADDED,MARTÍNEZ Daniel Felipe,rider/daniel-felipe-martinez
2026-02-18T11:30:47.591152Z,Samyn Classic,ADDED,VERLEYSEN Thor,rider/thor-verleysen
2026-02-18T11:30:47.591152Z,Omloop Nieuwsblad,ADDED,BARRENETXEA Jon,rider/jon-barrenetxea-golzarri
2026-02-18T11:30:47.591152Z,Strade Bianche,ADDED,MARCELLUSI Martin,rider/martin-marcellusi
2026-02-18T11:30:47.591152Z,Samyn Classic,ADDED,WROBEL Jesko,rider/jesko-wrobel
2026-02-18T11:30:47.591152Z,Samyn Classic,ADDED,RENARD-HAQUIN Henri-François,rider/henri-francois-renard-haquin
2026-02-18T11:30:47.591152Z,Omloop Nieuwsblad,ADDED,RENARD-HAQUIN Henri-François,rider/henri-francois-renard-haquin
2026-02-18T11:30:47.591152Z,Dwars door Vlaanderen,ADDED,VAN MOER Brent,rider/brent-van-moer
2026-02-18T11:30:47.591152Z,Omloop Nieuwsblad,ADDED,VAN MOER Brent,rider/brent-van-moer
2026-02-18T11:30:47.591152Z,Waalse Pijl,ADDED,ALAPHILIPPE Julian,rider/julian-alaphilippe
2026-02-18T11:30:47.591152Z,Amstel Gold Race,ADDED,ALAPHILIPPE Julian,rider/julian-alaphilippe
2026-02-18T11:30:47.591152Z,Luik-Bastenaken-Luik,ADDED,ALAPHILIPPE Julian,rider/julian-alaphilippe
2026-02-18T11:30:47.591152Z,Strade Bianche,ADDED,ALAPHILIPPE Julian,rider/julian-alaphilippe
2026-02-18T11:30:47.591152Z,Milaan-Sanremo,ADDED,ALAPHILIPPE Julian,rider/julian-alaphilippe
2026-02-18T11:30:47.591152Z,Kuurne-Brussel-Kuurne,ADDED,GIRMAY Biniam,rider/biniam-girmay
2026-02-18T11:30:47.591152Z,Dwars door Vlaanderen,ADDED,GIRMAY Biniam,rider/biniam-girmay
2026-02-18T11:30:47.591152Z,Omloop Nieuwsblad,ADDED,GIRMAY Biniam,rider/biniam-girmay
2026-02-18T11:30:47.591152Z,Waalse Pijl,ADDED,DELETTRE Alexandre,rider/alexandre-delettre
2026-02-18T11:30:47.591152Z,Luik-Bastenaken-Luik,ADDED,DELETTRE Alexandre,rider/alexandre-delettre
2026-02-18T11:30:47.591152Z,Omloop Nieuwsblad,ADDED,GACHIGNARD Thomas,rider/thomas-gachignard
2026-02-18T11:30:47.591152Z,Amstel Gold Race,ADDED,BARGUIL Warren,rider/warren-barguil
2026-02-18T11:30:47.591152Z,Waalse Pijl,ADDED,BARGUIL Warren,rider/warren-barguil
2026-02-18T11:30:47.591152Z,Strade Bianche,ADDED,BARGUIL Warren,rider/warren-barguil
2026-02-18T11:30:47.591152Z,Luik-Bastenaken-Luik,ADDED,BARGUIL Warren,rider/warren-barguil
2026-02-18T11:30:47.591152Z,Samyn Classic,ADDED,HAGENES Per Strand,rider/per-strand-hagenes
2026-02-18T11:30:47.591152Z,Omloop Nieuwsblad,ADDED,HAGENES Per Strand,rider/per-strand-hagenes
2026-02-18T11:30:47.591152Z,Kuurne-Brussel-Kuurne,ADDED,ASGREEN Kasper,rider/kasper-asgreen
2026-02-18T11:30:47.591152Z,Parijs-Roubaix,ADDED,ASGREEN Kasper,rider/kasper-asgreen
2026-02-18T11:30:47.591152Z,Omloop Nieuwsblad,ADDED,ASGREEN Kasper,rider/kasper-asgreen
2026-02-18T11:30:47.591152Z,E3 Saxo Classic,ADDED,ASGREEN Kasper,rider/kasper-asgreen
2026-02-18T11:30:47.591152Z,Milaan-Sanremo,ADDED,ASGREEN Kasper,rider/kasper-asgreen
2026-02-18T11:30:47.591152Z,Omloop Nieuwsblad,ADDED,KWIATKOWSKI Michał,rider/michal-kwiatkowski
2026-02-18T11:30:47.591152Z,Samyn Classic,ADDED,CARDIS Romain,rider/romain-cardis
2026-02-18T11:30:47.591152Z,Omloop Nieuwsblad,ADDED,MOZZATO Luca,rider/luca-mozzato
2026-02-18T11:30:47.591152Z,Kuurne-Brussel-Kuurne,ADDED,KANTER Max,rider/max-kanter
2026-02-18T11:30:47.591152Z,Omloop Nieuwsblad,ADDED,DEWEIRDT Siebe,rider/siebe-deweirdt
2026-02-18T11:30:47.591152Z,Nokere Koerse,ADDED,TEUTENBERG Tim Torn,rider/tim-torn-teutenberg
2026-02-18T11:30:47.591152Z,Bredene Koksijde Classic,ADDED,TEUTENBERG Tim Torn,rider/tim-torn-teutenberg
2026-02-18T11:30:47.591152Z,Omloop Nieuwsblad,ADDED,TEUTENBERG Tim Torn,rider/tim-torn-teutenberg
2026-02-18T11:30:47.591152Z,In Flanders Fields,ADDED,KIELICH Timo,rider/timo-kielich
2026-02-18T11:30:47.591152Z,Parijs-Roubaix,ADDED,KIELICH Timo,rider/timo-kielich
2026-02-18T11:30:47.591152Z,Omloop Nieuwsblad,ADDED,KIELICH Timo,rider/timo-kielich
2026-02-18T11:30:47.591152Z,E3 Saxo Classic,ADDED,KIELICH Timo,rider/timo-kielich
2026-02-18T11:30:47.591152Z,Ronde van Vlaanderen,ADDED,KIELICH Timo,rider/timo-kielich
2026-02-18T11:30:47.591152Z,Strade Bianche,ADDED,KIELICH Timo,rider/timo-kielich
2026-02-18T11:30:47.591152Z,Milaan-Sanremo,ADDED,KIELICH Timo,rider/timo-kielich
2026-02-18T11:30:47.591152Z,Samyn Classic,ADDED,VAN BELLE Loe,rider/loe-van-belle
2026-02-18T11:30:47.591152Z,Amstel Gold Race,ADDED,PARET-PEINTRE Aurélien,rider/aurelien-paret-peintre
2026-02-18T11:30:47.591152Z,Waalse Pijl,ADDED,PARET-PEINTRE Aurélien,rider/aurelien-paret-peintre
2026-02-18T11:30:47.591152Z,Milaan-Sanremo,ADDED,PARET-PEINTRE Aurélien,rider/aurelien-paret-peintre
2026-02-18T11:30:47.591152Z,Luik-Bastenaken-Luik,ADDED,PARET-PEINTRE Aurélien,rider/aurelien-paret-peintre
2026-02-18T11:30:47.591152Z,Luik-Bastenaken-Luik,ADDED,ROLLAND Brieuc,rider/brieuc-rolland
2026-02-18T11:30:47.591152Z,Samyn Classic,ADDED,WATTS Kiaan,rider/kiaan-watts
2026-02-18T11:30:47.591152Z,Kuurne-Brussel-Kuurne,ADDED,MATTIO Pietro,rider/pietro-mattio
2026-02-18T11:30:47.591152Z,Samyn Classic,ADDED,MATTIO Pietro,rider/pietro-mattio
2026-02-18T11:30:47.591152Z,Samyn Classic,ADDED,CROCKETT Finn,rider/finn-crockett
2026-02-18T11:30:47.591152Z,Omloop Nieuwsblad,ADDED,TURNER Ben,rider/ben-turner
2026-02-18T11:30:47.591152Z,Amstel Gold Race,ADDED,ULISSI Diego,rider/diego-ulissi
2026-02-18T11:30:47.591152Z,Waalse Pijl,ADDED,ULISSI Diego,rider/diego-ulissi
2026-02-18T11:30:47.591152Z,Luik-Bastenaken-Luik,ADDED,ULISSI Diego,rider/diego-ulissi
2026-02-18T11:30:47.591152Z,Omloop Nieuwsblad,ADDED,CANAL Carlos,rider/carlos-canal
2026-02-18T11:30:47.591152Z,Omloop Nieuwsblad,ADDED,BAYER Tobias,rider/tobias-bayer
2026-02-18T11:30:47.591152Z,Kuurne-Brussel-Kuurne,ADDED,FRETIN Milan,rider/milan-fretin
2026-02-18T11:30:47.591152Z,Bredene Koksijde Classic,ADDED,FRETIN Milan,rider/milan-fretin
2026-02-18T11:30:47.591152Z,In Flanders Fields,ADDED,FRETIN Milan,rider/milan-fretin
2026-02-18T11:30:47.591152Z,Ronde van Limburg,ADDED,FRETIN Milan,rider/milan-fretin
2026-02-18T11:30:47.591152Z,Ronde van Brugge,ADDED,FRETIN Milan,rider/milan-fretin
2026-02-18T11:30:47.591152Z,Scheldeprijs,ADDED,FRETIN Milan,rider/milan-fretin
2026-02-18T11:30:47.591152Z,Omloop Nieuwsblad,ADDED,GEENS Jonas,rider/jonas-geens
2026-02-18T11:30:47.591152Z,Samyn Classic,ADDED,DESMARETS Julien,rider/julien-desmarets
2026-02-18T11:30:47.591152Z,Omloop Nieuwsblad,ADDED,WRIGHT Fred,rider/alfred-wright
2026-02-18T11:30:47.591152Z,Amstel Gold Race,ADDED,SCARONI Christian,rider/christian-scaroni
2026-02-18T11:30:47.591152Z,Waalse Pijl,ADDED,SCARONI Christian,rider/christian-scaroni
2026-02-18T11:30:47.591152Z,Luik-Bastenaken-Luik,ADDED,SCARONI Christian,rider/christian-scaroni
2026-02-18T11:30:47.591152Z,Kuurne-Brussel-Kuurne,ADDED,WITHEN PHILIPSEN Albert,rider/albert-withen-philipsen
2026-02-18T11:30:47.591152Z,Waalse Pijl,ADDED,HERMANS Quinten,rider/quinten-hermans
2026-02-18T11:30:47.591152Z,Amstel Gold Race,ADDED,HERMANS Quinten,rider/quinten-hermans
2026-02-18T11:30:47.591152Z,Luik-Bastenaken-Luik,ADDED,HERMANS Quinten,rider/quinten-hermans
2026-02-18T11:30:47.591152Z,Strade Bianche,ADDED,HERMANS Quinten,rider/quinten-hermans
2026-02-18T11:30:47.591152Z,Milaan-Sanremo,ADDED,HERMANS Quinten,rider/quinten-hermans
2026-02-18T11:30:47.591152Z,Brabantse Pijl,ADDED,HERMANS Quinten,rider/quinten-hermans
2026-02-18T11:30:47.591152Z,Samyn Classic,ADDED,JEAN Victor,rider/victor-jean
2026-02-18T11:30:47.591152Z,Amstel Gold Race,ADDED,COSTIOU Ewen,rider/ewen-costiou
2026-02-18T11:30:47.591152Z,Waalse Pijl,ADDED,COSTIOU Ewen,rider/ewen-costiou
2026-02-18T11:30:47.591152Z,Luik-Bastenaken-Luik,ADDED,COSTIOU Ewen,rider/ewen-costiou
2026-02-18T11:30:47.591152Z,Kuurne-Brussel-Kuurne,ADDED,GROENEWEGEN Dylan,rider/dylan-groenewegen
2026-02-18T11:30:47.591152Z,Bredene Koksijde Classic,ADDED,GROENEWEGEN Dylan,rider/dylan-groenewegen
2026-02-18T11:30:47.591152Z,Ronde van Limburg,ADDED,GROENEWEGEN Dylan,rider/dylan-groenewegen
2026-02-18T11:30:47.591152Z,Samyn Classic,ADDED,GROENEWEGEN Dylan,rider/dylan-groenewegen
2026-02-18T11:30:47.591152Z,Scheldeprijs,ADDED,GROENEWEGEN Dylan,rider/dylan-groenewegen
2026-02-18T11:30:47.591152Z,Samyn Classic,ADDED,SANTY Arne,rider/arne-santy
2026-02-18T11:30:47.591152Z,Omloop Nieuwsblad,ADDED,AULAR Orluis,rider/orluis-aular
2026-02-18T11:30:47.591152Z,Waalse Pijl,ADDED,LABROSSE Jordan,rider/jordan-labrosse
2026-02-18T11:30:47.591152Z,Amstel Gold Race,ADDED,LABROSSE Jordan,rider/jordan-labrosse
2026-02-18T11:30:47.591152Z,Luik-Bastenaken-Luik,ADDED,LABROSSE Jordan,rider/jordan-labrosse
2026-02-18T11:30:47.591152Z,Strade Bianche,ADDED,LABROSSE Jordan,rider/jordan-labrosse
2026-02-18T11:30:47.591152Z,Milaan-Sanremo,ADDED,LABROSSE Jordan,rider/jordan-labrosse
2026-02-18T11:30:47.591152Z,Parijs-Roubaix,ADDED,LAPORTE Christophe,rider/christophe-laporte
2026-02-18T11:30:47.591152Z,Dwars door Vlaanderen,ADDED,LAPORTE Christophe,rider/christophe-laporte
2026-02-18T11:30:47.591152Z,Ronde van Vlaanderen,ADDED,LAPORTE Christophe,rider/christophe-laporte
2026-02-18T11:30:47.591152Z,Kuurne-Brussel-Kuurne,ADDED,LAPORTE Christophe,rider/christophe-laporte
2026-02-18T11:30:47.591152Z,In Flanders Fields,ADDED,LAPORTE Christophe,rider/christophe-laporte
2026-02-18T11:30:47.591152Z,Omloop Nieuwsblad,ADDED,LAPORTE Christophe,rider/christophe-laporte
2026-02-18T11:30:47.591152Z,E3 Saxo Classic,ADDED,LAPORTE Christophe,rider/christophe-laporte
2026-02-18T11:30:47.591152Z,Samyn Classic,ADDED,LAPORTE Christophe,rider/christophe-laporte
2026-02-18T11:30:47.591152Z,Milaan-Sanremo,ADDED,LAPORTE Christophe,rider/christophe-laporte
2026-02-18T11:30:47.591152Z,Samyn Classic,ADDED,VERMOOTE Jelle,rider/jelle-vermoote
2026-02-18T11:30:47.591152Z,Omloop Nieuwsblad,ADDED,CAPIOT Amaury,rider/amaury-capiot
2026-02-18T11:30:47.591152Z,Samyn Classic,ADDED,DRIZNERS Jarrad,rider/jarrad-drizners
2026-02-18T11:30:47.591152Z,Omloop Nieuwsblad,ADDED,DRIZNERS Jarrad,rider/jarrad-drizners
2026-02-18T11:30:47.591152Z,Samyn Classic,ADDED,ALLEGAERT Piet,rider/piet-allegaert
2026-02-18T11:30:47.591152Z,Omloop Nieuwsblad,ADDED,ALLEGAERT Piet,rider/piet-allegaert
2026-02-18T11:30:47.591152Z,In Flanders Fields,ADDED,MERLIER Tim,rider/tim-merlier
2026-02-18T11:30:47.591152Z,Parijs-Roubaix,ADDED,MERLIER Tim,rider/tim-merlier
2026-02-18T11:30:47.591152Z,Ronde van Brugge,ADDED,MERLIER Tim,rider/tim-merlier
2026-02-18T11:30:47.591152Z,Scheldeprijs,ADDED,MERLIER Tim,rider/tim-merlier
2026-02-18T11:30:47.591152Z,Kuurne-Brussel-Kuurne,ADDED,GRIGNARD Sébastien,rider/sebastien-grignard
2026-02-18T11:30:47.591152Z,Omloop Nieuwsblad,ADDED,GRIGNARD Sébastien,rider/sebastien-grignard
2026-02-18T11:30:47.591152Z,Parijs-Roubaix,ADDED,DEGENKOLB John,rider/john-degenkolb
2026-02-18T11:30:47.591152Z,Omloop Nieuwsblad,ADDED,DEGENKOLB John,rider/john-degenkolb
2026-02-18T11:30:47.591152Z,Kuurne-Brussel-Kuurne,ADDED,LIVYNS Arjen,rider/arjen-livyns
2026-02-18T11:30:47.591152Z,In Flanders Fields,ADDED,LIVYNS Arjen,rider/arjen-livyns
2026-02-18T11:30:47.591152Z,Omloop Nieuwsblad,ADDED,LIVYNS Arjen,rider/arjen-livyns
2026-02-18T11:30:47.591152Z,Dwars door Vlaanderen,ADDED,LIVYNS Arjen,rider/arjen-livyns
2026-02-18T11:30:47.591152Z,Nokere Koerse,ADDED,LIVYNS Arjen,rider/arjen-livyns
2026-02-18T11:30:47.591152Z,E3 Saxo Classic,ADDED,LIVYNS Arjen,rider/arjen-livyns
2026-02-18T11:30:47.591152Z,Strade Bianche,ADDED,LIVYNS Arjen,rider/arjen-livyns
2026-02-18T11:30:47.591152Z,Samyn Classic,ADDED,UPTEGROVE Ed,rider/ed-uptegrove
2026-02-18T11:30:47.591152Z,Samyn Classic,ADDED,VAN NIEKERK Morné,rider/morne-van-niekerk
2026-02-18T11:30:47.591152Z,Waalse Pijl,ADDED,SEIXAS Paul,rider/paul-seixas
2026-02-18T11:30:47.591152Z,Strade Bianche,ADDED,SEIXAS Paul,rider/paul-seixas
2026-02-18T11:30:47.591152Z,Luik-Bastenaken-Luik,ADDED,SEIXAS Paul,rider/paul-seixas
2026-02-18T11:30:47.591152Z,Kuurne-Brussel-Kuurne,ADDED,BISSEGGER Stefan,rider/stefan-bissegger
2026-02-18T11:30:47.591152Z,In Flanders Fields,ADDED,BISSEGGER Stefan,rider/stefan-bissegger
2026-02-18T11:30:47.591152Z,Parijs-Roubaix,ADDED,BISSEGGER Stefan,rider/stefan-bissegger
2026-02-18T11:30:47.591152Z,Omloop Nieuwsblad,ADDED,BISSEGGER Stefan,rider/stefan-bissegger
2026-02-18T11:30:47.591152Z,E3 Saxo Classic,ADDED,BISSEGGER Stefan,rider/stefan-bissegger
2026-02-18T11:30:47.591152Z,Ronde van Vlaanderen,ADDED,BISSEGGER Stefan,rider/stefan-bissegger
2026-02-18T11:30:47.591152Z,Waalse Pijl,ADDED,SCHMID Mauro,rider/mauro-schmid
2026-02-18T11:30:47.591152Z,Amstel Gold Race,ADDED,SCHMID Mauro,rider/mauro-schmid
2026-02-18T11:30:47.591152Z,Luik-Bastenaken-Luik,ADDED,SCHMID Mauro,rider/mauro-schmid
2026-02-18T11:30:47.591152Z,Ronde van Vlaanderen,ADDED,SCHMID Mauro,rider/mauro-schmid
2026-02-18T11:30:47.591152Z,Milaan-Sanremo,ADDED,SCHMID Mauro,rider/mauro-schmid
2026-02-18T11:30:47.591152Z,Amstel Gold Race,ADDED,COSNEFROY Benoît,rider/benoit-cosnefroy
2026-02-18T11:30:47.591152Z,Waalse Pijl,ADDED,COSNEFROY Benoît,rider/benoit-cosnefroy
2026-02-18T11:30:47.591152Z,Brabantse Pijl,ADDED,COSNEFROY Benoît,rider/benoit-cosnefroy
2026-02-18T11:30:47.591152Z,Luik-Bastenaken-Luik,ADDED,COSNEFROY Benoît,rider/benoit-cosnefroy
2026-02-18T11:30:47.591152Z,Samyn Classic,ADDED,LAURYSSEN Yorben,rider/yorben-lauryssen
2026-02-18T11:30:47.591152Z,Nokere Koerse,ADDED,BARONCINI Filippo,rider/filippo-baroncini
2026-02-18T11:30:47.591152Z,Kuurne-Brussel-Kuurne,ADDED,HOOLE Daan,rider/daan-hoole
2026-02-18T11:30:47.591152Z,In Flanders Fields,ADDED,HOOLE Daan,rider/daan-hoole
2026-02-18T11:30:47.591152Z,Parijs-Roubaix,ADDED,HOOLE Daan,rider/daan-hoole
2026-02-18T11:30:47.591152Z,Ronde van Brugge,ADDED,HOOLE Daan,rider/daan-hoole
2026-02-18T11:30:47.591152Z,Ronde van Vlaanderen,ADDED,HOOLE Daan,rider/daan-hoole
2026-02-18T11:30:47.591152Z,Dwars door Vlaanderen,ADDED,HOOLE Daan,rider/daan-hoole
2026-02-18T11:30:47.591152Z,Samyn Classic,ADDED,DUJARDIN Sandy,rider/sandy-dujardin
2026-02-18T11:30:47.591152Z,Omloop Nieuwsblad,ADDED,DUJARDIN Sandy,rider/sandy-dujardin
2026-02-18T11:30:47.591152Z,Samyn Classic,ADDED,MELOTTE Matteo,rider/matteo-melotte
2026-02-18T11:30:47.591152Z,Samyn Classic,ADDED,BLOEM Joren,rider/joren-bloem2
2026-02-18T11:30:47.591152Z,Omloop Nieuwsblad,ADDED,BLOEM Joren,rider/joren-bloem2
2026-02-18T11:30:47.591152Z,Samyn Classic,ADDED,VAN ASBROECK Tom,rider/tom-van-asbroeck
2026-02-18T11:30:47.591152Z,Omloop Nieuwsblad,ADDED,VAN ASBROECK Tom,rider/tom-van-asbroeck
2026-02-18T11:30:47.591152Z,Kuurne-Brussel-Kuurne,ADDED,THEUNS Edward,rider/edward-theuns
2026-02-18T11:30:47.591152Z,Omloop Nieuwsblad,ADDED,THEUNS Edward,rider/edward-theuns
2026-02-18T11:30:47.591152Z,In Flanders Fields,ADDED,KOLZE CHANGIZI Sebastian,rider/sebastian-kolze-changizi
2026-02-18T11:30:47.591152Z,Dwars door Vlaanderen,ADDED,KOLZE CHANGIZI Sebastian,rider/sebastian-kolze-changizi
2026-02-18T11:30:47.591152Z,Ronde van Brugge,ADDED,KOLZE CHANGIZI Sebastian,rider/sebastian-kolze-changizi
2026-02-18T11:30:47.591152Z,Strade Bianche,ADDED,GUALDI Simone,rider/simone-gualdi
2026-02-18T11:30:47.591152Z,In Flanders Fields,ADDED,TRONCHON Bastien,rider/bastien-tronchon
2026-02-18T11:30:47.591152Z,Parijs-Roubaix,ADDED,TRONCHON Bastien,rider/bastien-tronchon
2026-02-18T11:30:47.591152Z,Omloop Nieuwsblad,ADDED,TRONCHON Bastien,rider/bastien-tronchon
2026-02-18T11:30:47.591152Z,Dwars door Vlaanderen,ADDED,TRONCHON Bastien,rider/bastien-tronchon
2026-02-18T11:30:47.591152Z,E3 Saxo Classic,ADDED,TRONCHON Bastien,rider/bastien-tronchon
2026-02-18T11:30:47.591152Z,Ronde van Vlaanderen,ADDED,TRONCHON Bastien,rider/bastien-tronchon
2026-02-18T11:30:47.591152Z,Strade Bianche,ADDED,TRONCHON Bastien,rider/bastien-tronchon
2026-02-18T11:30:47.591152Z,Omloop Nieuwsblad,ADDED,ZUKOWSKY Nickolas,rider/nickolas-zukowsky
2026-02-18T11:30:47.591152Z,Samyn Classic,ADDED,KOPECKÝ Tomáš,rider/tomas-kopecky
2026-02-18T11:30:47.591152Z,Omloop Nieuwsblad,ADDED,KOPECKÝ Tomáš,rider/tomas-kopecky
2026-02-18T11:30:47.591152Z,Omloop Nieuwsblad,ADDED,MARIS Elias,rider/elias-maris
2026-02-18T11:30:47.591152Z,Parijs-Roubaix,ADDED,VERMEERSCH Gianni,rider/gianni-vermeersch
2026-02-18T11:30:47.591152Z,Dwars door Vlaanderen,ADDED,VERMEERSCH Gianni,rider/gianni-vermeersch
2026-02-18T11:30:47.591152Z,Ronde van Vlaanderen,ADDED,VERMEERSCH Gianni,rider/gianni-vermeersch
2026-02-18T11:30:47.591152Z,Strade Bianche,ADDED,VERMEERSCH Gianni,rider/gianni-vermeersch
2026-02-18T11:30:47.591152Z,Kuurne-Brussel-Kuurne,ADDED,VERMEERSCH Gianni,rider/gianni-vermeersch
2026-02-18T11:30:47.591152Z,In Flanders Fields,ADDED,VERMEERSCH Gianni,rider/gianni-vermeersch
2026-02-18T11:30:47.591152Z,Omloop Nieuwsblad,ADDED,VERMEERSCH Gianni,rider/gianni-vermeersch
2026-02-18T11:30:47.591152Z,Nokere Koerse,ADDED,VERMEERSCH Gianni,rider/gianni-vermeersch
2026-02-18T11:30:47.591152Z,E3 Saxo Classic,ADDED,VERMEERSCH Gianni,rider/gianni-vermeersch
2026-02-18T11:30:47.591152Z,Samyn Classic,ADDED,VERMEERSCH Gianni,rider/gianni-vermeersch
2026-02-18T11:30:47.591152Z,Samyn Classic,ADDED,CLAEYS Robbe,rider/robbe-claeys
2026-02-18T11:30:47.591152Z,Amstel Gold Race,ADDED,LAPEIRA Paul,rider/paul-lapeira
2026-02-18T11:30:47.591152Z,Waalse Pijl,ADDED,LAPEIRA Paul,rider/paul-lapeira
2026-02-18T11:30:47.591152Z,Strade Bianche,ADDED,LAPEIRA Paul,rider/paul-lapeira
2026-02-18T11:30:47.591152Z,Luik-Bastenaken-Luik,ADDED,LAPEIRA Paul,rider/paul-lapeira
2026-02-18T11:30:47.591152Z,Amstel Gold Race,ADDED,SCHULTZ Nick,rider/nick-schultz
2026-02-18T11:30:47.591152Z,Waalse Pijl,ADDED,SCHULTZ Nick,rider/nick-schultz
2026-02-18T11:30:47.591152Z,Luik-Bastenaken-Luik,ADDED,SCHULTZ Nick,rider/nick-schultz
2026-02-18T11:30:47.591152Z,Amstel Gold Race,ADDED,COVI Alessandro,rider/alessandro-covi
2026-02-18T11:30:47.591152Z,Waalse Pijl,ADDED,COVI Alessandro,rider/alessandro-covi
2026-02-18T11:30:47.591152Z,Strade Bianche,ADDED,COVI Alessandro,rider/alessandro-covi
2026-02-18T11:30:47.591152Z,Luik-Bastenaken-Luik,ADDED,COVI Alessandro,rider/alessandro-covi
2026-02-18T11:30:47.591152Z,Amstel Gold Race,ADDED,BILBAO Pello,rider/pello-bilbao
2026-02-18T11:30:47.591152Z,Waalse Pijl,ADDED,BILBAO Pello,rider/pello-bilbao
2026-02-18T11:30:47.591152Z,Strade Bianche,ADDED,BILBAO Pello,rider/pello-bilbao
2026-02-18T11:30:47.591152Z,Luik-Bastenaken-Luik,ADDED,BILBAO Pello,rider/pello-bilbao
2026-02-18T11:30:47.591152Z,Samyn Classic,ADDED,PICKRELL Riley,rider/riley-pickrell
2026-02-18T11:30:47.591152Z,Strade Bianche,ADDED,HATHERLY Alan,rider/alan-hatherly
2026-02-18T11:30:47.591152Z,Kuurne-Brussel-Kuurne,ADDED,DE LIE Arnaud,rider/arnaud-de-lie
2026-02-18T11:30:47.591152Z,In Flanders Fields,ADDED,DE LIE Arnaud,rider/arnaud-de-lie
2026-02-18T11:30:47.591152Z,Parijs-Roubaix,ADDED,DE LIE Arnaud,rider/arnaud-de-lie
2026-02-18T11:30:47.591152Z,Omloop Nieuwsblad,ADDED,DE LIE Arnaud,rider/arnaud-de-lie
2026-02-18T11:30:47.591152Z,Ronde van Brugge,ADDED,DE LIE Arnaud,rider/arnaud-de-lie
2026-02-18T11:30:47.591152Z,Ronde van Vlaanderen,ADDED,DE LIE Arnaud,rider/arnaud-de-lie
2026-02-18T11:30:47.591152Z,Dwars door Vlaanderen,ADDED,DE LIE Arnaud,rider/arnaud-de-lie
2026-02-18T11:30:47.591152Z,Milaan-Sanremo,ADDED,IZQUIERDO Clément,rider/clement-izquierdo
2026-02-18T11:30:47.591152Z,Samyn Classic,ADDED,JABLONSKI Ole,rider/ole-jablonski
2026-02-18T11:30:47.591152Z,Samyn Classic,ADDED,OLIVER Ben,rider/ben-oliver
2026-02-18T11:30:47.591152Z,Samyn Classic,ADDED,DELACROIX Théo,rider/theo-delacroix
2026-02-18T11:30:47.591152Z,Waalse Pijl,ADDED,JORGENSON Matteo,rider/matteo-jorgenson
2026-02-18T11:30:47.591152Z,Amstel Gold Race,ADDED,JORGENSON Matteo,rider/matteo-jorgenson
2026-02-18T11:30:47.591152Z,Luik-Bastenaken-Luik,ADDED,JORGENSON Matteo,rider/matteo-jorgenson
2026-02-18T11:30:47.591152Z,Strade Bianche,ADDED,JORGENSON Matteo,rider/matteo-jorgenson
2026-02-18T11:30:47.591152Z,Milaan-Sanremo,ADDED,JORGENSON Matteo,rider/matteo-jorgenson
2026-02-18T11:30:47.591152Z,Parijs-Roubaix,ADDED,VAN AERT Wout,rider/wout-van-aert
2026-02-18T11:30:47.591152Z,Omloop Nieuwsblad,ADDED,VAN AERT Wout,rider/wout-van-aert
2026-02-18T11:30:47.591152Z,Samyn Classic,ADDED,VAN AERT Wout,rider/wout-van-aert
2026-02-18T11:30:47.591152Z,Ronde van Vlaanderen,ADDED,VAN AERT Wout,rider/wout-van-aert
2026-02-18T11:30:47.591152Z,Strade Bianche,ADDED,VAN AERT Wout,rider/wout-van-aert
2026-02-18T11:30:47.591152Z,Milaan-Sanremo,ADDED,VAN AERT Wout,rider/wout-van-aert
2026-02-18T11:30:47.591152Z,Samyn Classic,ADDED,ROTTMANN Jonathan Malte,rider/jonathan-malte-rottmann
2026-02-18T11:30:47.591152Z,Amstel Gold Race,ADDED,LANGELLOTTI Victor,rider/victor-langellotti
2026-02-18T11:30:47.591152Z,Waalse Pijl,ADDED,LANGELLOTTI Victor,rider/victor-langellotti
2026-02-18T11:30:47.591152Z,Luik-Bastenaken-Luik,ADDED,LANGELLOTTI Victor,rider/victor-langellotti
2026-02-18T11:30:47.591152Z,Samyn Classic,ADDED,OOSTERLINCK Joes,rider/joes-oosterlinck
2026-02-18T11:30:47.591152Z,Omloop Nieuwsblad,ADDED,POLITT Nils,rider/nils-politt
2026-02-18T11:30:47.591152Z,Milaan-Sanremo,ADDED,THOMAS Benjamin,rider/benjamin-thomas-2
2026-02-18T11:30:47.591152Z,Kuurne-Brussel-Kuurne,ADDED,BRENNAN Matthew,rider/matthew-brennan
2026-02-18T11:30:47.591152Z,In Flanders Fields,ADDED,BRENNAN Matthew,rider/matthew-brennan
2026-02-18T11:30:47.591152Z,Parijs-Roubaix,ADDED,BRENNAN Matthew,rider/matthew-brennan
2026-02-18T11:30:47.591152Z,Omloop Nieuwsblad,ADDED,BRENNAN Matthew,rider/matthew-brennan
2026-02-18T11:30:47.591152Z,Ronde van Vlaanderen,ADDED,BRENNAN Matthew,rider/matthew-brennan
2026-02-18T11:30:47.591152Z,Dwars door Vlaanderen,ADDED,BRENNAN Matthew,rider/matthew-brennan
2026-02-18T11:30:47.591152Z,Milaan-Sanremo,ADDED,BRENNAN Matthew,rider/matthew-brennan
2026-02-18T11:30:47.591152Z,Amstel Gold Race,ADDED,ARANBURU Alex,rider/alex-aranburu
2026-02-18T11:30:47.591152Z,Waalse Pijl,ADDED,ARANBURU Alex,rider/alex-aranburu
2026-02-18T11:30:47.591152Z,Milaan-Sanremo,ADDED,ARANBURU Alex,rider/alex-aranburu
2026-02-18T11:30:47.591152Z,Parijs-Roubaix,ADDED,KÜNG Stefan,rider/stefan-kung
2026-02-18T11:30:47.591152Z,Omloop Nieuwsblad,ADDED,KÜNG Stefan,rider/stefan-kung
2026-02-18T11:30:47.591152Z,E3 Saxo Classic,ADDED,KÜNG Stefan,rider/stefan-kung
2026-02-18T11:30:47.591152Z,Ronde van Vlaanderen,ADDED,KÜNG Stefan,rider/stefan-kung
2026-02-18T11:30:47.591152Z,Dwars door Vlaanderen,ADDED,KÜNG Stefan,rider/stefan-kung
2026-02-18T11:30:47.591152Z,Omloop Nieuwsblad,ADDED,FAGÚNDEZ Eric Antonio,rider/eric-antonio-fagundez
2026-02-18T11:30:47.591152Z,Luik-Bastenaken-Luik,ADDED,BENOOT Tiesj,rider/tiesj-benoot
2026-02-18T11:30:47.591152Z,Amstel Gold Race,ADDED,BENOOT Tiesj,rider/tiesj-benoot
2026-02-18T11:30:47.591152Z,Ronde van Vlaanderen,ADDED,BENOOT Tiesj,rider/tiesj-benoot
2026-02-18T11:30:47.591152Z,Kuurne-Brussel-Kuurne,ADDED,BENOOT Tiesj,rider/tiesj-benoot
2026-02-18T11:30:47.591152Z,In Flanders Fields,ADDED,BENOOT Tiesj,rider/tiesj-benoot
2026-02-18T11:30:47.591152Z,Waalse Pijl,ADDED,BENOOT Tiesj,rider/tiesj-benoot
2026-02-18T11:30:47.591152Z,Omloop Nieuwsblad,ADDED,BENOOT Tiesj,rider/tiesj-benoot
2026-02-18T11:30:47.591152Z,E3 Saxo Classic,ADDED,BENOOT Tiesj,rider/tiesj-benoot
2026-02-18T11:30:47.591152Z,Dwars door Vlaanderen,ADDED,BENOOT Tiesj,rider/tiesj-benoot
2026-02-18T11:30:47.591152Z,Samyn Classic,ADDED,OTTEMA Rick,rider/rick-ottema
2026-02-18T11:30:47.591152Z,Samyn Classic,ADDED,THÉOT Killian,rider/killian-theot
2026-02-18T11:30:47.591152Z,Amstel Gold Race,ADDED,VAN GILS Maxim,rider/maxim-van-gils
2026-02-18T11:30:47.591152Z,Waalse Pijl,ADDED,VAN GILS Maxim,rider/maxim-van-gils
2026-02-18T11:30:47.591152Z,Luik-Bastenaken-Luik,ADDED,VAN GILS Maxim,rider/maxim-van-gils
2026-02-18T11:30:47.591152Z,Kuurne-Brussel-Kuurne,ADDED,PAGE Hugo,rider/hugo-page
2026-02-18T11:30:47.591152Z,Bredene Koksijde Classic,ADDED,PAGE Hugo,rider/hugo-page
2026-02-18T11:30:47.591152Z,In Flanders Fields,ADDED,PAGE Hugo,rider/hugo-page
2026-02-18T11:30:47.591152Z,Omloop Nieuwsblad,ADDED,PAGE Hugo,rider/hugo-page
2026-02-18T11:30:47.591152Z,Samyn Classic,ADDED,PAGE Hugo,rider/hugo-page
2026-02-18T11:30:47.591152Z,Nokere Koerse,ADDED,PAGE Hugo,rider/hugo-page
2026-02-18T11:30:47.591152Z,Dwars door Vlaanderen,ADDED,PAGE Hugo,rider/hugo-page
2026-02-18T11:30:47.591152Z,Samyn Classic,ADDED,STERCK Joppe,rider/joppe-sterck
2026-02-18T11:30:47.591152Z,Amstel Gold Race,ADDED,GODON Dorian,rider/dorian-godon
2026-02-18T11:30:47.591152Z,Waalse Pijl,ADDED,GODON Dorian,rider/dorian-godon
2026-02-18T11:30:47.591152Z,Amstel Gold Race,ADDED,BERCKMOES Jenno,rider/jenno-berckmoes
2026-02-18T11:30:47.591152Z,Ronde van Vlaanderen,ADDED,BERCKMOES Jenno,rider/jenno-berckmoes
2026-02-18T11:30:47.591152Z,In Flanders Fields,ADDED,BERCKMOES Jenno,rider/jenno-berckmoes
2026-02-18T11:30:47.591152Z,Omloop Nieuwsblad,ADDED,BERCKMOES Jenno,rider/jenno-berckmoes
2026-02-18T11:30:47.591152Z,E3 Saxo Classic,ADDED,BERCKMOES Jenno,rider/jenno-berckmoes
2026-02-18T11:30:47.591152Z,Dwars door Vlaanderen,ADDED,BERCKMOES Jenno,rider/jenno-berckmoes
2026-02-18T11:30:47.591152Z,Milaan-Sanremo,ADDED,BERCKMOES Jenno,rider/jenno-berckmoes
2026-02-18T11:30:47.591152Z,Brabantse Pijl,ADDED,BERCKMOES Jenno,rider/jenno-berckmoes
2026-02-18T11:30:47.591152Z,In Flanders Fields,ADDED,VACEK Mathias,rider/mathias-vacek
2026-02-18T11:30:47.591152Z,Parijs-Roubaix,ADDED,VACEK Mathias,rider/mathias-vacek
2026-02-18T11:30:47.591152Z,Omloop Nieuwsblad,ADDED,VACEK Mathias,rider/mathias-vacek
2026-02-18T11:30:47.591152Z,E3 Saxo Classic,ADDED,VACEK Mathias,rider/mathias-vacek
2026-02-18T11:30:47.591152Z,Ronde van Vlaanderen,ADDED,VACEK Mathias,rider/mathias-vacek
2026-02-18T11:30:47.591152Z,Dwars door Vlaanderen,ADDED,VACEK Mathias,rider/mathias-vacek
2026-02-18T11:30:47.591152Z,Milaan-Sanremo,ADDED,VACEK Mathias,rider/mathias-vacek
2026-02-18T11:30:47.591152Z,Strade Bianche,ADDED,MÜHLBERGER Gregor,rider/gregor-muhlberger
2026-02-18T11:30:47.591152Z,Waalse Pijl,ADDED,PIDCOCK Thomas,rider/thomas-pidcock
2026-02-18T11:30:47.591152Z,Omloop Nieuwsblad,ADDED,PIDCOCK Thomas,rider/thomas-pidcock
2026-02-18T11:30:47.591152Z,Amstel Gold Race,ADDED,PIDCOCK Thomas,rider/thomas-pidcock
2026-02-18T11:30:47.591152Z,Luik-Bastenaken-Luik,ADDED,PIDCOCK Thomas,rider/thomas-pidcock
2026-02-18T11:30:47.591152Z,Strade Bianche,ADDED,PIDCOCK Thomas,rider/thomas-pidcock
2026-02-18T11:30:47.591152Z,Milaan-Sanremo,ADDED,PIDCOCK Thomas,rider/thomas-pidcock
2026-02-18T11:30:47.591152Z,Brabantse Pijl,ADDED,PIDCOCK Thomas,rider/thomas-pidcock
2026-02-18T11:30:47.591152Z,Kuurne-Brussel-Kuurne,ADDED,ETXEBERRIA Haimar,rider/haimar-etxeberria
2026-02-18T11:30:47.591152Z,Samyn Classic,ADDED,ETXEBERRIA Haimar,rider/haimar-etxeberria
2026-02-18T11:30:47.591152Z,Kuurne-Brussel-Kuurne,ADDED,OLIVEIRA Rui,rider/rui-oliveira
2026-02-18T11:30:47.591152Z,In Flanders Fields,ADDED,OLIVEIRA Rui,rider/rui-oliveira
2026-02-18T11:30:47.591152Z,Parijs-Roubaix,ADDED,OLIVEIRA Rui,rider/rui-oliveira
2026-02-18T11:30:47.591152Z,Omloop Nieuwsblad,ADDED,OLIVEIRA Rui,rider/rui-oliveira
2026-02-18T11:30:47.591152Z,Nokere Koerse,ADDED,OLIVEIRA Rui,rider/rui-oliveira
2026-02-18T11:30:47.591152Z,Ronde van Vlaanderen,ADDED,OLIVEIRA Rui,rider/rui-oliveira
2026-02-18T11:30:47.591152Z,Amstel Gold Race,ADDED,BLACKMORE Joseph,rider/joseph-blackmore
2026-02-18T11:30:47.591152Z,Waalse Pijl,ADDED,BLACKMORE Joseph,rider/joseph-blackmore
2026-02-18T11:30:47.591152Z,Luik-Bastenaken-Luik,ADDED,BLACKMORE Joseph,rider/joseph-blackmore
2026-02-18T11:30:47.591152Z,Omloop Nieuwsblad,ADDED,BJERG Mikkel,rider/mikkel-bjerg
2026-02-18T11:30:47.591152Z,Amstel Gold Race,ADDED,TULETT Ben,rider/ben-tulett
2026-02-18T11:30:47.591152Z,Waalse Pijl,ADDED,TULETT Ben,rider/ben-tulett
2026-02-18T11:30:47.591152Z,Strade Bianche,ADDED,TULETT Ben,rider/ben-tulett
2026-02-18T11:30:47.591152Z,Luik-Bastenaken-Luik,ADDED,TULETT Ben,rider/ben-tulett
2026-02-18T11:30:47.591152Z,Omloop Nieuwsblad,ADDED,MIHOLJEVIĆ Fran,rider/fran-miholjevic
2026-02-18T11:30:47.591152Z,Samyn Classic,ADDED,BERGER Antoine,rider/antoine-berger
2026-02-18T11:30:47.591152Z,Omloop Nieuwsblad,ADDED,ASKEY Lewis,rider/lewis-askey
2026-02-18T11:30:47.591152Z,Samyn Classic,ADDED,COPPENS Michiel,rider/michiel-coppens
2026-02-18T11:30:47.591152Z,Omloop Nieuwsblad,ADDED,DONALDSON Robert,rider/robert-donaldson
2026-02-18T11:30:47.591152Z,Samyn Classic,ADDED,BÖGLI Noah,rider/noah-bogli
2026-02-18T11:30:47.591152Z,Omloop Nieuwsblad,ADDED,BELMANS Lennert,rider/lennert-belmans
2026-02-18T11:30:47.591152Z,Waalse Pijl,ADDED,MARTINEZ Lenny,rider/lenny-martinez
2026-02-18T11:30:47.591152Z,Waalse Pijl,ADDED,VAN EETVELT Lennert,rider/lennert-van-eetvelt
2026-02-18T11:30:47.591152Z,Strade Bianche,ADDED,VAN EETVELT Lennert,rider/lennert-van-eetvelt
2026-02-18T11:30:47.591152Z,Milaan-Sanremo,ADDED,VAN EETVELT Lennert,rider/lennert-van-eetvelt
2026-02-18T11:30:47.591152Z,Luik-Bastenaken-Luik,ADDED,VAN EETVELT Lennert,rider/lennert-van-eetvelt
2026-02-18T11:30:47.591152Z,Kuurne-Brussel-Kuurne,ADDED,SUNEKÆR NORSGAARD Mathias,rider/mathias-norsgaard
2026-02-18T11:30:47.591152Z,E3 Saxo Classic,ADDED,SUNEKÆR NORSGAARD Mathias,rider/mathias-norsgaard
2026-02-18T11:30:47.591152Z,Parijs-Roubaix,ADDED,SUNEKÆR NORSGAARD Mathias,rider/mathias-norsgaard
2026-02-18T11:30:47.591152Z,Omloop Nieuwsblad,ADDED,DEWULF Stan,rider/stan-dewulf
2026-02-18T11:30:47.591152Z,Omloop Nieuwsblad,ADDED,VERGAERDE Otto,rider/otto-vergaerde
2026-02-18T11:30:47.591152Z,Samyn Classic,ADDED,MILAN Matteo,rider/matteo-milan
2026-02-18T11:30:47.591152Z,Omloop Nieuwsblad,ADDED,LANHOVE Milan,rider/milan-lanhove
2026-02-18T11:30:47.591152Z,Samyn Classic,ADDED,BORGO Alessandro,rider/alessandro-borgo
2026-02-18T11:30:47.591152Z,Samyn Classic,ADDED,VADIC Baptiste,rider/baptiste-vadic
2026-02-18T11:30:47.591152Z,Omloop Nieuwsblad,ADDED,VADIC Baptiste,rider/baptiste-vadic
2026-02-18T11:30:47.591152Z,Kuurne-Brussel-Kuurne,ADDED,BOL Cees,rider/cees-bol
2026-02-18T11:30:47.591152Z,Samyn Classic,ADDED,FLYNN Sean,rider/sean-flynn
2026-02-18T11:30:47.591152Z,Omloop Nieuwsblad,ADDED,FLYNN Sean,rider/sean-flynn
2026-02-18T11:30:47.591152Z,Amstel Gold Race,ADDED,NYS Thibau,rider/thibau-nys
2026-02-18T11:30:47.591152Z,Waalse Pijl,ADDED,NYS Thibau,rider/thibau-nys
2026-02-18T11:30:47.591152Z,Luik-Bastenaken-Luik,ADDED,NYS Thibau,rider/thibau-nys
2026-02-18T11:30:47.591152Z,Parijs-Roubaix,ADDED,KRAGH ANDERSEN Søren,rider/soren-kragh-andersen
2026-02-18T11:30:47.591152Z,Omloop Nieuwsblad,ADDED,KRAGH ANDERSEN Søren,rider/soren-kragh-andersen
2026-02-18T11:30:47.591152Z,E3 Saxo Classic,ADDED,KRAGH ANDERSEN Søren,rider/soren-kragh-andersen
2026-02-18T11:30:47.591152Z,Dwars door Vlaanderen,ADDED,KRAGH ANDERSEN Søren,rider/soren-kragh-andersen
2026-02-18T11:30:47.591152Z,Milaan-Sanremo,ADDED,KRAGH ANDERSEN Søren,rider/soren-kragh-andersen
2026-02-18T11:30:47.591152Z,Amstel Gold Race,ADDED,BARRÉ Louis,rider/louis-barre
2026-02-18T11:30:47.591152Z,Waalse Pijl,ADDED,BARRÉ Louis,rider/louis-barre
2026-02-18T11:30:47.591152Z,Strade Bianche,ADDED,BARRÉ Louis,rider/louis-barre
2026-02-18T11:30:47.591152Z,Luik-Bastenaken-Luik,ADDED,BARRÉ Louis,rider/louis-barre
2026-02-18T11:30:47.591152Z,Samyn Classic,ADDED,BRINKMAN Joost,rider/joost-brinkman
2026-02-18T11:30:47.591152Z,Amstel Gold Race,ADDED,SIMMONS Quinn,rider/quinn-simmons
2026-02-18T11:30:47.591152Z,Strade Bianche,ADDED,SIMMONS Quinn,rider/quinn-simmons
2026-02-18T11:30:47.591152Z,Samyn Classic,ADDED,STAES Gibbe,rider/gibbe-staes
2026-02-18T11:30:47.591152Z,Strade Bianche,ADDED,BERNAL Egan,rider/egan-bernal
2026-02-18T11:30:47.591152Z,Omloop Nieuwsblad,ADDED,ROMELE Alessandro,rider/alessandro-romele
2026-02-18T11:30:47.591152Z,Amstel Gold Race,ADDED,HIRSCHI Marc,rider/marc-hirschi
2026-02-18T11:30:47.591152Z,Waalse Pijl,ADDED,HIRSCHI Marc,rider/marc-hirschi
2026-02-18T11:30:47.591152Z,Luik-Bastenaken-Luik,ADDED,HIRSCHI Marc,rider/marc-hirschi
2026-02-18T11:30:47.591152Z,Parijs-Roubaix,ADDED,PHILIPSEN Jasper,rider/jasper-philipsen
2026-02-18T11:30:47.591152Z,Scheldeprijs,ADDED,PHILIPSEN Jasper,rider/jasper-philipsen
2026-02-18T11:30:47.591152Z,Kuurne-Brussel-Kuurne,ADDED,PHILIPSEN Jasper,rider/jasper-philipsen
2026-02-18T11:30:47.591152Z,In Flanders Fields,ADDED,PHILIPSEN Jasper,rider/jasper-philipsen
2026-02-18T11:30:47.591152Z,Omloop Nieuwsblad,ADDED,PHILIPSEN Jasper,rider/jasper-philipsen
2026-02-18T11:30:47.591152Z,Ronde van Brugge,ADDED,PHILIPSEN Jasper,rider/jasper-philipsen
2026-02-18T11:30:47.591152Z,Nokere Koerse,ADDED,PHILIPSEN Jasper,rider/jasper-philipsen
2026-02-18T11:30:47.591152Z,Dwars door Vlaanderen,ADDED,PHILIPSEN Jasper,rider/jasper-philipsen
2026-02-18T11:30:47.591152Z,Milaan-Sanremo,ADDED,PHILIPSEN Jasper,rider/jasper-philipsen
2026-02-18T11:30:47.591152Z,Samyn Classic,ADDED,MARCEROU Nicola,rider/nicola-marcerou
2026-02-18T11:30:47.591152Z,Samyn Classic,ADDED,DARBELLAY Valentin,rider/valentin-darbellay
2026-02-18T11:30:47.591152Z,Samyn Classic,ADDED,KOGUT Oded,rider/oded-kogut
2026-02-18T11:30:47.591152Z,Strade Bianche,ADDED,TONEATTI Davide,rider/davide-toneatti
2026-02-18T11:30:47.591152Z,Omloop Nieuwsblad,ADDED,DE GENDT Aimé,rider/aime-de-gendt
2026-02-18T11:30:47.591152Z,Nokere Koerse,ADDED,BIERMANS Jenthe,rider/jenthe-biermans
2026-02-18T11:30:47.591152Z,Samyn Classic,ADDED,BIERMANS Jenthe,rider/jenthe-biermans
2026-02-18T11:30:47.591152Z,Omloop Nieuwsblad,ADDED,BIERMANS Jenthe,rider/jenthe-biermans
2026-02-18T11:30:47.591152Z,Samyn Classic,ADDED,BRUTTOMESSO Alberto,rider/alberto-bruttomesso
2026-02-18T11:30:47.591152Z,Omloop Nieuwsblad,ADDED,BÉVORT Carl-Frederik,rider/carl-frederik-bevort
2026-02-18T11:30:47.591152Z,Samyn Classic,ADDED,BAGUELIN Jocelyn,rider/jocelyn-baguelin
2026-02-18T11:30:47.591152Z,Samyn Classic,ADDED,APPEL Stijn,rider/stijn-appel
2026-02-18T11:30:47.591152Z,Omloop Nieuwsblad,ADDED,BOIVIN Guillaume,rider/guillaume-boivin
2026-02-18T11:30:47.591152Z,Kuurne-Brussel-Kuurne,ADDED,GHYS Robbe,rider/robbe-ghys
2026-02-18T11:30:47.591152Z,Amstel Gold Race,ADDED,MOLLEMA Bauke,rider/bauke-mollema
2026-02-18T11:30:47.591152Z,Strade Bianche,ADDED,MOLLEMA Bauke,rider/bauke-mollema
2026-02-18T11:30:47.591152Z,Kuurne-Brussel-Kuurne,ADDED,MEEUS Jordi,rider/jordi-meeus
2026-02-18T11:30:47.591152Z,In Flanders Fields,ADDED,MEEUS Jordi,rider/jordi-meeus
2026-02-18T11:30:47.591152Z,Parijs-Roubaix,ADDED,MEEUS Jordi,rider/jordi-meeus
2026-02-18T11:30:47.591152Z,Omloop Nieuwsblad,ADDED,MEEUS Jordi,rider/jordi-meeus
2026-02-18T11:30:47.591152Z,Nokere Koerse,ADDED,MEEUS Jordi,rider/jordi-meeus
2026-02-18T11:30:47.591152Z,Samyn Classic,ADDED,MEEUS Jordi,rider/jordi-meeus
2026-02-18T11:30:47.591152Z,Scheldeprijs,ADDED,MEEUS Jordi,rider/jordi-meeus
2026-02-18T11:30:47.591152Z,Amstel Gold Race,ADDED,COQUARD Bryan,rider/bryan-coquard
2026-02-18T11:30:47.591152Z,Milaan-Sanremo,ADDED,COQUARD Bryan,rider/bryan-coquard
2026-02-18T11:30:47.591152Z,Brabantse Pijl,ADDED,COQUARD Bryan,rider/bryan-coquard
2026-02-18T11:30:47.591152Z,Samyn Classic,ADDED,BAGOU Guillaume,rider/guillaume-bagou
2026-02-18T11:30:47.591152Z,Omloop Nieuwsblad,ADDED,VANHOOF Ward,rider/ward-vanhoof
2026-02-18T11:30:47.591152Z,Omloop Nieuwsblad,ADDED,MULLEN Ryan,rider/ryan-mullen
2026-02-18T11:30:47.591152Z,Strade Bianche,ADDED,GERMANI Lorenzo,rider/lorenzo-germani
2026-02-18T11:30:47.591152Z,Milaan-Sanremo,ADDED,GERMANI Lorenzo,rider/lorenzo-germani
2026-02-18T11:30:47.591152Z,Samyn Classic,ADDED,BEULLENS Cedric,rider/cedric-beullens
2026-02-18T11:30:47.591152Z,Omloop Nieuwsblad,ADDED,BEULLENS Cedric,rider/cedric-beullens
2026-02-18T11:30:47.591152Z,Samyn Classic,ADDED,MAAS Jan,rider/jan-maas
2026-02-18T11:30:47.591152Z,Samyn Classic,ADDED,KESSLER Cole,rider/cole-kessler
2026-02-18T11:30:47.591152Z,Omloop Nieuwsblad,ADDED,TILLER Rasmus,rider/rasmus-tiller
2026-02-18T11:30:47.591152Z,Samyn Classic,ADDED,BARTHE Cyril,rider/cyril-barthe
2026-02-18T11:30:47.591152Z,Omloop Nieuwsblad,ADDED,BARTHE Cyril,rider/cyril-barthe
2026-02-18T11:30:47.591152Z,Omloop Nieuwsblad,ADDED,CAVIA Daniel,rider/daniel-cavia-sanz
2026-02-18T11:30:47.591152Z,Samyn Classic,ADDED,STEWART Mark,rider/mark-stewart
2026-02-18T11:30:47.591152Z,Samyn Classic,ADDED,LAMBRECHT Michiel,rider/michiel-lambrecht
2026-02-18T11:30:47.591152Z,Omloop Nieuwsblad,ADDED,LAMBRECHT Michiel,rider/michiel-lambrecht
2026-02-18T11:30:47.591152Z,Kuurne-Brussel-Kuurne,ADDED,BITTNER Pavel,rider/pavel-bittner
2026-02-18T11:30:47.591152Z,Parijs-Roubaix,ADDED,BITTNER Pavel,rider/pavel-bittner
2026-02-18T11:30:47.591152Z,Samyn Classic,ADDED,RIGOLE Brian,rider/brian-rigole
2026-02-18T11:30:47.591152Z,Samyn Classic,ADDED,MCKAY James,rider/james-mckay
2026-02-18T11:30:47.591152Z,Omloop Nieuwsblad,ADDED,MACÍAS César,rider/cesar-macias-estrada
2026-02-18T11:30:47.591152Z,Samyn Classic,ADDED,MOURIS Michiel,rider/michiel-mouris
2026-02-18T11:30:47.591152Z,Luik-Bastenaken-Luik,ADDED,GRÉGOIRE Romain,rider/romain-gregoire1
2026-02-18T11:30:47.591152Z,Amstel Gold Race,ADDED,GRÉGOIRE Romain,rider/romain-gregoire1
2026-02-18T11:30:47.591152Z,Ronde van Vlaanderen,ADDED,GRÉGOIRE Romain,rider/romain-gregoire1
2026-02-18T11:30:47.591152Z,Strade Bianche,ADDED,GRÉGOIRE Romain,rider/romain-gregoire1
2026-02-18T11:30:47.591152Z,Waalse Pijl,ADDED,GRÉGOIRE Romain,rider/romain-gregoire1
2026-02-18T11:30:47.591152Z,E3 Saxo Classic,ADDED,GRÉGOIRE Romain,rider/romain-gregoire1
2026-02-18T11:30:47.591152Z,Dwars door Vlaanderen,ADDED,GRÉGOIRE Romain,rider/romain-gregoire1
2026-02-18T11:30:47.591152Z,Milaan-Sanremo,ADDED,GRÉGOIRE Romain,rider/romain-gregoire1
2026-02-18T11:30:47.591152Z,Brabantse Pijl,ADDED,GRÉGOIRE Romain,rider/romain-gregoire1
2026-02-18T11:30:47.591152Z,Amstel Gold Race,ADDED,CHAMPOUSSIN Clément,rider/clement-champoussin
2026-02-18T11:30:47.591152Z,Waalse Pijl,ADDED,CHAMPOUSSIN Clément,rider/clement-champoussin
2026-02-18T11:30:47.591152Z,Strade Bianche,ADDED,CHAMPOUSSIN Clément,rider/clement-champoussin
2026-02-18T11:30:47.591152Z,Luik-Bastenaken-Luik,ADDED,CHAMPOUSSIN Clément,rider/clement-champoussin
2026-02-18T11:30:47.591152Z,Amstel Gold Race,ADDED,JOHANNESSEN Tobias Halland,rider/tobias-halland-johannessen
2026-02-18T11:30:47.591152Z,Waalse Pijl,ADDED,JOHANNESSEN Tobias Halland,rider/tobias-halland-johannessen
2026-02-18T11:30:47.591152Z,Strade Bianche,ADDED,JOHANNESSEN Tobias Halland,rider/tobias-halland-johannessen
2026-02-18T11:30:47.591152Z,Luik-Bastenaken-Luik,ADDED,JOHANNESSEN Tobias Halland,rider/tobias-halland-johannessen
2026-02-18T11:30:47.591152Z,Kuurne-Brussel-Kuurne,ADDED,ZIJLAARD Maikel,rider/maikel-zijlaard
2026-02-18T11:30:47.591152Z,Samyn Classic,ADDED,VLOT Mees,rider/mees-vlot
2026-02-18T11:30:47.591152Z,E3 Saxo Classic,ADDED,PEDERSEN Rasmus Søjberg,rider/rasmus-sojbergpedersen
2026-02-18T11:30:47.591152Z,Omloop Nieuwsblad,ADDED,PEDERSEN Rasmus Søjberg,rider/rasmus-sojbergpedersen
2026-02-18T11:30:47.591152Z,Ronde van Brugge,ADDED,PEDERSEN Rasmus Søjberg,rider/rasmus-sojbergpedersen
2026-02-18T11:30:47.591152Z,Samyn Classic,ADDED,LEROUX Samuel,rider/samuel-leroux
2026-02-18T11:30:47.591152Z,Omloop Nieuwsblad,ADDED,LEROUX Samuel,rider/samuel-leroux
2026-02-18T11:30:47.591152Z,Samyn Classic,ADDED,DESAL Ceriel,rider/ceriel-desal
2026-02-18T11:30:47.591152Z,Samyn Classic,ADDED,WERTZ Hugo,rider/hugo-wertz
2026-02-18T11:30:47.591152Z,Samyn Classic,ADDED,PAATS Hugo,rider/hugo-paats
2026-02-18T11:30:47.591152Z,Samyn Classic,ADDED,VISSER Guillaume,rider/guillaume-visser
2026-02-18T11:30:47.591152Z,Strade Bianche,ADDED,PRODHOMME Nicolas,rider/nicolas-prodhomme
2026-02-18T11:30:47.591152Z,Omloop Nieuwsblad,ADDED,SWIFT Ben,rider/ben-swift
2026-02-18T11:30:47.591152Z,Samyn Classic,ADDED,KING Matthew,rider/matthew-king1
2026-02-18T11:30:47.591152Z,In Flanders Fields,ADDED,RENARD Alexis,rider/alexis-renard
2026-02-18T11:30:47.591152Z,Omloop Nieuwsblad,ADDED,RENARD Alexis,rider/alexis-renard
2026-02-18T11:30:47.591152Z,Ronde van Brugge,ADDED,RENARD Alexis,rider/alexis-renard
2026-02-18T11:30:47.591152Z,Samyn Classic,ADDED,RENARD Alexis,rider/alexis-renard
2026-02-18T11:30:47.591152Z,Nokere Koerse,ADDED,RENARD Alexis,rider/alexis-renard
2026-02-18T11:30:47.591152Z,Dwars door Vlaanderen,ADDED,RENARD Alexis,rider/alexis-renard
2026-02-18T11:30:47.591152Z,Samyn Classic,ADDED,MOONEN Zeno,rider/zeno-moonen
2026-02-18T11:30:47.591152Z,Kuurne-Brussel-Kuurne,ADDED,VAN BAARLE Dylan,rider/dylan-van-baarle
2026-02-18T11:30:47.591152Z,Parijs-Roubaix,ADDED,VAN BAARLE Dylan,rider/dylan-van-baarle
2026-02-18T11:30:47.591152Z,Omloop Nieuwsblad,ADDED,VAN BAARLE Dylan,rider/dylan-van-baarle
2026-02-18T11:30:47.591152Z,E3 Saxo Classic,ADDED,VAN BAARLE Dylan,rider/dylan-van-baarle
2026-02-18T11:30:47.591152Z,Ronde van Vlaanderen,ADDED,VAN BAARLE Dylan,rider/dylan-van-baarle
2026-02-18T11:30:47.591152Z,Dwars door Vlaanderen,ADDED,VAN BAARLE Dylan,rider/dylan-van-baarle
2026-02-18T11:30:47.591152Z,Samyn Classic,ADDED,GULLHAV Kristoffer,rider/kristoffer-gullhav
2026-02-18T11:30:47.591152Z,Samyn Classic,ADDED,ZABELINSKIY Bogdan,rider/bogdan-zabelinskiy
2026-02-18T11:30:47.591152Z,Kuurne-Brussel-Kuurne,ADDED,HOFSTETTER Hugo,rider/hugo-hofstetter
2026-02-18T11:30:47.591152Z,Bredene Koksijde Classic,ADDED,HOFSTETTER Hugo,rider/hugo-hofstetter
2026-02-18T11:30:47.591152Z,Parijs-Roubaix,ADDED,HOFSTETTER Hugo,rider/hugo-hofstetter
2026-02-18T11:30:47.591152Z,Nokere Koerse,ADDED,HOFSTETTER Hugo,rider/hugo-hofstetter
2026-02-18T11:30:47.591152Z,Ronde van Vlaanderen,ADDED,HOFSTETTER Hugo,rider/hugo-hofstetter
2026-02-18T11:30:47.591152Z,Samyn Classic,ADDED,HOFSTETTER Hugo,rider/hugo-hofstetter
2026-02-18T11:30:47.591152Z,Scheldeprijs,ADDED,HOFSTETTER Hugo,rider/hugo-hofstetter
2026-02-18T11:30:47.591152Z,Omloop Nieuwsblad,ADDED,KELEMEN Petr,rider/petr-kelemen
2026-02-18T11:30:47.591152Z,Omloop Nieuwsblad,ADDED,VAN DEN BERG Marijn,rider/marijn-van-den-berg
2026-02-18T11:30:47.591152Z,Kuurne-Brussel-Kuurne,ADDED,VALTER Attila,rider/attila-valter
2026-02-18T11:30:47.591152Z,Omloop Nieuwsblad,ADDED,VALTER Attila,rider/attila-valter
2026-02-18T11:30:47.591152Z,E3 Saxo Classic,ADDED,VALTER Attila,rider/attila-valter
2026-02-18T11:30:47.591152Z,Ronde van Vlaanderen,ADDED,VALTER Attila,rider/attila-valter
2026-02-18T11:30:47.591152Z,Strade Bianche,ADDED,VALTER Attila,rider/attila-valter
2026-02-18T11:30:47.591152Z,Kuurne-Brussel-Kuurne,ADDED,MAGNIER Paul,rider/paul-magnier
2026-02-18T11:30:47.591152Z,Omloop Nieuwsblad,ADDED,MAGNIER Paul,rider/paul-magnier
2026-02-18T11:30:47.591152Z,Ronde van Vlaanderen,ADDED,MAGNIER Paul,rider/paul-magnier
2026-02-18T11:30:47.591152Z,Dwars door Vlaanderen,ADDED,MAGNIER Paul,rider/paul-magnier
2026-02-18T11:30:47.591152Z,Milaan-Sanremo,ADDED,MAGNIER Paul,rider/paul-magnier
2026-02-18T11:30:47.591152Z,Omloop Nieuwsblad,ADDED,GROVES Kaden,rider/kaden-groves
2026-02-18T11:30:47.591152Z,Samyn Classic,ADDED,ROUFFAER Lars,rider/lars-rouffaer
2026-02-18T11:30:47.591152Z,Milaan-Sanremo,ADDED,BELLETTA Dario Igor,rider/dario-igor-belletta
2026-02-18T11:30:47.591152Z,Waalse Pijl,ADDED,VAN DEN BROEK Frank,rider/frank-van-den-broek
2026-02-18T11:30:47.591152Z,Omloop Nieuwsblad,ADDED,VAN DEN BROEK Frank,rider/frank-van-den-broek
2026-02-18T11:30:47.591152Z,Amstel Gold Race,ADDED,VAN DEN BROEK Frank,rider/frank-van-den-broek
2026-02-18T11:30:47.591152Z,Ronde van Vlaanderen,ADDED,VAN DEN BROEK Frank,rider/frank-van-den-broek
2026-02-18T11:30:47.591152Z,Dwars door Vlaanderen,ADDED,VAN DEN BROEK Frank,rider/frank-van-den-broek
2026-02-18T11:30:47.591152Z,Samyn Classic,ADDED,JACQUES Lucas,rider/lucas-jacques
2026-02-18T11:30:47.591152Z,In Flanders Fields,ADDED,GRUEL Thibaud,rider/thibaud-gruel
2026-02-18T11:30:47.591152Z,Omloop Nieuwsblad,ADDED,GRUEL Thibaud,rider/thibaud-gruel
2026-02-18T11:30:47.591152Z,Samyn Classic,ADDED,GRUEL Thibaud,rider/thibaud-gruel
2026-02-18T11:30:47.591152Z,E3 Saxo Classic,ADDED,GRUEL Thibaud,rider/thibaud-gruel
2026-02-18T11:30:47.591152Z,Ronde van Vlaanderen,ADDED,GRUEL Thibaud,rider/thibaud-gruel
2026-02-18T11:30:47.591152Z,Dwars door Vlaanderen,ADDED,GRUEL Thibaud,rider/thibaud-gruel
2026-02-18T11:30:47.591152Z,Samyn Classic,ADDED,VAN TRICHT Floris,rider/floris-van-tricht
2026-02-18T11:30:47.591152Z,Waalse Pijl,ADDED,NOVAK Domen,rider/domen-novak
2026-02-18T11:30:47.591152Z,Amstel Gold Race,ADDED,NOVAK Domen,rider/domen-novak
2026-02-18T11:30:47.591152Z,Luik-Bastenaken-Luik,ADDED,NOVAK Domen,rider/domen-novak
2026-02-18T11:30:47.591152Z,Strade Bianche,ADDED,NOVAK Domen,rider/domen-novak
2026-02-18T11:30:47.591152Z,Milaan-Sanremo,ADDED,NOVAK Domen,rider/domen-novak
2026-02-18T11:30:47.591152Z,Kuurne-Brussel-Kuurne,ADDED,ADRIÀ Roger,rider/roger-adria
2026-02-18T11:30:47.591152Z,Waalse Pijl,ADDED,ADRIÀ Roger,rider/roger-adria
2026-02-18T11:30:47.591152Z,Omloop Nieuwsblad,ADDED,ADRIÀ Roger,rider/roger-adria
2026-02-18T11:30:47.591152Z,Amstel Gold Race,ADDED,ADRIÀ Roger,rider/roger-adria
2026-02-18T11:30:47.591152Z,Luik-Bastenaken-Luik,ADDED,ADRIÀ Roger,rider/roger-adria
2026-02-18T11:30:47.591152Z,Strade Bianche,ADDED,ADRIÀ Roger,rider/roger-adria
2026-02-18T11:30:47.591152Z,Strade Bianche,ADDED,PINARELLO Alessandro,rider/alessandro-pinarello
2026-02-18T11:30:47.591152Z,Samyn Classic,ADDED,AERNOUTS Nicolas,rider/nicolas-aernouts
2026-02-18T11:30:47.591152Z,Amstel Gold Race,ADDED,TRATNIK Jan,rider/jan-tratnik
2026-02-18T11:30:47.591152Z,Luik-Bastenaken-Luik,ADDED,TRATNIK Jan,rider/jan-tratnik
2026-02-18T11:30:47.591152Z,Ronde van Vlaanderen,ADDED,TRATNIK Jan,rider/jan-tratnik
2026-02-18T11:30:47.591152Z,Dwars door Vlaanderen,ADDED,TRATNIK Jan,rider/jan-tratnik
2026-02-18T11:30:47.591152Z,E3 Saxo Classic,ADDED,TRATNIK Jan,rider/jan-tratnik
2026-02-18T11:30:47.591152Z,Waalse Pijl,ADDED,WIDAR Jarno,rider/jarno-widar
2026-02-18T11:30:47.591152Z,Strade Bianche,ADDED,WIDAR Jarno,rider/jarno-widar
2026-02-18T11:30:47.591152Z,Luik-Bastenaken-Luik,ADDED,WIDAR Jarno,rider/jarno-widar
2026-02-18T11:30:47.591152Z,Samyn Classic,ADDED,PENHOËT Paul,rider/paul-penhoet
2026-02-18T11:30:47.591152Z,Bredene Koksijde Classic,ADDED,ANIOŁKOWSKI Stanisław,rider/stanislaw-aniolkowski
2026-02-18T11:30:47.591152Z,Omloop Nieuwsblad,ADDED,ANIOŁKOWSKI Stanisław,rider/stanislaw-aniolkowski
2026-02-18T11:30:47.591152Z,Ronde van Brugge,ADDED,ANIOŁKOWSKI Stanisław,rider/stanislaw-aniolkowski
2026-02-18T11:30:47.591152Z,Nokere Koerse,ADDED,ANIOŁKOWSKI Stanisław,rider/stanislaw-aniolkowski
2026-02-18T11:30:47.591152Z,Samyn Classic,ADDED,ANIOŁKOWSKI Stanisław,rider/stanislaw-aniolkowski
2026-02-18T11:30:47.591152Z,Parijs-Roubaix,ADDED,ALBANESE Vincenzo,rider/vincenzo-albanese
2026-02-18T11:30:47.591152Z,Ronde van Vlaanderen,ADDED,ALBANESE Vincenzo,rider/vincenzo-albanese
2026-02-18T11:30:47.591152Z,Kuurne-Brussel-Kuurne,ADDED,ALBANESE Vincenzo,rider/vincenzo-albanese
2026-02-18T11:30:47.591152Z,In Flanders Fields,ADDED,ALBANESE Vincenzo,rider/vincenzo-albanese
2026-02-18T11:30:47.591152Z,Omloop Nieuwsblad,ADDED,ALBANESE Vincenzo,rider/vincenzo-albanese
2026-02-18T11:30:47.591152Z,Ronde van Brugge,ADDED,ALBANESE Vincenzo,rider/vincenzo-albanese
2026-02-18T11:30:47.591152Z,E3 Saxo Classic,ADDED,ALBANESE Vincenzo,rider/vincenzo-albanese
2026-02-18T11:30:47.591152Z,Dwars door Vlaanderen,ADDED,ALBANESE Vincenzo,rider/vincenzo-albanese
2026-02-18T11:30:47.591152Z,Milaan-Sanremo,ADDED,ALBANESE Vincenzo,rider/vincenzo-albanese
2026-02-18T11:30:47.591152Z,Amstel Gold Race,ADDED,CICCONE Giulio,rider/giulio-ciccone
2026-02-18T11:30:47.591152Z,Waalse Pijl,ADDED,CICCONE Giulio,rider/giulio-ciccone
2026-02-18T11:30:47.591152Z,Luik-Bastenaken-Luik,ADDED,CICCONE Giulio,rider/giulio-ciccone
2026-02-18T11:30:47.591152Z,Omloop Nieuwsblad,ADDED,SHEFFIELD Magnus,rider/magnus-sheffield
2026-02-18T11:30:47.591152Z,Samyn Classic,ADDED,KESS Alexandre,rider/alexandre-kess
2026-02-18T11:30:47.591152Z,Samyn Classic,ADDED,GRAFF William,rider/william-graff
2026-02-18T11:30:47.591152Z,Kuurne-Brussel-Kuurne,ADDED,MADOUAS Valentin,rider/valentin-madouas
2026-02-18T11:30:47.591152Z,In Flanders Fields,ADDED,MADOUAS Valentin,rider/valentin-madouas
2026-02-18T11:30:47.591152Z,Omloop Nieuwsblad,ADDED,MADOUAS Valentin,rider/valentin-madouas
2026-02-18T11:30:47.591152Z,Dwars door Vlaanderen,ADDED,MADOUAS Valentin,rider/valentin-madouas
2026-02-18T11:30:47.591152Z,E3 Saxo Classic,ADDED,MADOUAS Valentin,rider/valentin-madouas
2026-02-18T11:30:47.591152Z,Ronde van Vlaanderen,ADDED,MADOUAS Valentin,rider/valentin-madouas
2026-02-18T11:30:47.591152Z,Strade Bianche,ADDED,MADOUAS Valentin,rider/valentin-madouas
2026-02-18T11:30:47.591152Z,Kuurne-Brussel-Kuurne,ADDED,MIQUEL Pau,rider/pau-miquel-delgado
2026-02-18T11:30:47.591152Z,Ronde van Vlaanderen,ADDED,MIQUEL Pau,rider/pau-miquel-delgado
2026-02-18T11:30:47.591152Z,Omloop Nieuwsblad,ADDED,MIQUEL Pau,rider/pau-miquel-delgado
2026-02-18T11:30:47.591152Z,Amstel Gold Race,ADDED,MIQUEL Pau,rider/pau-miquel-delgado
2026-02-18T11:30:47.591152Z,Amstel Gold Race,ADDED,VAN BEKKUM Darren,rider/darren-van-bekkum
2026-02-18T11:30:47.591152Z,Samyn Classic,ADDED,VANGHELUWE Warre,rider/warre-vangheluwe
2026-02-18T11:30:47.591152Z,Samyn Classic,ADDED,AGNOLETTO Blake,rider/blake-agnoletto
2026-02-18T11:30:47.591152Z,Waalse Pijl,ADDED,VENTURINI Clément,rider/clement-venturini
2026-02-18T11:30:47.591152Z,Amstel Gold Race,ADDED,VENTURINI Clément,rider/clement-venturini
2026-02-18T11:30:47.591152Z,E3 Saxo Classic,ADDED,VENTURINI Clément,rider/clement-venturini
2026-02-18T11:30:47.591152Z,Nokere Koerse,ADDED,VENTURINI Clément,rider/clement-venturini
2026-02-18T11:30:47.591152Z,Brabantse Pijl,ADDED,VENTURINI Clément,rider/clement-venturini
2026-02-18T11:30:47.591152Z,In Flanders Fields,ADDED,MATTHEWS Michael,rider/michael-matthews
2026-02-18T11:30:47.591152Z,Amstel Gold Race,ADDED,MATTHEWS Michael,rider/michael-matthews
2026-02-18T11:30:47.591152Z,Luik-Bastenaken-Luik,ADDED,MATTHEWS Michael,rider/michael-matthews
2026-02-18T11:30:47.591152Z,Ronde van Vlaanderen,ADDED,MATTHEWS Michael,rider/michael-matthews
2026-02-18T11:30:47.591152Z,Milaan-Sanremo,ADDED,MATTHEWS Michael,rider/michael-matthews
2026-02-18T11:30:47.591152Z,E3 Saxo Classic,ADDED,MATTHEWS Michael,rider/michael-matthews
2026-02-18T11:30:47.591152Z,Samyn Classic,ADDED,SCHULTEN Chiel,rider/chiel-schulten
2026-02-18T11:30:47.591152Z,Strade Bianche,ADDED,GAFFURI Mattia,rider/mattia-gaffuri
2026-02-18T11:30:47.591152Z,Omloop Nieuwsblad,ADDED,VAN GESTEL Dries,rider/dries-van-gestel
2026-02-18T11:30:47.591152Z,Luik-Bastenaken-Luik,ADDED,EULÁLIO Afonso,rider/afonso-eulalio
2026-02-18T11:30:47.591152Z,Strade Bianche,ADDED,EULÁLIO Afonso,rider/afonso-eulalio
2026-02-18T11:30:47.591152Z,Samyn Classic,ADDED,REINDERS Elmar,rider/elmar-reinders
2026-02-18T11:30:47.591152Z,Nokere Koerse,ADDED,MENTEN Milan,rider/milan-menten
2026-02-18T11:30:47.591152Z,Samyn Classic,ADDED,MENTEN Milan,rider/milan-menten
2026-02-18T11:30:47.591152Z,Ronde van Limburg,ADDED,MENTEN Milan,rider/milan-menten
2026-02-18T11:30:47.591152Z,Brabantse Pijl,ADDED,MENTEN Milan,rider/milan-menten
2026-02-18T11:30:47.591152Z,Samyn Classic,ADDED,BOUQUET Axel,rider/axel-bouquet
2026-02-18T11:30:47.591152Z,Samyn Classic,ADDED,RADCLIFFE George,rider/george-radcliffe
2026-02-18T11:30:47.591152Z,Samyn Classic,ADDED,HEREMANS Joppe,rider/joppe-heremans
2026-02-18T11:30:47.591152Z,Omloop Nieuwsblad,ADDED,RUSSO Clément,rider/clement-russo
2026-02-18T11:30:47.591152Z,Samyn Classic,ADDED,SCHAPER Joeri,rider/joeri-schaper
2026-02-18T11:30:47.591152Z,Samyn Classic,ADDED,VAN TRICHT Stan,rider/stan-van-tricht
2026-02-18T11:30:47.591152Z,Amstel Gold Race,ADDED,RACCAGNI NOVIERO Andrea,rider/andrea-raccagni-noviero
2026-02-18T11:30:47.591152Z,Luik-Bastenaken-Luik,ADDED,RACCAGNI NOVIERO Andrea,rider/andrea-raccagni-noviero
2026-02-18T11:30:47.591152Z,Strade Bianche,ADDED,RACCAGNI NOVIERO Andrea,rider/andrea-raccagni-noviero
2026-02-18T11:30:47.591152Z,Samyn Classic,ADDED,CHRISTIAN Sean,rider/sean-christian
2026-02-18T11:30:47.591152Z,In Flanders Fields,ADDED,BALLERINI Davide,rider/davide-ballerini
2026-02-18T11:30:47.591152Z,Parijs-Roubaix,ADDED,BALLERINI Davide,rider/davide-ballerini
2026-02-18T11:30:47.591152Z,Omloop Nieuwsblad,ADDED,BALLERINI Davide,rider/davide-ballerini
2026-02-18T11:30:47.591152Z,Ronde van Brugge,ADDED,BALLERINI Davide,rider/davide-ballerini
2026-02-18T11:30:47.591152Z,Ronde van Vlaanderen,ADDED,BALLERINI Davide,rider/davide-ballerini
2026-02-18T11:30:47.591152Z,Milaan-Sanremo,ADDED,BALLERINI Davide,rider/davide-ballerini
2026-02-18T11:30:47.591152Z,Samyn Classic,ADDED,SOMMER Jan,rider/jan-sommer
2026-02-18T11:30:47.591152Z,Kuurne-Brussel-Kuurne,ADDED,DE BUYST Jasper,rider/jasper-de-buyst
2026-02-18T11:30:47.591152Z,Samyn Classic,ADDED,DE BUYST Jasper,rider/jasper-de-buyst
2026-02-18T11:30:47.591152Z,Omloop Nieuwsblad,ADDED,HOBBS Noah,rider/noah-hobbs
2026-02-18T11:30:47.591152Z,Amstel Gold Race,ADDED,SIVAKOV Pavel,rider/pavel-sivakov
2026-02-18T11:30:47.591152Z,Waalse Pijl,ADDED,SIVAKOV Pavel,rider/pavel-sivakov
2026-02-18T11:30:47.591152Z,Luik-Bastenaken-Luik,ADDED,SIVAKOV Pavel,rider/pavel-sivakov
2026-02-18T11:30:47.591152Z,Omloop Nieuwsblad,ADDED,FEDOROV Yevgeniy,rider/yevgeniy-fedorov
2026-02-18T11:30:47.591152Z,Parijs-Roubaix,ADDED,KIRSCH Alex,rider/alex-kirsch
2026-02-18T11:30:47.591152Z,Ronde van Vlaanderen,ADDED,KIRSCH Alex,rider/alex-kirsch
2026-02-18T11:30:47.591152Z,Kuurne-Brussel-Kuurne,ADDED,KIRSCH Alex,rider/alex-kirsch
2026-02-18T11:30:47.591152Z,In Flanders Fields,ADDED,KIRSCH Alex,rider/alex-kirsch
2026-02-18T11:30:47.591152Z,Omloop Nieuwsblad,ADDED,KIRSCH Alex,rider/alex-kirsch
2026-02-18T11:30:47.591152Z,Ronde van Brugge,ADDED,KIRSCH Alex,rider/alex-kirsch
2026-02-18T11:30:47.591152Z,Dwars door Vlaanderen,ADDED,KIRSCH Alex,rider/alex-kirsch
2026-02-18T11:30:47.591152Z,Milaan-Sanremo,ADDED,KIRSCH Alex,rider/alex-kirsch
2026-02-18T11:30:47.591152Z,Ronde van Vlaanderen,ADDED,MORGADO António,rider/antonio-morgado
2026-02-18T11:30:47.591152Z,Dwars door Vlaanderen,ADDED,MORGADO António,rider/antonio-morgado
2026-02-18T11:30:47.591152Z,In Flanders Fields,ADDED,PEDERSEN Mads,rider/mads-pedersen
2026-02-18T11:30:47.591152Z,Parijs-Roubaix,ADDED,PEDERSEN Mads,rider/mads-pedersen
2026-02-18T11:30:47.591152Z,E3 Saxo Classic,ADDED,PEDERSEN Mads,rider/mads-pedersen
2026-02-18T11:30:47.591152Z,Ronde van Vlaanderen,ADDED,PEDERSEN Mads,rider/mads-pedersen
2026-02-18T11:30:47.591152Z,Dwars door Vlaanderen,ADDED,PEDERSEN Mads,rider/mads-pedersen
2026-02-18T11:30:47.591152Z,Milaan-Sanremo,ADDED,PEDERSEN Mads,rider/mads-pedersen
2026-02-18T11:30:47.591152Z,Samyn Classic,ADDED,ERŽEN Žak,rider/zak-erzen
2026-02-18T11:30:47.591152Z,Samyn Classic,ADDED,MAGAGNOTTI Alessio,rider/alessio-magagnotti
2026-02-18T11:30:47.591152Z,Omloop Nieuwsblad,ADDED,ÁLVAREZ Rodrigo,rider/rodrigo-alvarez-rogriguez
2026-02-18T11:30:47.591152Z,Strade Bianche,ADDED,CONCA Filippo,rider/filippo-conca
2026-02-18T11:30:47.591152Z,Samyn Classic,ADDED,BIESTERBOS Frits,rider/frits-biesterbos
2026-02-18T11:30:47.591152Z,Omloop Nieuwsblad,ADDED,WÆRENSKJOLD Søren,rider/soren-waerenskjold
2026-02-18T11:30:47.591152Z,Samyn Classic,ADDED,TESSON Jason,rider/jason-tesson
2026-02-18T11:30:47.591152Z,Ronde van Limburg,ADDED,DHAEYE Enrico,rider/enrico-dhaeye
2026-02-18T11:30:47.591152Z,Samyn Classic,ADDED,DHAEYE Enrico,rider/enrico-dhaeye
2026-02-18T11:30:47.591152Z,Amstel Gold Race,ADDED,TEUNS Dylan,rider/dylan-teuns
2026-02-18T11:30:47.591152Z,Ronde van Vlaanderen,ADDED,TEUNS Dylan,rider/dylan-teuns
2026-02-18T11:30:47.591152Z,Waalse Pijl,ADDED,TEUNS Dylan,rider/dylan-teuns
2026-02-18T11:30:47.591152Z,Omloop Nieuwsblad,ADDED,TEUNS Dylan,rider/dylan-teuns
2026-02-18T11:30:47.591152Z,Samyn Classic,ADDED,TEUNS Dylan,rider/dylan-teuns
2026-02-18T11:30:47.591152Z,Luik-Bastenaken-Luik,ADDED,TEUNS Dylan,rider/dylan-teuns
2026-02-18T11:30:47.591152Z,Dwars door Vlaanderen,ADDED,TEUNS Dylan,rider/dylan-teuns
2026-02-18T11:30:47.591152Z,Brabantse Pijl,ADDED,TEUNS Dylan,rider/dylan-teuns
2026-02-18T11:30:47.591152Z,Kuurne-Brussel-Kuurne,ADDED,PLUIMERS Rick,rider/rick-pluimers
2026-02-18T11:30:47.591152Z,Omloop Nieuwsblad,ADDED,PLUIMERS Rick,rider/rick-pluimers
2026-02-18T11:30:47.591152Z,Amstel Gold Race,ADDED,PLUIMERS Rick,rider/rick-pluimers
2026-02-18T11:30:47.591152Z,E3 Saxo Classic,ADDED,PLUIMERS Rick,rider/rick-pluimers
2026-02-18T11:30:47.591152Z,Ronde van Vlaanderen,ADDED,PLUIMERS Rick,rider/rick-pluimers
2026-02-18T11:30:47.591152Z,Samyn Classic,ADDED,VAN SINTMAARTENSDIJK Daan,rider/daan-van-sintmaartensdijk
2026-02-18T11:30:47.591152Z,Samyn Classic,ADDED,AVOINE Kévin,rider/kevin-avoine
2026-02-18T11:30:47.591152Z,Amstel Gold Race,ADDED,CHRISTEN Jan,rider/jan-christen
2026-02-18T11:30:47.591152Z,Waalse Pijl,ADDED,CHRISTEN Jan,rider/jan-christen
2026-02-18T11:30:47.591152Z,Strade Bianche,ADDED,CHRISTEN Jan,rider/jan-christen
2026-02-18T11:30:47.591152Z,Brabantse Pijl,ADDED,CHRISTEN Jan,rider/jan-christen
2026-02-18T11:30:47.591152Z,Samyn Classic,ADDED,VAN SINTMAARTENSDIJK Roel,rider/roel-van-sintmaartensdijk
2026-02-18T11:30:47.591152Z,Omloop Nieuwsblad,ADDED,VAN SINTMAARTENSDIJK Roel,rider/roel-van-sintmaartensdijk
2026-02-18T11:30:47.591152Z,Kuurne-Brussel-Kuurne,ADDED,SENTJENS Sente,rider/sente-sentjens
2026-02-18T11:30:47.591152Z,Bredene Koksijde Classic,ADDED,SENTJENS Sente,rider/sente-sentjens
2026-02-18T11:30:47.591152Z,Ronde van Limburg,ADDED,SENTJENS Sente,rider/sente-sentjens
2026-02-18T11:30:47.591152Z,Nokere Koerse,ADDED,SENTJENS Sente,rider/sente-sentjens
2026-02-18T11:30:47.591152Z,Scheldeprijs,ADDED,SENTJENS Sente,rider/sente-sentjens
2026-02-18T11:30:47.591152Z,Samyn Classic,ADDED,ÅRNES Daniel,rider/daniel-arnes
2026-02-18T11:30:47.591152Z,Omloop Nieuwsblad,ADDED,HERREGODTS Rune,rider/rune-herregodts
2026-02-18T11:30:47.591152Z,Amstel Gold Race,ADDED,SKJELMOSE Mattias,rider/mattias-skjelmose-jensen
2026-02-18T11:30:47.591152Z,Waalse Pijl,ADDED,SKJELMOSE Mattias,rider/mattias-skjelmose-jensen
2026-02-18T11:30:47.591152Z,Luik-Bastenaken-Luik,ADDED,SKJELMOSE Mattias,rider/mattias-skjelmose-jensen
2026-02-18T11:30:47.591152Z,Samyn Classic,ADDED,JOHANNINK Jelle,rider/jelle-johannink
2026-02-18T11:30:47.591152Z,Samyn Classic,ADDED,RAUGEL Antoine,rider/antoine-raugel
2026-02-18T11:30:47.591152Z,Samyn Classic,ADDED,VAN DEN BROEK Axel,rider/axel-van-den-broek1
2026-02-18T11:30:47.591152Z,Samyn Classic,ADDED,LOWAGIE Arthur,rider/arthur-lowagie
2026-02-18T11:30:47.591152Z,Samyn Classic,ADDED,MANZIN Lorrenzo,rider/lorrenzo-manzin
2026-02-18T11:30:47.591152Z,Omloop Nieuwsblad,ADDED,MANZIN Lorrenzo,rider/lorrenzo-manzin
2026-02-18T11:30:47.591152Z,Strade Bianche,ADDED,MARTÍ Pau,rider/pau-marti-soriano
2026-02-18T11:30:47.591152Z,Omloop Nieuwsblad,ADDED,RESELL Erik Nordsæter,rider/erik-nordsaeter-resell
2026-02-18T11:30:47.591152Z,Waalse Pijl,ADDED,LAURANCE Axel,rider/axel-laurance
2026-02-18T11:30:47.591152Z,Amstel Gold Race,ADDED,LAURANCE Axel,rider/axel-laurance
2026-02-18T11:30:47.591152Z,Luik-Bastenaken-Luik,ADDED,LAURANCE Axel,rider/axel-laurance
2026-02-18T11:30:47.591152Z,Strade Bianche,ADDED,LAURANCE Axel,rider/axel-laurance
2026-02-18T11:30:47.591152Z,Milaan-Sanremo,ADDED,LAURANCE Axel,rider/axel-laurance
2026-02-18T11:30:47.591152Z,Omloop Nieuwsblad,ADDED,PITHIE Laurence,rider/laurence-pithie
2026-02-18T11:30:47.591152Z,In Flanders Fields,ADDED,ARTZ Huub,rider/huub-artz
2026-02-18T11:30:47.591152Z,Parijs-Roubaix,ADDED,ARTZ Huub,rider/huub-artz
2026-02-18T11:30:47.591152Z,Omloop Nieuwsblad,ADDED,ARTZ Huub,rider/huub-artz
2026-02-18T11:30:47.591152Z,Dwars door Vlaanderen,ADDED,ARTZ Huub,rider/huub-artz
2026-02-18T11:30:47.591152Z,Ronde van Vlaanderen,ADDED,ARTZ Huub,rider/huub-artz
2026-02-18T11:30:47.591152Z,Samyn Classic,ADDED,ARTZ Huub,rider/huub-artz
2026-02-18T11:30:47.591152Z,Milaan-Sanremo,ADDED,ARTZ Huub,rider/huub-artz
2026-02-18T11:30:47.591152Z,Amstel Gold Race,ADDED,EVENEPOEL Remco,rider/remco-evenepoel
2026-02-18T11:30:47.591152Z,Waalse Pijl,ADDED,EVENEPOEL Remco,rider/remco-evenepoel
2026-02-18T11:30:47.591152Z,Luik-Bastenaken-Luik,ADDED,EVENEPOEL Remco,rider/remco-evenepoel
2026-02-18T11:30:47.591152Z,In Flanders Fields,ADDED,VALGREN Michael,rider/michael-valgren-andersen
2026-02-18T11:30:47.591152Z,Parijs-Roubaix,ADDED,VALGREN Michael,rider/michael-valgren-andersen
2026-02-18T11:30:47.591152Z,E3 Saxo Classic,ADDED,VALGREN Michael,rider/michael-valgren-andersen
2026-02-18T11:30:47.591152Z,Ronde van Vlaanderen,ADDED,VALGREN Michael,rider/michael-valgren-andersen
2026-02-18T11:30:47.591152Z,Dwars door Vlaanderen,ADDED,VALGREN Michael,rider/michael-valgren-andersen
2026-02-18T11:30:47.591152Z,In Flanders Fields,ADDED,MILAN Jonathan,rider/jonathan-milan
2026-02-18T11:30:47.591152Z,Parijs-Roubaix,ADDED,MILAN Jonathan,rider/jonathan-milan
2026-02-18T11:30:47.591152Z,Milaan-Sanremo,ADDED,MILAN Jonathan,rider/jonathan-milan
2026-02-18T11:30:47.591152Z,Kuurne-Brussel-Kuurne,ADDED,MARIT Arne,rider/arne-marit
2026-02-18T11:30:47.591152Z,In Flanders Fields,ADDED,MARIT Arne,rider/arne-marit
2026-02-18T11:30:47.591152Z,Samyn Classic,ADDED,MARIT Arne,rider/arne-marit
2026-02-18T11:30:47.591152Z,Nokere Koerse,ADDED,MARIT Arne,rider/arne-marit
2026-02-18T11:30:47.591152Z,E3 Saxo Classic,ADDED,MARIT Arne,rider/arne-marit
2026-02-18T11:30:47.591152Z,Dwars door Vlaanderen,ADDED,MARIT Arne,rider/arne-marit
2026-02-18T11:30:47.591152Z,Scheldeprijs,ADDED,MARIT Arne,rider/arne-marit
2026-02-18T11:30:47.591152Z,Kuurne-Brussel-Kuurne,ADDED,HUENS Axel,rider/axel-huens
2026-02-18T11:30:47.591152Z,Samyn Classic,ADDED,HUENS Axel,rider/axel-huens
2026-02-18T11:30:47.591152Z,Omloop Nieuwsblad,ADDED,HUENS Axel,rider/axel-huens
2026-02-18T11:30:47.591152Z,Omloop Nieuwsblad,ADDED,VANDENSTORME Dylan,rider/dylan-vandenstorme
2026-02-18T11:30:47.591152Z,Kuurne-Brussel-Kuurne,ADDED,STUYVEN Jasper,rider/jasper-stuyven
2026-02-18T11:30:47.591152Z,In Flanders Fields,ADDED,STUYVEN Jasper,rider/jasper-stuyven
2026-02-18T11:30:47.591152Z,Parijs-Roubaix,ADDED,STUYVEN Jasper,rider/jasper-stuyven
2026-02-18T11:30:47.591152Z,Omloop Nieuwsblad,ADDED,STUYVEN Jasper,rider/jasper-stuyven
2026-02-18T11:30:47.591152Z,E3 Saxo Classic,ADDED,STUYVEN Jasper,rider/jasper-stuyven
2026-02-18T11:30:47.591152Z,Ronde van Vlaanderen,ADDED,STUYVEN Jasper,rider/jasper-stuyven
2026-02-18T11:30:47.591152Z,Milaan-Sanremo,ADDED,STUYVEN Jasper,rider/jasper-stuyven
2026-02-18T11:30:47.591152Z,Omloop Nieuwsblad,ADDED,VAN HEMELEN Vincent,rider/vincent-van-hemelen
2026-02-18T11:30:47.591152Z,Amstel Gold Race,ADDED,VAN WILDER Ilan,rider/ilan-van-wilder
2026-02-18T11:30:47.591152Z,Waalse Pijl,ADDED,VAN WILDER Ilan,rider/ilan-van-wilder
2026-02-18T11:30:47.591152Z,Luik-Bastenaken-Luik,ADDED,VAN WILDER Ilan,rider/ilan-van-wilder
2026-02-18T11:30:47.591152Z,Omloop Nieuwsblad,ADDED,RIESEBEEK Oscar,rider/oscar-riesebeek
2026-02-18T11:30:47.591152Z,Omloop Nieuwsblad,ADDED,BRUNEL Alexys,rider/alexys-brunel
2026-02-18T11:30:47.591152Z,Parijs-Roubaix,ADDED,POGAČAR Tadej,rider/tadej-pogacar
2026-02-18T11:30:47.591152Z,Luik-Bastenaken-Luik,ADDED,POGAČAR Tadej,rider/tadej-pogacar
2026-02-18T11:30:47.591152Z,Ronde van Vlaanderen,ADDED,POGAČAR Tadej,rider/tadej-pogacar
2026-02-18T11:30:47.591152Z,Strade Bianche,ADDED,POGAČAR Tadej,rider/tadej-pogacar
2026-02-18T11:30:47.591152Z,Milaan-Sanremo,ADDED,POGAČAR Tadej,rider/tadej-pogacar
2026-02-18T11:30:47.591152Z,Milaan-Sanremo,ADDED,CARUSO Damiano,rider/damiano-caruso
2026-02-18T11:30:47.591152Z,Samyn Classic,ADDED,GOVEKAR Matevž,rider/matevz-govekar
2026-02-18T11:30:47.591152Z,Kuurne-Brussel-Kuurne,ADDED,TRENTIN Matteo,rider/matteo-trentin
2026-02-18T11:30:47.591152Z,Omloop Nieuwsblad,ADDED,TRENTIN Matteo,rider/matteo-trentin
2026-02-18T11:30:47.591152Z,Omloop Nieuwsblad,ADDED,HEIDUK Kim,rider/kim-heiduk
2026-02-18T11:30:47.591152Z,Kuurne-Brussel-Kuurne,ADDED,VAN DIJKE Mick,rider/mick-van-dijke
2026-02-18T11:30:47.591152Z,Parijs-Roubaix,ADDED,VAN DIJKE Mick,rider/mick-van-dijke
2026-02-18T11:30:47.591152Z,Omloop Nieuwsblad,ADDED,VAN DIJKE Mick,rider/mick-van-dijke
2026-02-18T11:30:47.591152Z,Ronde van Vlaanderen,ADDED,VAN DIJKE Mick,rider/mick-van-dijke
2026-02-18T11:30:47.591152Z,Dwars door Vlaanderen,ADDED,VAN DIJKE Mick,rider/mick-van-dijke
2026-02-18T11:30:47.591152Z,Luik-Bastenaken-Luik,ADDED,CORT Magnus,rider/magnus-cort-nielsen
2026-02-18T11:30:47.591152Z,Milaan-Sanremo,ADDED,CORT Magnus,rider/magnus-cort-nielsen
2026-02-18T11:30:47.591152Z,Omloop Nieuwsblad,ADDED,HALLER Marco,rider/marco-haller
2026-02-18T11:30:47.591152Z,Parijs-Roubaix,ADDED,WELLENS Tim,rider/tim-wellens
2026-02-18T11:30:47.591152Z,Amstel Gold Race,ADDED,WELLENS Tim,rider/tim-wellens
2026-02-18T11:30:47.591152Z,Ronde van Vlaanderen,ADDED,WELLENS Tim,rider/tim-wellens
2026-02-18T11:30:47.591152Z,Strade Bianche,ADDED,WELLENS Tim,rider/tim-wellens
2026-02-18T11:30:47.591152Z,Kuurne-Brussel-Kuurne,ADDED,WELLENS Tim,rider/tim-wellens
2026-02-18T11:30:47.591152Z,In Flanders Fields,ADDED,WELLENS Tim,rider/tim-wellens
2026-02-18T11:30:47.591152Z,Omloop Nieuwsblad,ADDED,WELLENS Tim,rider/tim-wellens
2026-02-18T11:30:47.591152Z,Nokere Koerse,ADDED,WELLENS Tim,rider/tim-wellens
2026-02-18T11:30:47.591152Z,E3 Saxo Classic,ADDED,WELLENS Tim,rider/tim-wellens
2026-02-18T11:30:47.591152Z,Dwars door Vlaanderen,ADDED,WELLENS Tim,rider/tim-wellens
2026-02-18T11:30:47.591152Z,Milaan-Sanremo,ADDED,WELLENS Tim,rider/tim-wellens
2026-02-18T11:30:47.591152Z,Brabantse Pijl,ADDED,WELLENS Tim,rider/tim-wellens
2026-02-18T11:30:47.591152Z,Samyn Classic,ADDED,VAN MECHELEN Vlad,rider/vlad-van-mechelen
2026-02-18T11:30:47.591152Z,Omloop Nieuwsblad,ADDED,VAN MECHELEN Vlad,rider/vlad-van-mechelen
2026-02-18T11:30:47.591152Z,Samyn Classic,ADDED,BOLLE Bert,rider/bert-bolle
2026-02-18T11:30:47.591152Z,Samyn Classic,ADDED,BEHRENS Niklas,rider/niklas-behrens
2026-02-18T11:30:47.591152Z,Dwars door Vlaanderen,ADDED,TURGIS Anthony,rider/anthony-turgis
2026-02-18T11:30:47.591152Z,Omloop Nieuwsblad,ADDED,TURGIS Anthony,rider/anthony-turgis
2026-02-18T11:30:47.591152Z,Samyn Classic,ADDED,NIELSEN Magnus Lorents,rider/magnus-lorents-nielsen
2026-02-18T11:30:47.591152Z,Kuurne-Brussel-Kuurne,ADDED,FIORELLI Filippo,rider/filippo-fiorelli
2026-02-18T11:30:47.591152Z,Luik-Bastenaken-Luik,ADDED,FIORELLI Filippo,rider/filippo-fiorelli
2026-02-18T11:30:47.591152Z,Strade Bianche,ADDED,FIORELLI Filippo,rider/filippo-fiorelli
2026-02-18T11:30:47.591152Z,Amstel Gold Race,ADDED,FIORELLI Filippo,rider/filippo-fiorelli
2026-02-18T11:30:47.591152Z,Samyn Classic,ADDED,DEKKER David,rider/david-dekker
2026-02-18T11:30:47.591152Z,Samyn Classic,ADDED,HUPPERTZ Joshua,rider/joshua-huppertz
2026-02-18T11:30:47.591152Z,Samyn Classic,ADDED,KROONEN Max,rider/max-kroonen
2026-02-18T11:30:47.591152Z,Samyn Classic,ADDED,RASENBERG Martijn,rider/martijn-rasenberg
2026-02-18T11:30:47.591152Z,Omloop Nieuwsblad,ADDED,RASENBERG Martijn,rider/martijn-rasenberg
2026-02-18T11:30:47.591152Z,Amstel Gold Race,ADDED,BAUDIN Alex,rider/alex-baudin
2026-02-18T11:30:47.591152Z,Waalse Pijl,ADDED,BAUDIN Alex,rider/alex-baudin
2026-02-18T11:30:47.591152Z,Luik-Bastenaken-Luik,ADDED,BAUDIN Alex,rider/alex-baudin
2026-02-18T11:30:47.591152Z,Omloop Nieuwsblad,ADDED,PEDERSEN Casper,rider/casper-pedersen
2026-02-18T11:30:47.591152Z,Omloop Nieuwsblad,ADDED,LARSEN Niklas,rider/niklas-larsen
2026-02-18T11:30:47.591152Z,Omloop Nieuwsblad,ADDED,BYSTRØM Sven Erik,rider/sven-erik-bystrom
2026-02-18T11:30:47.591152Z,Kuurne-Brussel-Kuurne,ADDED,FOLDAGER Anders,rider/anders-foldager
2026-02-18T11:30:47.591152Z,Omloop Nieuwsblad,ADDED,FOLDAGER Anders,rider/anders-foldager
2026-02-18T11:30:47.591152Z,Samyn Classic,ADDED,HULSMANS Senne,rider/senne-hulsmans
2026-02-18T11:30:47.591152Z,Samyn Classic,ADDED,CORKERY Dillon,rider/dillon-corkery
2026-02-18T11:30:47.591152Z,Kuurne-Brussel-Kuurne,ADDED,CRABBE Tom,rider/tom-crabbe
2026-02-18T11:30:47.591152Z,Amstel Gold Race,ADDED,VAN BOVEN Luca,rider/luca-van-boven
2026-02-18T11:30:47.591152Z,Omloop Nieuwsblad,ADDED,VAN BOVEN Luca,rider/luca-van-boven
2026-02-18T11:30:47.591152Z,Samyn Classic,ADDED,BOARDMAN Samuel,rider/samuel-boardman
2026-02-18T11:30:47.591152Z,Samyn Classic,ADDED,BAUHAUS Phil,rider/phil-bauhaus
2026-02-18T11:30:47.591152Z,Amstel Gold Race,ADDED,IZAGIRRE Ion,rider/ion-izagirre
2026-02-18T11:30:47.591152Z,Waalse Pijl,ADDED,IZAGIRRE Ion,rider/ion-izagirre
2026-02-18T11:30:47.591152Z,Luik-Bastenaken-Luik,ADDED,IZAGIRRE Ion,rider/ion-izagirre
2026-02-18T11:30:47.591152Z,Parijs-Roubaix,ADDED,VERMEERSCH Florian,rider/florian-vermeersch
2026-02-18T11:30:47.591152Z,Ronde van Vlaanderen,ADDED,VERMEERSCH Florian,rider/florian-vermeersch
2026-02-18T11:30:47.591152Z,Strade Bianche,ADDED,VERMEERSCH Florian,rider/florian-vermeersch
2026-02-18T11:30:47.591152Z,Kuurne-Brussel-Kuurne,ADDED,VERMEERSCH Florian,rider/florian-vermeersch
2026-02-18T11:30:47.591152Z,In Flanders Fields,ADDED,VERMEERSCH Florian,rider/florian-vermeersch
2026-02-18T11:30:47.591152Z,Omloop Nieuwsblad,ADDED,VERMEERSCH Florian,rider/florian-vermeersch
2026-02-18T11:30:47.591152Z,Ronde van Brugge,ADDED,VERMEERSCH Florian,rider/florian-vermeersch
2026-02-18T11:30:47.591152Z,E3 Saxo Classic,ADDED,VERMEERSCH Florian,rider/florian-vermeersch
2026-02-18T11:30:47.591152Z,Dwars door Vlaanderen,ADDED,VERMEERSCH Florian,rider/florian-vermeersch
2026-02-18T11:30:47.591152Z,Milaan-Sanremo,ADDED,VERMEERSCH Florian,rider/florian-vermeersch
2026-02-18T11:30:47.591152Z,Waalse Pijl,ADDED,LAFAY Victor,rider/victor-lafay
2026-02-18T11:30:47.591152Z,Strade Bianche,ADDED,LAFAY Victor,rider/victor-lafay
2026-02-18T11:30:47.591152Z,In Flanders Fields,ADDED,LAMPAERT Yves,rider/yves-lampaert
2026-02-18T11:30:47.591152Z,Parijs-Roubaix,ADDED,LAMPAERT Yves,rider/yves-lampaert
2026-02-18T11:30:47.591152Z,Omloop Nieuwsblad,ADDED,LAMPAERT Yves,rider/yves-lampaert
2026-02-18T11:30:47.591152Z,Ronde van Vlaanderen,ADDED,LAMPAERT Yves,rider/yves-lampaert
2026-02-18T11:30:47.591152Z,Dwars door Vlaanderen,ADDED,LAMPAERT Yves,rider/yves-lampaert
2026-02-18T11:30:47.591152Z,Samyn Classic,ADDED,HANNES Victor,rider/victor-hannes
2026-02-18T11:30:47.591152Z,Strade Bianche,ADDED,ZIMMERMANN Georg,rider/georg-zimmermann
2026-02-18T11:30:47.591152Z,Milaan-Sanremo,ADDED,ZIMMERMANN Georg,rider/georg-zimmermann
2026-02-18T11:30:47.591152Z,Kuurne-Brussel-Kuurne,ADDED,SÉNÉCHAL Florian,rider/florian-senechal
2026-02-18T11:30:47.591152Z,In Flanders Fields,ADDED,SÉNÉCHAL Florian,rider/florian-senechal
2026-02-18T11:30:47.591152Z,Parijs-Roubaix,ADDED,SÉNÉCHAL Florian,rider/florian-senechal
2026-02-18T11:30:47.591152Z,Omloop Nieuwsblad,ADDED,SÉNÉCHAL Florian,rider/florian-senechal
2026-02-18T11:30:47.591152Z,Ronde van Brugge,ADDED,SÉNÉCHAL Florian,rider/florian-senechal
2026-02-18T11:30:47.591152Z,Nokere Koerse,ADDED,SÉNÉCHAL Florian,rider/florian-senechal
2026-02-18T11:30:47.591152Z,Ronde van Vlaanderen,ADDED,SÉNÉCHAL Florian,rider/florian-senechal
2026-02-18T11:30:47.591152Z,Samyn Classic,ADDED,TOWNSEND Rory,rider/rory-townsend
2026-02-18T11:30:47.591152Z,Samyn Classic,ADDED,SVRČEK Martin,rider/martin-svrcek
2026-02-18T11:30:47.591152Z,Samyn Classic,ADDED,DAIX Guillaume,rider/guillaume-daix
2026-02-18T11:30:47.591152Z,Omloop Nieuwsblad,ADDED,DE PESTEL Sander,rider/sander-de-pestel
2026-02-18T11:30:47.591152Z,Bredene Koksijde Classic,ADDED,JAKOBSEN Fabio,rider/fabio-jakobsen
2026-02-18T11:30:47.591152Z,Ronde van Brugge,ADDED,JAKOBSEN Fabio,rider/fabio-jakobsen
2026-02-18T11:30:47.591152Z,Nokere Koerse,ADDED,JAKOBSEN Fabio,rider/fabio-jakobsen
2026-02-18T11:30:47.591152Z,Samyn Classic,ADDED,JAKOBSEN Fabio,rider/fabio-jakobsen
2026-02-18T11:30:47.591152Z,Scheldeprijs,ADDED,JAKOBSEN Fabio,rider/fabio-jakobsen
2026-02-18T11:30:47.591152Z,Omloop Nieuwsblad,ADDED,MIKUTIS Aivaras,rider/aivaras-mikutis
2026-02-18T11:30:47.591152Z,Omloop Nieuwsblad,ADDED,AFFINI Edoardo,rider/edoardo-affini
2026-02-18T11:30:47.591152Z,Samyn Classic,ADDED,FONTAINE Titouan,rider/titouan-fontaine
2026-02-18T11:30:47.591152Z,Omloop Nieuwsblad,ADDED,DE JONG Timo,rider/timo-de-jong
2026-02-18T11:30:47.591152Z,Strade Bianche,ADDED,DEL TORO Isaac,rider/isaac-del-toro
2026-02-18T11:30:47.591152Z,Milaan-Sanremo,ADDED,DEL TORO Isaac,rider/isaac-del-toro
2026-02-18T11:30:47.591152Z,Amstel Gold Race,ADDED,BUSATTO Francesco,rider/francesco-busatto
2026-02-18T11:30:47.591152Z,Waalse Pijl,ADDED,BUSATTO Francesco,rider/francesco-busatto
2026-02-18T11:30:47.591152Z,Strade Bianche,ADDED,BUSATTO Francesco,rider/francesco-busatto
2026-02-18T11:30:47.591152Z,Luik-Bastenaken-Luik,ADDED,BUSATTO Francesco,rider/francesco-busatto
2026-02-18T11:30:47.591152Z,Samyn Classic,ADDED,ROOSEN Timo,rider/timo-roosen
2026-02-18T11:30:47.591152Z,Omloop Nieuwsblad,ADDED,ROOSEN Timo,rider/timo-roosen
2026-02-18T11:30:47.591152Z,Parijs-Roubaix,ADDED,SÖDERQVIST Jakob,rider/jakob-soderqvist
2026-02-18T11:30:47.591152Z,Omloop Nieuwsblad,ADDED,SÖDERQVIST Jakob,rider/jakob-soderqvist
2026-02-18T11:30:47.591152Z,Omloop Nieuwsblad,ADDED,O'BRIEN Kelland,rider/kelland-brien
2026-02-18T11:30:47.591152Z,Milaan-Sanremo,ADDED,VINOKUROV Nicolas,rider/nicolas-vinokurov
2026-02-18T11:30:47.591152Z,Omloop Nieuwsblad,ADDED,KMÍNEK Vojtěch,rider/vojtech-kminek
2026-02-18T11:30:47.591152Z,Ronde van Vlaanderen,ADDED,AERTS Toon,rider/toon-aerts
2026-02-18T11:30:47.591152Z,Parijs-Roubaix,ADDED,AERTS Toon,rider/toon-aerts
2026-02-18T11:30:47.591152Z,Samyn Classic,ADDED,DAUPHIN Florian,rider/florian-dauphin
2026-02-18T11:30:47.591152Z,Waalse Pijl,ADDED,AYUSO Juan,rider/juan-ayuso-pesquera
2026-02-18T11:30:47.591152Z,Luik-Bastenaken-Luik,ADDED,AYUSO Juan,rider/juan-ayuso-pesquera
2026-02-18T11:30:47.591152Z,Kuurne-Brussel-Kuurne,ADDED,DE SCHUYTENEER Steffen,rider/steffen-de-schuyteneer
2026-02-18T11:30:47.591152Z,Bredene Koksijde Classic,ADDED,DE SCHUYTENEER Steffen,rider/steffen-de-schuyteneer
2026-02-18T11:30:47.591152Z,Nokere Koerse,ADDED,DE SCHUYTENEER Steffen,rider/steffen-de-schuyteneer
2026-02-18T11:30:47.591152Z,Samyn Classic,ADDED,DE SCHUYTENEER Steffen,rider/steffen-de-schuyteneer
2026-02-18T11:30:47.591152Z,Scheldeprijs,ADDED,DE SCHUYTENEER Steffen,rider/steffen-de-schuyteneer
2026-02-18T11:30:47.591152Z,Omloop Nieuwsblad,ADDED,ABRAHAMSEN Jonas,rider/jonas-abrahamsen
2026-02-18T11:30:47.591152Z,Milaan-Sanremo,ADDED,ABRAHAMSEN Jonas,rider/jonas-abrahamsen
2026-02-18T11:30:47.591152Z,Omloop Nieuwsblad,ADDED,WATSON Samuel,rider/samuel-watson
2026-02-18T11:30:47.591152Z,Samyn Classic,ADDED,GRUPP Louis,rider/louis-grupp
2026-02-18T11:30:47.591152Z,Omloop Nieuwsblad,ADDED,REX Laurenz,rider/laurenz-rex
2026-02-19T14:39:42.589399Z,Ronde van Brugge,ADDED,CRABBE Tom,rider/tom-crabbe
2026-02-19T14:39:42.589399Z,Scheldeprijs,ADDED,CRABBE Tom,rider/tom-crabbe
2026-02-19T14:39:42.589399Z,Nokere Koerse,ADDED,CRABBE Tom,rider/tom-crabbe
2026-02-19T14:39:42.589399Z,In Flanders Fields,ADDED,CRABBE Tom,rider/tom-crabbe
2026-02-19T14:39:42.589399Z,Dwars door Vlaanderen,ADDED,CRABBE Tom,rider/tom-crabbe
2026-02-19T14:39:42.589399Z,Bredene Koksijde Classic,ADDED,CRABBE Tom,rider/tom-crabbe
2026-02-19T14:39:42.589399Z,E3 Saxo Classic,ADDED,PITHIE Laurence,rider/laurence-pithie
2026-02-19T14:39:42.589399Z,Parijs-Roubaix,ADDED,PITHIE Laurence,rider/laurence-pithie
2026-02-19T14:39:42.589399Z,Milaan-Sanremo,ADDED,PITHIE Laurence,rider/laurence-pithie
2026-02-19T14:39:42.589399Z,Kuurne-Brussel-Kuurne,ADDED,PITHIE Laurence,rider/laurence-pithie
2026-02-19T14:39:42.589399Z,In Flanders Fields,ADDED,PITHIE Laurence,rider/laurence-pithie
2026-02-19T14:39:42.589399Z,Ronde van Vlaanderen,ADDED,PITHIE Laurence,rider/laurence-pithie
2026-02-19T14:39:42.589399Z,Dwars door Vlaanderen,ADDED,PITHIE Laurence,rider/laurence-pithie
2026-02-19T14:39:42.589399Z,Milaan-Sanremo,ADDED,PLUIMERS Rick,rider/rick-pluimers
2026-02-19T14:39:42.589399Z,Dwars door Vlaanderen,ADDED,PLUIMERS Rick,rider/rick-pluimers
2026-02-19T14:39:42.589399Z,Omloop Nieuwsblad,REMOVED,BENOOT Tiesj,rider/tiesj-benoot
2026-02-19T14:39:42.589399Z,E3 Saxo Classic,REMOVED,BENOOT Tiesj,rider/tiesj-benoot
2026-02-19T14:39:42.589399Z,Waalse Pijl,REMOVED,BENOOT Tiesj,rider/tiesj-benoot
2026-02-19T14:39:42.589399Z,Luik-Bastenaken-Luik,REMOVED,BENOOT Tiesj,rider/tiesj-benoot
2026-02-19T14:39:42.589399Z,Kuurne-Brussel-Kuurne,REMOVED,BENOOT Tiesj,rider/tiesj-benoot
2026-02-19T14:39:42.589399Z,In Flanders Fields,REMOVED,BENOOT Tiesj,rider/tiesj-benoot
2026-02-19T14:39:42.589399Z,Ronde van Vlaanderen,REMOVED,BENOOT Tiesj,rider/tiesj-benoot
2026-02-19T14:39:42.589399Z,Dwars door Vlaanderen,REMOVED,BENOOT Tiesj,rider/tiesj-benoot
2026-02-19T14:39:42.589399Z,Amstel Gold Race,REMOVED,BENOOT Tiesj,rider/tiesj-benoot
2026-02-19T19:52:18.489832Z,Kuurne-Brussel-Kuurne,REMOVED,GHYS Robbe,rider/robbe-ghys
2026-02-20T14:26:26.517630Z,Samyn Classic,REMOVED,HULSMANS Senne,rider/senne-hulsmans
2026-02-20T14:26:26.517630Z,Samyn Classic,REMOVED,BRINKMAN Joost,rider/joost-brinkman
2026-02-20T14:26:26.517630Z,Samyn Classic,ADDED,GEENS Jonas,rider/jonas-geens
2026-02-20T14:26:26.517630Z,Samyn Classic,ADDED,PAARDEKOOPER Thijmen,rider/thijmen-paardekooper
2026-02-20T14:26:26.517630Z,Samyn Classic,ADDED,ABMA Elmar,rider/elmar-abma
2026-02-20T14:26:26.517630Z,Samyn Classic,ADDED,PRICE-PEJTERSEN Johan,rider/johan-price-pejtersen
2026-02-20T14:26:26.517630Z,Samyn Classic,REMOVED,VERLEYSEN Thor,rider/thor-verleysen
2026-02-20T14:26:26.517630Z,Samyn Classic,ADDED,RICKAERT Jonas,rider/jonas-rickaert
2026-02-20T14:26:26.517630Z,Samyn Classic,ADDED,DEHAIRS Simon,rider/simon-dehairs
2026-02-20T14:26:26.517630Z,Samyn Classic,ADDED,WOETS Mattanja,rider/mattanja-woets
2026-02-20T14:26:26.517630Z,Samyn Classic,ADDED,GROVES Kaden,rider/kaden-groves
2026-02-20T14:26:26.517630Z,Samyn Classic,ADDED,THIJSSEN Gerben,rider/gerben-thijssen
2026-02-20T14:26:26.517630Z,Samyn Classic,ADDED,DILLIER Silvan,rider/silvan-dillier
2026-02-21T13:54:37.293371Z,Amstel Gold Race,ADDED,BIESTERBOS Frits,rider/frits-biesterbos
2026-02-21T19:05:21.016705Z,Samyn Classic,REMOVED,MANZIN Lorrenzo,rider/lorrenzo-manzin
2026-02-21T19:05:21.016705Z,Omloop Nieuwsblad,REMOVED,MANZIN Lorrenzo,rider/lorrenzo-manzin
2026-02-22T13:55:08.676730Z,Strade Bianche,ADDED,ARENSMAN Thymen,rider/thymen-arensman
2026-02-22T13:55:08.676730Z,Luik-Bastenaken-Luik,ADDED,MOLENAAR Alex,rider/alex-molenaar
2026-02-22T19:06:03.887683Z,Kuurne-Brussel-Kuurne,ADDED,BERCKMOES Jenno,rider/jenno-berckmoes
2026-02-22T19:06:03.887683Z,Kuurne-Brussel-Kuurne,ADDED,MILAN Jonathan,rider/jonathan-milan
2026-02-23T05:21:25.061401Z,Kuurne-Brussel-Kuurne,ADDED,MIHOLJEVIĆ Fran,rider/fran-miholjevic
2026-02-23T05:21:25.061401Z,Kuurne-Brussel-Kuurne,ADDED,MORO Manlio,rider/manlio-moro
2026-02-23T05:21:25.061401Z,Kuurne-Brussel-Kuurne,REMOVED,VERMEERSCH Gianni,rider/gianni-vermeersch
2026-02-23T05:21:25.061401Z,Kuurne-Brussel-Kuurne,ADDED,BRAET Vito,rider/vito-braet
2026-02-23T05:21:25.061401Z,Kuurne-Brussel-Kuurne,ADDED,BAYER Tobias,rider/tobias-bayer
2026-02-23T05:21:25.061401Z,Kuurne-Brussel-Kuurne,ADDED,DEMAN Brem,rider/brem-deman
2026-02-23T05:21:25.061401Z,Kuurne-Brussel-Kuurne,ADDED,BOARDMAN Samuel,rider/samuel-boardman
2026-02-23T05:21:25.061401Z,Kuurne-Brussel-Kuurne,ADDED,TILLER Rasmus,rider/rasmus-tiller
2026-02-23T05:21:25.061401Z,Kuurne-Brussel-Kuurne,ADDED,FONTAINE Titouan,rider/titouan-fontaine
2026-02-23T05:21:25.061401Z,Kuurne-Brussel-Kuurne,REMOVED,BITTNER Pavel,rider/pavel-bittner
2026-02-23T05:21:25.061401Z,Kuurne-Brussel-Kuurne,ADDED,BALLERINI Davide,rider/davide-ballerini
2026-02-23T05:21:25.061401Z,Kuurne-Brussel-Kuurne,ADDED,RICKAERT Jonas,rider/jonas-rickaert
2026-02-23T05:21:25.061401Z,Kuurne-Brussel-Kuurne,ADDED,KESSLER Cole,rider/cole-kessler
2026-02-23T05:21:25.061401Z,Kuurne-Brussel-Kuurne,ADDED,PLANCKAERT Edward,rider/edward-planckaert
2026-02-23T05:21:25.061401Z,Kuurne-Brussel-Kuurne,ADDED,BOULAHOITE Rayan,rider/rayan-boulahoite
2026-02-23T05:21:25.061401Z,Kuurne-Brussel-Kuurne,ADDED,BORGO Alessandro,rider/alessandro-borgo
2026-02-23T05:21:25.061401Z,Kuurne-Brussel-Kuurne,ADDED,PEDERSEN Henrik,rider/henrik-pedersen
2026-02-23T05:21:25.061401Z,Kuurne-Brussel-Kuurne,ADDED,CANAL Carlos,rider/carlos-canal
2026-02-23T05:21:25.061401Z,Kuurne-Brussel-Kuurne,REMOVED,FOLDAGER Anders,rider/anders-foldager
2026-02-23T05:21:25.061401Z,Kuurne-Brussel-Kuurne,ADDED,CAVIA Daniel,rider/daniel-cavia-sanz
2026-02-23T05:21:25.061401Z,Kuurne-Brussel-Kuurne,ADDED,HOBBS Noah,rider/noah-hobbs
2026-02-23T05:21:25.061401Z,Kuurne-Brussel-Kuurne,ADDED,GEENS Jonas,rider/jonas-geens
2026-02-23T05:21:25.061401Z,Kuurne-Brussel-Kuurne,ADDED,REINDERS Elmar,rider/elmar-reinders
2026-02-23T05:21:25.061401Z,Kuurne-Brussel-Kuurne,ADDED,VAN HAUTEGEM Leander,rider/leander-van-hautegem
2026-02-23T05:21:25.061401Z,Kuurne-Brussel-Kuurne,ADDED,BURNETT Josh,rider/josh-burnett
2026-02-23T05:21:25.061401Z,Kuurne-Brussel-Kuurne,ADDED,DE LA CALLE Hugo,rider/hugo-de-la-calle-arango
2026-02-23T05:21:25.061401Z,Kuurne-Brussel-Kuurne,ADDED,PICKRELL Riley,rider/riley-pickrell
2026-02-23T05:21:25.061401Z,Kuurne-Brussel-Kuurne,ADDED,VERCOUILLIE Victor,rider/victor-vercouillie
2026-02-23T05:21:25.061401Z,Kuurne-Brussel-Kuurne,ADDED,SYRITSA Gleb,rider/gleb-syritsa
2026-02-23T05:21:25.061401Z,Kuurne-Brussel-Kuurne,ADDED,PEDERSEN Rasmus Søjberg,rider/rasmus-sojbergpedersen
2026-02-23T05:21:25.061401Z,Kuurne-Brussel-Kuurne,ADDED,DE GENDT Aimé,rider/aime-de-gendt
2026-02-23T05:21:25.061401Z,Kuurne-Brussel-Kuurne,ADDED,JEANNIÈRE Emilien,rider/emilien-jeanniere
2026-02-23T05:21:25.061401Z,Kuurne-Brussel-Kuurne,ADDED,THIERRY Pierre,rider/pierre-thierry
2026-02-23T05:21:25.061401Z,Kuurne-Brussel-Kuurne,ADDED,SEGAERT Alec,rider/alec-segaert
2026-02-23T05:21:25.061401Z,Kuurne-Brussel-Kuurne,ADDED,MULLEN Ryan,rider/ryan-mullen
2026-02-23T05:21:25.061401Z,Kuurne-Brussel-Kuurne,ADDED,FAGÚNDEZ Eric Antonio,rider/eric-antonio-fagundez
2026-02-23T05:21:25.061401Z,Kuurne-Brussel-Kuurne,ADDED,MAAS Jan,rider/jan-maas
2026-02-23T05:21:25.061401Z,Kuurne-Brussel-Kuurne,REMOVED,SENTJENS Sente,rider/sente-sentjens
2026-02-23T05:21:25.061401Z,Kuurne-Brussel-Kuurne,ADDED,ÁLVAREZ Rodrigo,rider/rodrigo-alvarez-rogriguez
2026-02-23T05:21:25.061401Z,Kuurne-Brussel-Kuurne,ADDED,GRADEK Kamil,rider/kamil-gradek
2026-02-23T05:21:25.061401Z,Kuurne-Brussel-Kuurne,ADDED,BOIVIN Guillaume,rider/guillaume-boivin
2026-02-23T05:21:25.061401Z,Kuurne-Brussel-Kuurne,REMOVED,GROENEWEGEN Dylan,rider/dylan-groenewegen
2026-02-23T05:21:25.061401Z,Kuurne-Brussel-Kuurne,ADDED,GEERAERTS Ferre,rider/ferre-geeraerts
2026-02-23T05:21:25.061401Z,Kuurne-Brussel-Kuurne,ADDED,SLOCK Liam,rider/liam-slock
2026-02-23T05:21:25.061401Z,Kuurne-Brussel-Kuurne,ADDED,DE POOTER Dries,rider/dries-de-pooter
2026-02-23T05:21:25.061401Z,Kuurne-Brussel-Kuurne,ADDED,TEUNISSEN Mike,rider/mike-teunissen
2026-02-23T05:21:25.061401Z,Kuurne-Brussel-Kuurne,ADDED,RESELL Erik Nordsæter,rider/erik-nordsaeter-resell
2026-02-23T05:21:25.061401Z,Kuurne-Brussel-Kuurne,ADDED,POLITT Nils,rider/nils-politt
2026-02-23T05:21:25.061401Z,Kuurne-Brussel-Kuurne,ADDED,BAUHAUS Phil,rider/phil-bauhaus
2026-02-23T05:21:25.061401Z,Kuurne-Brussel-Kuurne,ADDED,CHRISTIAN Sean,rider/sean-christian
2026-02-23T05:21:25.061401Z,Kuurne-Brussel-Kuurne,ADDED,SHEEHAN Riley,rider/riley-sheehan
2026-02-23T05:21:25.061401Z,Kuurne-Brussel-Kuurne,ADDED,MIKUTIS Aivaras,rider/aivaras-mikutis
2026-02-23T05:21:25.061401Z,Kuurne-Brussel-Kuurne,ADDED,O'BRIEN Kelland,rider/kelland-brien
2026-02-23T05:21:25.061401Z,Kuurne-Brussel-Kuurne,REMOVED,PHILIPSEN Jasper,rider/jasper-philipsen
2026-02-23T05:21:25.061401Z,Kuurne-Brussel-Kuurne,ADDED,FRISON Frederik,rider/frederik-frison
2026-02-23T05:21:25.061401Z,Kuurne-Brussel-Kuurne,ADDED,MAŁECKI Kamil,rider/kamil-malecki
2026-02-23T05:21:25.061401Z,Kuurne-Brussel-Kuurne,ADDED,KÜNG Stefan,rider/stefan-kung
2026-02-23T05:21:25.061401Z,Kuurne-Brussel-Kuurne,ADDED,VAN GESTEL Dries,rider/dries-van-gestel
2026-02-23T05:21:25.061401Z,Kuurne-Brussel-Kuurne,ADDED,STEWART Mark,rider/mark-stewart
2026-02-23T05:21:25.061401Z,Kuurne-Brussel-Kuurne,ADDED,ALLENO Clément,rider/clement-alleno
2026-02-23T05:21:25.061401Z,Kuurne-Brussel-Kuurne,ADDED,BRUNEL Alexys,rider/alexys-brunel
2026-02-23T05:21:25.061401Z,Kuurne-Brussel-Kuurne,ADDED,LOUVEL Matis,rider/matis-louvel
2026-02-23T05:21:25.061401Z,Kuurne-Brussel-Kuurne,ADDED,HALLER Marco,rider/marco-haller
2026-02-23T05:21:25.061401Z,Kuurne-Brussel-Kuurne,ADDED,DILLIER Silvan,rider/silvan-dillier
2026-02-23T05:21:25.061401Z,Kuurne-Brussel-Kuurne,ADDED,HONORÉ Mikkel Frølich,rider/mikkel-honore
2026-02-23T05:21:25.061401Z,Kuurne-Brussel-Kuurne,ADDED,GONOV Lev,rider/lev-gonov
2026-02-23T05:21:25.061401Z,Kuurne-Brussel-Kuurne,ADDED,GOVEKAR Matevž,rider/matevz-govekar
2026-02-23T05:21:25.061401Z,Kuurne-Brussel-Kuurne,ADDED,VAN KERCKHOVE Matisse,rider/matisse-van-kerckhove
2026-02-23T05:21:25.061401Z,Kuurne-Brussel-Kuurne,ADDED,CAUDELL Ezra,rider/ezra-caudell
2026-02-23T05:21:25.061401Z,Kuurne-Brussel-Kuurne,ADDED,GARCÍA CORTINA Iván,rider/ivan-garcia-cortina
2026-02-23T05:21:25.061401Z,Kuurne-Brussel-Kuurne,ADDED,LEROUX Samuel,rider/samuel-leroux
2026-02-23T05:21:25.061401Z,Kuurne-Brussel-Kuurne,ADDED,AGNOLETTO Blake,rider/blake-agnoletto
2026-02-23T05:21:25.061401Z,Kuurne-Brussel-Kuurne,ADDED,MACIEJUK Filip,rider/filip-maciejuk
2026-02-23T05:21:25.061401Z,Kuurne-Brussel-Kuurne,ADDED,HERREGODTS Rune,rider/rune-herregodts
2026-02-23T05:21:25.061401Z,Kuurne-Brussel-Kuurne,ADDED,RASENBERG Martijn,rider/martijn-rasenberg
2026-02-23T05:21:25.061401Z,Kuurne-Brussel-Kuurne,ADDED,URIANSTAD BUGGE Martin,rider/martin-urianstad
2026-02-23T05:21:25.061401Z,Kuurne-Brussel-Kuurne,ADDED,ALLEGAERT Piet,rider/piet-allegaert
2026-02-23T05:21:25.061401Z,Kuurne-Brussel-Kuurne,ADDED,DAUPHIN Florian,rider/florian-dauphin
2026-02-23T05:21:25.061401Z,Kuurne-Brussel-Kuurne,ADDED,ASKEY Lewis,rider/lewis-askey
2026-02-23T05:21:25.061401Z,Kuurne-Brussel-Kuurne,REMOVED,SUNEKÆR NORSGAARD Mathias,rider/mathias-norsgaard
2026-02-23T05:21:25.061401Z,Kuurne-Brussel-Kuurne,REMOVED,VALTER Attila,rider/attila-valter
2026-02-23T05:21:25.061401Z,Kuurne-Brussel-Kuurne,ADDED,TOWNSEND Rory,rider/rory-townsend
2026-02-23T05:21:25.061401Z,Kuurne-Brussel-Kuurne,REMOVED,THEUNS Edward,rider/edward-theuns
2026-02-23T05:21:25.061401Z,Kuurne-Brussel-Kuurne,ADDED,SIMMONS Colby,rider/colby-simmons
2026-02-23T05:21:25.061401Z,Kuurne-Brussel-Kuurne,REMOVED,MILAN Jonathan,rider/jonathan-milan
2026-02-23T05:21:25.061401Z,Kuurne-Brussel-Kuurne,ADDED,VAN MOER Brent,rider/brent-van-moer
2026-02-23T05:21:25.061401Z,Kuurne-Brussel-Kuurne,ADDED,PEDERSEN Casper,rider/casper-pedersen
2026-02-23T05:21:25.061401Z,Kuurne-Brussel-Kuurne,ADDED,MEZGEC Luka,rider/luka-mezgec
2026-02-23T05:21:25.061401Z,Kuurne-Brussel-Kuurne,ADDED,PRICE-PEJTERSEN Johan,rider/johan-price-pejtersen
2026-02-23T05:21:25.061401Z,Kuurne-Brussel-Kuurne,REMOVED,WITHEN PHILIPSEN Albert,rider/albert-withen-philipsen
2026-02-23T05:21:25.061401Z,Kuurne-Brussel-Kuurne,ADDED,ØRN-KRISTOFF Felix,rider/felix-orn-kristoff
2026-02-23T05:21:25.061401Z,Kuurne-Brussel-Kuurne,REMOVED,MIQUEL Pau,rider/pau-miquel-delgado
2026-02-23T05:21:25.061401Z,Omloop Nieuwsblad,ADDED,KOPECKÝ Matyáš,rider/matyas-kopecky
2026-02-23T05:21:25.061401Z,Kuurne-Brussel-Kuurne,ADDED,KOPECKÝ Matyáš,rider/matyas-kopecky
2026-02-23T05:21:25.061401Z,Kuurne-Brussel-Kuurne,ADDED,CAPIOT Amaury,rider/amaury-capiot
2026-02-23T05:21:25.061401Z,Kuurne-Brussel-Kuurne,ADDED,BÉVORT Carl-Frederik,rider/carl-frederik-bevort
2026-02-23T05:21:25.061401Z,Kuurne-Brussel-Kuurne,ADDED,ACKERMANN Pascal,rider/pascal-ackermann
2026-02-23T05:21:25.061401Z,Kuurne-Brussel-Kuurne,ADDED,ROBEET Ludovic,rider/ludovic-robeet
2026-02-23T05:21:25.061401Z,Kuurne-Brussel-Kuurne,ADDED,PENHOËT Paul,rider/paul-penhoet
2026-02-23T05:21:25.061401Z,Kuurne-Brussel-Kuurne,ADDED,LAMPAERT Yves,rider/yves-lampaert
2026-02-23T05:21:25.061401Z,Kuurne-Brussel-Kuurne,ADDED,OLIVER Ben,rider/ben-oliver
2026-02-23T05:21:25.061401Z,Kuurne-Brussel-Kuurne,ADDED,LIEPIŅŠ Emīls,rider/emils-liepins
2026-02-23T05:21:25.061401Z,Kuurne-Brussel-Kuurne,ADDED,MÜLLER Tobias,rider/tobias-muller1
2026-02-23T05:21:25.061401Z,Kuurne-Brussel-Kuurne,ADDED,MILAN Matteo,rider/matteo-milan
2026-02-23T05:21:25.061401Z,Kuurne-Brussel-Kuurne,ADDED,LAMPERTI Luke,rider/luke-lamperti
2026-02-23T05:21:25.061401Z,Kuurne-Brussel-Kuurne,ADDED,AULAR Orluis,rider/orluis-aular
2026-02-23T05:21:25.061401Z,Kuurne-Brussel-Kuurne,ADDED,KIELICH Timo,rider/timo-kielich
2026-02-23T05:21:25.061401Z,Kuurne-Brussel-Kuurne,ADDED,HVIDEBERG Jonas Hem,rider/jonas-hem-hvideberg
2026-02-23T05:21:25.061401Z,Kuurne-Brussel-Kuurne,ADDED,LARSEN Niklas,rider/niklas-larsen
2026-02-23T05:21:25.061401Z,Kuurne-Brussel-Kuurne,ADDED,GATE Aaron,rider/aaron-gate
2026-02-23T05:21:25.061401Z,Kuurne-Brussel-Kuurne,ADDED,VAN DEN BERG Marijn,rider/marijn-van-den-berg
2026-02-23T05:21:25.061401Z,Kuurne-Brussel-Kuurne,ADDED,BARRENETXEA Jon,rider/jon-barrenetxea-golzarri
2026-02-23T05:21:25.061401Z,Kuurne-Brussel-Kuurne,ADDED,MOZZATO Luca,rider/luca-mozzato
2026-02-23T05:21:25.061401Z,Kuurne-Brussel-Kuurne,ADDED,TRONCHON Bastien,rider/bastien-tronchon
2026-02-23T05:21:25.061401Z,Kuurne-Brussel-Kuurne,ADDED,JACOBS Johan,rider/johan-jacobs
2026-02-23T05:21:25.061401Z,Kuurne-Brussel-Kuurne,ADDED,HESTERS Jules,rider/jules-hesters
2026-02-23T05:21:25.061401Z,Kuurne-Brussel-Kuurne,ADDED,INGEBRIGTSEN Storm,rider/storm-ingebrigtsen
2026-02-23T05:21:25.061401Z,Kuurne-Brussel-Kuurne,ADDED,KMÍNEK Vojtěch,rider/vojtech-kminek
2026-02-23T05:21:25.061401Z,Kuurne-Brussel-Kuurne,REMOVED,MADOUAS Valentin,rider/valentin-madouas
2026-02-23T05:21:25.061401Z,Kuurne-Brussel-Kuurne,REMOVED,GRIGNARD Sébastien,rider/sebastien-grignard
2026-02-23T05:21:25.061401Z,Kuurne-Brussel-Kuurne,ADDED,ZUKOWSKY Nickolas,rider/nickolas-zukowsky
2026-02-23T05:21:25.061401Z,Kuurne-Brussel-Kuurne,ADDED,BONNET Thomas,rider/thomas-bonnet
2026-02-23T05:21:25.061401Z,Kuurne-Brussel-Kuurne,ADDED,MOLANO Juan Sebastián,rider/juan-sebastian-molano
2026-02-23T05:21:25.061401Z,Kuurne-Brussel-Kuurne,ADDED,WRIGHT Fred,rider/alfred-wright
2026-02-23T14:37:46.101516Z,Omloop Nieuwsblad,REMOVED,MARIS Elias,rider/elias-maris
2026-02-23T14:37:46.101516Z,Omloop Nieuwsblad,REMOVED,ZUKOWSKY Nickolas,rider/nickolas-zukowsky
2026-02-23T14:37:46.101516Z,Kuurne-Brussel-Kuurne,ADDED,TORNEY Artuur,rider/artuur-torney
2026-02-23T14:37:46.101516Z,Dwars door Vlaanderen,ADDED,ABRAHAMSEN Jonas,rider/jonas-abrahamsen
2026-02-23T14:37:46.101516Z,In Flanders Fields,ADDED,ABRAHAMSEN Jonas,rider/jonas-abrahamsen
2026-02-23T14:37:46.101516Z,Parijs-Roubaix,ADDED,ABRAHAMSEN Jonas,rider/jonas-abrahamsen
2026-02-23T14:37:46.101516Z,Kuurne-Brussel-Kuurne,ADDED,ABRAHAMSEN Jonas,rider/jonas-abrahamsen
2026-02-23T14:37:46.101516Z,E3 Saxo Classic,ADDED,ABRAHAMSEN Jonas,rider/jonas-abrahamsen
2026-02-23T14:37:46.101516Z,Ronde van Vlaanderen,ADDED,ABRAHAMSEN Jonas,rider/jonas-abrahamsen
2026-02-23T14:37:46.101516Z,Dwars door Vlaanderen,ADDED,SHEEHAN Riley,rider/riley-sheehan
2026-02-23T14:37:46.101516Z,Parijs-Roubaix,ADDED,SHEEHAN Riley,rider/riley-sheehan
2026-02-23T14:37:46.101516Z,E3 Saxo Classic,ADDED,SHEEHAN Riley,rider/riley-sheehan
2026-02-23T14:37:46.101516Z,Omloop Nieuwsblad,REMOVED,MIHOLJEVIĆ Fran,rider/fran-miholjevic
2026-02-23T14:37:46.101516Z,Omloop Nieuwsblad,ADDED,VERCOUILLIE Victor,rider/victor-vercouillie
2026-02-23T14:37:46.101516Z,Kuurne-Brussel-Kuurne,REMOVED,VERCOUILLIE Victor,rider/victor-vercouillie
2026-02-23T14:37:46.101516Z,Milaan-Sanremo,ADDED,VAN DEN BERG Marijn,rider/marijn-van-den-berg
2026-02-23T14:37:46.101516Z,Amstel Gold Race,ADDED,VAN DEN BERG Marijn,rider/marijn-van-den-berg
2026-02-23T14:37:46.101516Z,Dwars door Vlaanderen,ADDED,VAN DEN BERG Marijn,rider/marijn-van-den-berg
2026-02-23T14:37:46.101516Z,In Flanders Fields,ADDED,VAN DEN BERG Marijn,rider/marijn-van-den-berg
2026-02-23T14:37:46.101516Z,Parijs-Roubaix,ADDED,VAN DEN BERG Marijn,rider/marijn-van-den-berg
2026-02-23T14:37:46.101516Z,E3 Saxo Classic,ADDED,VAN DEN BERG Marijn,rider/marijn-van-den-berg
2026-02-23T14:37:46.101516Z,Ronde van Vlaanderen,ADDED,VAN DEN BERG Marijn,rider/marijn-van-den-berg
2026-02-23T14:37:46.101516Z,Samyn Classic,ADDED,VAN KERCKHOVE Matisse,rider/matisse-van-kerckhove
2026-02-23T14:37:46.101516Z,Strade Bianche,REMOVED,BARGUIL Warren,rider/warren-barguil
2026-02-23T14:37:46.101516Z,Omloop Nieuwsblad,ADDED,STANNARD Robert,rider/robert-stannard
2026-02-23T14:37:46.101516Z,Milaan-Sanremo,ADDED,GROVES Kaden,rider/kaden-groves
2026-02-23T14:37:46.101516Z,Dwars door Vlaanderen,ADDED,GROVES Kaden,rider/kaden-groves
2026-02-23T14:37:46.101516Z,Parijs-Roubaix,ADDED,GROVES Kaden,rider/kaden-groves
2026-02-23T14:37:46.101516Z,Ronde van Vlaanderen,ADDED,GROVES Kaden,rider/kaden-groves
2026-02-23T14:37:46.101516Z,Dwars door Vlaanderen,ADDED,ASKEY Lewis,rider/lewis-askey
2026-02-23T14:37:46.101516Z,Parijs-Roubaix,ADDED,ASKEY Lewis,rider/lewis-askey
2026-02-23T14:37:46.101516Z,Ronde van Vlaanderen,ADDED,ASKEY Lewis,rider/lewis-askey
2026-02-23T14:37:46.101516Z,Kuurne-Brussel-Kuurne,ADDED,DE VRIES Hartthijs,rider/hartthijs-de-vries
2026-02-23T14:37:46.101516Z,Milaan-Sanremo,ADDED,WÆRENSKJOLD Søren,rider/soren-waerenskjold
2026-02-23T14:37:46.101516Z,Dwars door Vlaanderen,ADDED,WÆRENSKJOLD Søren,rider/soren-waerenskjold
2026-02-23T14:37:46.101516Z,In Flanders Fields,ADDED,WÆRENSKJOLD Søren,rider/soren-waerenskjold
2026-02-23T14:37:46.101516Z,Parijs-Roubaix,ADDED,WÆRENSKJOLD Søren,rider/soren-waerenskjold
2026-02-23T14:37:46.101516Z,Ronde van Brugge,ADDED,WÆRENSKJOLD Søren,rider/soren-waerenskjold
2026-02-23T14:37:46.101516Z,Ronde van Vlaanderen,ADDED,WÆRENSKJOLD Søren,rider/soren-waerenskjold
2026-02-23T14:37:46.101516Z,Omloop Nieuwsblad,REMOVED,REX Laurenz,rider/laurenz-rex
2026-02-23T14:37:46.101516Z,Omloop Nieuwsblad,ADDED,MAŁECKI Kamil,rider/kamil-malecki
2026-02-23T14:37:46.101516Z,Bredene Koksijde Classic,ADDED,BLIKRA Erlend,rider/erlend-blikra
2026-02-23T14:37:46.101516Z,Ronde van Brugge,ADDED,BLIKRA Erlend,rider/erlend-blikra
2026-02-23T14:37:46.101516Z,Nokere Koerse,ADDED,BLIKRA Erlend,rider/erlend-blikra
2026-02-23T14:37:46.101516Z,Samyn Classic,REMOVED,BEHRENS Niklas,rider/niklas-behrens
2026-02-23T14:37:46.101516Z,Kuurne-Brussel-Kuurne,ADDED,HUYSMANS Nolan,rider/nolan-huysmans
2026-02-23T14:37:46.101516Z,Milaan-Sanremo,ADDED,LAPEIRA Paul,rider/paul-lapeira
2026-02-23T14:37:46.101516Z,Dwars door Vlaanderen,ADDED,MILAN Jonathan,rider/jonathan-milan
2026-02-23T14:37:46.101516Z,Kuurne-Brussel-Kuurne,ADDED,MILAN Jonathan,rider/jonathan-milan
2026-02-23T20:06:26.587396Z,Kuurne-Brussel-Kuurne,ADDED,PHILIPSEN Jasper,rider/jasper-philipsen
2026-02-23T20:06:26.587396Z,E3 Saxo Classic,ADDED,SKUJIŅŠ Toms,rider/toms-skujins
2026-02-23T20:06:26.587396Z,Amstel Gold Race,ADDED,SKUJIŅŠ Toms,rider/toms-skujins
2026-02-23T20:06:26.587396Z,Kuurne-Brussel-Kuurne,ADDED,SKUJIŅŠ Toms,rider/toms-skujins
2026-02-23T20:06:26.587396Z,Omloop Nieuwsblad,ADDED,WITHEN PHILIPSEN Albert,rider/albert-withen-philipsen
2026-02-24T15:11:43.496377Z,Luik-Bastenaken-Luik,ADDED,ARANBURU Alex,rider/alex-aranburu
2026-02-24T15:11:43.496377Z,In Flanders Fields,ADDED,KELEMEN Petr,rider/petr-kelemen
2026-02-24T15:11:43.496377Z,In Flanders Fields,ADDED,VAN MOER Brent,rider/brent-van-moer
2026-02-24T15:11:43.496377Z,In Flanders Fields,ADDED,LIEPIŅŠ Emīls,rider/emils-liepins
2026-02-24T15:11:43.496377Z,In Flanders Fields,ADDED,MAŁECKI Kamil,rider/kamil-malecki
2026-02-24T15:11:43.496377Z,In Flanders Fields,ADDED,ASKEY Lewis,rider/lewis-askey
2026-02-24T15:11:43.496377Z,In Flanders Fields,ADDED,BLOEM Joren,rider/joren-bloem2
2026-02-24T15:11:43.496377Z,In Flanders Fields,ADDED,TRENTIN Matteo,rider/matteo-trentin
2026-02-24T15:11:43.496377Z,In Flanders Fields,ADDED,DE LA CALLE Hugo,rider/hugo-de-la-calle-arango
2026-02-24T15:11:43.496377Z,In Flanders Fields,ADDED,JEANNIÈRE Emilien,rider/emilien-jeanniere
2026-02-24T15:11:43.496377Z,In Flanders Fields,ADDED,HOFSTETTER Hugo,rider/hugo-hofstetter
2026-02-24T15:11:43.496377Z,Ronde van Brugge,ADDED,GROENEWEGEN Dylan,rider/dylan-groenewegen
2026-02-24T15:11:43.496377Z,In Flanders Fields,ADDED,RICKAERT Jonas,rider/jonas-rickaert
2026-02-24T15:11:43.496377Z,In Flanders Fields,ADDED,FAGÚNDEZ Eric Antonio,rider/eric-antonio-fagundez
2026-02-24T15:11:43.496377Z,In Flanders Fields,ADDED,VAN BOVEN Luca,rider/luca-van-boven
2026-02-24T15:11:43.496377Z,In Flanders Fields,ADDED,MORO Manlio,rider/manlio-moro
2026-02-24T15:11:43.496377Z,In Flanders Fields,ADDED,MOURIS Wessel,rider/wessel-mouris
2026-02-24T15:11:43.496377Z,In Flanders Fields,ADDED,MOZZATO Luca,rider/luca-mozzato
2026-02-24T15:11:43.496377Z,In Flanders Fields,ADDED,WRIGHT Fred,rider/alfred-wright
2026-02-24T15:11:43.496377Z,Samyn Classic,ADDED,DUNWOODY Seth,rider/seth-dunwoody
2026-02-24T15:11:43.496377Z,In Flanders Fields,ADDED,MACÍAS César,rider/cesar-macias-estrada
2026-02-24T15:11:43.496377Z,In Flanders Fields,ADDED,SEGAERT Alec,rider/alec-segaert
2026-02-24T15:11:43.496377Z,In Flanders Fields,ADDED,LOUVEL Matis,rider/matis-louvel
2026-02-24T15:11:43.496377Z,In Flanders Fields,ADDED,DUJARDIN Sandy,rider/sandy-dujardin
2026-02-24T15:11:43.496377Z,In Flanders Fields,ADDED,BOIVIN Guillaume,rider/guillaume-boivin
2026-02-24T15:11:43.496377Z,In Flanders Fields,ADDED,FEDOROV Yevgeniy,rider/yevgeniy-fedorov
2026-02-24T15:11:43.496377Z,Omloop Nieuwsblad,REMOVED,FEDOROV Yevgeniy,rider/yevgeniy-fedorov
2026-02-24T15:11:43.496377Z,In Flanders Fields,ADDED,VAN ASBROECK Tom,rider/tom-van-asbroeck
2026-02-24T15:11:43.496377Z,Omloop Nieuwsblad,ADDED,GONOV Lev,rider/lev-gonov
2026-02-24T15:11:43.496377Z,In Flanders Fields,ADDED,BARRENETXEA Jon,rider/jon-barrenetxea-golzarri
2026-02-24T15:11:43.496377Z,In Flanders Fields,ADDED,REINDERS Elmar,rider/elmar-reinders
2026-02-24T15:11:43.496377Z,In Flanders Fields,ADDED,DE BUYST Jasper,rider/jasper-de-buyst
2026-02-24T15:11:43.496377Z,In Flanders Fields,ADDED,MÄRKL Niklas,rider/niklas-markl
2026-02-24T15:11:43.496377Z,In Flanders Fields,ADDED,AULAR Orluis,rider/orluis-aular
2026-02-24T15:11:43.496377Z,In Flanders Fields,ADDED,RUTSCH Jonas,rider/jonas-rutsch
2026-02-24T15:11:43.496377Z,In Flanders Fields,ADDED,BONNET Thomas,rider/thomas-bonnet
2026-02-24T15:11:43.496377Z,In Flanders Fields,ADDED,GEENS Jonas,rider/jonas-geens
2026-02-24T15:11:43.496377Z,Omloop Nieuwsblad,REMOVED,GEENS Jonas,rider/jonas-geens
2026-02-24T15:11:43.496377Z,In Flanders Fields,ADDED,KOPECKÝ Tomáš,rider/tomas-kopecky
2026-02-24T15:11:43.496377Z,In Flanders Fields,ADDED,BEULLENS Cedric,rider/cedric-beullens
2026-02-24T15:11:43.496377Z,In Flanders Fields,ADDED,BAUHAUS Phil,rider/phil-bauhaus
2026-02-24T15:11:43.496377Z,Samyn Classic,REMOVED,BAUHAUS Phil,rider/phil-bauhaus
2026-02-24T15:11:43.496377Z,In Flanders Fields,ADDED,QUARTUCCI Lorenzo,rider/lorenzo-quartucci
2026-02-24T15:11:43.496377Z,In Flanders Fields,ADDED,ADRIÀ Roger,rider/roger-adria
2026-02-24T15:11:43.496377Z,In Flanders Fields,ADDED,FRISON Frederik,rider/frederik-frison
2026-02-24T15:11:43.496377Z,Kuurne-Brussel-Kuurne,REMOVED,MIHOLJEVIĆ Fran,rider/fran-miholjevic
2026-02-24T15:11:43.496377Z,In Flanders Fields,ADDED,BALLERSTEDT Maurice,rider/maurice-ballerstedt
2026-02-24T15:11:43.496377Z,In Flanders Fields,ADDED,GIRMAY Biniam,rider/biniam-girmay
2026-02-24T15:11:43.496377Z,Kuurne-Brussel-Kuurne,ADDED,MIQUEL Pau,rider/pau-miquel-delgado
2026-02-24T15:11:43.496377Z,In Flanders Fields,ADDED,ALLEGAERT Piet,rider/piet-allegaert
2026-02-24T15:11:43.496377Z,In Flanders Fields,ADDED,BRUNEL Alexys,rider/alexys-brunel
2026-02-24T15:11:43.496377Z,In Flanders Fields,ADDED,CANAL Carlos,rider/carlos-canal
2026-02-24T15:11:43.496377Z,In Flanders Fields,ADDED,VAN MECHELEN Vlad,rider/vlad-van-mechelen
2026-02-24T15:11:43.496377Z,In Flanders Fields,ADDED,BORGO Alessandro,rider/alessandro-borgo
2026-02-24T15:11:43.496377Z,In Flanders Fields,ADDED,GATE Aaron,rider/aaron-gate
2026-02-24T15:11:43.496377Z,In Flanders Fields,ADDED,VAN DEN BERG Julius,rider/julius-van-den-berg
2026-02-24T15:11:43.496377Z,In Flanders Fields,ADDED,GACHIGNARD Thomas,rider/thomas-gachignard
2026-02-24T15:11:43.496377Z,E3 Saxo Classic,ADDED,VAN DEN BROEK Frank,rider/frank-van-den-broek
2026-02-24T15:11:43.496377Z,In Flanders Fields,ADDED,GRADEK Kamil,rider/kamil-gradek
2026-02-24T15:11:43.496377Z,In Flanders Fields,ADDED,HALLER Marco,rider/marco-haller
2026-02-24T15:11:43.496377Z,In Flanders Fields,ADDED,MULLEN Ryan,rider/ryan-mullen
2026-02-24T15:11:43.496377Z,In Flanders Fields,ADDED,CHARRET Camille,rider/camille-charret
2026-02-24T15:11:43.496377Z,Nokere Koerse,ADDED,VAN UDEN Casper,rider/casper-van-uden
2026-02-24T15:11:43.496377Z,In Flanders Fields,ADDED,MIKUTIS Aivaras,rider/aivaras-mikutis
2026-02-24T15:11:43.496377Z,In Flanders Fields,ADDED,KOPECKÝ Matyáš,rider/matyas-kopecky
2026-02-24T15:11:43.496377Z,In Flanders Fields,ADDED,BIESTERBOS Frits,rider/frits-biesterbos
2026-02-24T15:11:43.496377Z,In Flanders Fields,ADDED,TURGIS Anthony,rider/anthony-turgis
2026-02-24T15:11:43.496377Z,In Flanders Fields,ADDED,DE GENDT Aimé,rider/aime-de-gendt
2026-02-24T15:11:43.496377Z,In Flanders Fields,ADDED,ZUKOWSKY Nickolas,rider/nickolas-zukowsky
2026-02-24T15:11:43.496377Z,In Flanders Fields,ADDED,GARCÍA CORTINA Iván,rider/ivan-garcia-cortina
2026-02-24T15:11:43.496377Z,In Flanders Fields,ADDED,DILLIER Silvan,rider/silvan-dillier
2026-02-24T15:11:43.496377Z,In Flanders Fields,ADDED,ALLENO Clément,rider/clement-alleno
2026-02-24T15:11:43.496377Z,In Flanders Fields,ADDED,FLYNN Sean,rider/sean-flynn
2026-02-24T15:11:43.496377Z,In Flanders Fields,ADDED,KANTER Max,rider/max-kanter
2026-02-24T15:11:43.496377Z,In Flanders Fields,ADDED,KUDUS Merhawi,rider/merhawi-kudus
2026-02-24T15:11:43.496377Z,In Flanders Fields,ADDED,DE VRIES Hartthijs,rider/hartthijs-de-vries
2026-02-24T15:11:43.496377Z,In Flanders Fields,ADDED,DEGENKOLB John,rider/john-degenkolb
2026-02-24T15:11:43.496377Z,In Flanders Fields,ADDED,MILESI Lorenzo,rider/lorenzo-milesi
2026-02-24T15:11:43.496377Z,In Flanders Fields,ADDED,CAVIA Daniel,rider/daniel-cavia-sanz
2026-02-24T15:11:43.496377Z,In Flanders Fields,ADDED,SYRITSA Gleb,rider/gleb-syritsa
2026-02-24T15:11:43.496377Z,Ronde van Brugge,ADDED,BITTNER Pavel,rider/pavel-bittner
2026-02-24T15:11:43.496377Z,Kuurne-Brussel-Kuurne,ADDED,BITTNER Pavel,rider/pavel-bittner
2026-02-24T15:11:43.496377Z,In Flanders Fields,ADDED,BITTNER Pavel,rider/pavel-bittner
2026-02-24T15:11:43.496377Z,Bredene Koksijde Classic,ADDED,BITTNER Pavel,rider/pavel-bittner
2026-02-24T15:11:43.496377Z,In Flanders Fields,ADDED,DAUPHIN Florian,rider/florian-dauphin
2026-02-24T19:54:52.237989Z,Samyn Classic,REMOVED,GRAFF William,rider/william-graff
2026-02-24T19:54:52.237989Z,Samyn Classic,ADDED,CARDINAL Nathan,rider/nathan-cardinal
2026-02-24T19:54:52.237989Z,Samyn Classic,ADDED,VANDENSTORME Dylan,rider/dylan-vandenstorme
2026-02-24T19:54:52.237989Z,In Flanders Fields,ADDED,SKUJIŅŠ Toms,rider/toms-skujins
2026-02-24T19:54:52.237989Z,Dwars door Vlaanderen,ADDED,SKUJIŅŠ Toms,rider/toms-skujins
2026-02-24T19:54:52.237989Z,Ronde van Vlaanderen,ADDED,SKUJIŅŠ Toms,rider/toms-skujins
2026-02-24T19:54:52.237989Z,Samyn Classic,ADDED,VAN DEN HAUTE Milan,rider/milan-van-den-haute
2026-02-24T19:54:52.237989Z,Samyn Classic,REMOVED,ALLEGAERT Piet,rider/piet-allegaert
2026-02-24T19:54:52.237989Z,Samyn Classic,REMOVED,DAIX Guillaume,rider/guillaume-daix
2026-02-24T19:54:52.237989Z,Parijs-Roubaix,ADDED,REX Laurenz,rider/laurenz-rex
2026-02-24T19:54:52.237989Z,Samyn Classic,ADDED,TORNEY Artuur,rider/artuur-torney
2026-02-24T19:54:52.237989Z,Samyn Classic,REMOVED,VLOT Mees,rider/mees-vlot
2026-02-24T19:54:52.237989Z,Samyn Classic,ADDED,VANDENBRANDEN Noah,rider/noah-vandenbranden
2026-02-24T19:54:52.237989Z,Samyn Classic,ADDED,NOIRHOMME Arnaud,rider/arnaud-noirhomme
2026-02-24T19:54:52.237989Z,Samyn Classic,ADDED,THONNON Senne,rider/senne-thonnon
2026-02-24T19:54:52.237989Z,Samyn Classic,ADDED,HUYSMANS Nolan,rider/nolan-huysmans
2026-02-24T19:54:52.237989Z,Samyn Classic,ADDED,MARX Louis,rider/louis-marx
2026-02-24T19:54:52.237989Z,Samyn Classic,REMOVED,AERNOUTS Nicolas,rider/nicolas-aernouts
2026-02-25T15:13:26.713432Z,Omloop Nieuwsblad,REMOVED,SÖDERQVIST Jakob,rider/jakob-soderqvist
2026-02-25T15:13:26.713432Z,Strade Bianche,ADDED,POELS Wout,rider/wout-poels
2026-02-25T15:13:26.713432Z,Kuurne-Brussel-Kuurne,ADDED,RENARD Alexis,rider/alexis-renard
2026-02-25T15:13:26.713432Z,Omloop Nieuwsblad,REMOVED,VAN POPPEL Danny,rider/danny-van-poppel
2026-02-25T15:13:26.713432Z,Omloop Nieuwsblad,ADDED,MARIT Arne,rider/arne-marit
2026-02-25T15:13:26.713432Z,Omloop Nieuwsblad,REMOVED,BJERG Mikkel,rider/mikkel-bjerg
2026-02-25T15:13:26.713432Z,Omloop Nieuwsblad,ADDED,BURNETT Josh,rider/josh-burnett
2026-02-25T15:13:26.713432Z,Kuurne-Brussel-Kuurne,REMOVED,ROBEET Ludovic,rider/ludovic-robeet
2026-02-25T15:13:26.713432Z,Omloop Nieuwsblad,ADDED,ANDRESEN Tobias Lund,rider/tobias-lund-andresen
2026-02-25T15:13:26.713432Z,Kuurne-Brussel-Kuurne,ADDED,ANDRESEN Tobias Lund,rider/tobias-lund-andresen
2026-02-25T15:13:26.713432Z,Omloop Nieuwsblad,ADDED,MOLANO Juan Sebastián,rider/juan-sebastian-molano
2026-02-25T15:13:26.713432Z,Omloop Nieuwsblad,REMOVED,DE LA CALLE Hugo,rider/hugo-de-la-calle-arango
2026-02-25T15:13:26.713432Z,Omloop Nieuwsblad,ADDED,JOHANSEN Julius,rider/julius-johansen
2026-02-25T15:13:26.713432Z,Omloop Nieuwsblad,ADDED,REINDERINK Pepijn,rider/pepijn-reinderink
2026-02-25T15:13:26.713432Z,Kuurne-Brussel-Kuurne,ADDED,ANIOŁKOWSKI Stanisław,rider/stanislaw-aniolkowski
2026-02-25T15:13:26.713432Z,Omloop Nieuwsblad,ADDED,BONNET Thomas,rider/thomas-bonnet
2026-02-25T15:13:26.713432Z,Kuurne-Brussel-Kuurne,ADDED,DE PESTEL Sander,rider/sander-de-pestel
2026-02-25T15:13:26.713432Z,Omloop Nieuwsblad,REMOVED,FAGÚNDEZ Eric Antonio,rider/eric-antonio-fagundez
2026-02-25T15:13:26.713432Z,Omloop Nieuwsblad,REMOVED,RIESEBEEK Oscar,rider/oscar-riesebeek
2026-02-25T15:13:26.713432Z,Ronde van Vlaanderen,ADDED,VAN DER POEL Mathieu,rider/mathieu-van-der-poel
2026-02-25T15:13:26.713432Z,Parijs-Roubaix,ADDED,VAN DER POEL Mathieu,rider/mathieu-van-der-poel
2026-02-25T15:13:26.713432Z,E3 Saxo Classic,ADDED,VAN DER POEL Mathieu,rider/mathieu-van-der-poel
2026-02-25T15:13:26.713432Z,In Flanders Fields,ADDED,VAN DER POEL Mathieu,rider/mathieu-van-der-poel
2026-02-25T15:13:26.713432Z,Milaan-Sanremo,ADDED,VAN DER POEL Mathieu,rider/mathieu-van-der-poel
2026-02-25T15:13:26.713432Z,Omloop Nieuwsblad,ADDED,VAN DER POEL Mathieu,rider/mathieu-van-der-poel
2026-02-25T15:13:26.713432Z,Omloop Nieuwsblad,ADDED,MAYER Alexandre,rider/alexandre-mayer
2026-02-25T19:56:36.276906Z,Samyn Classic,ADDED,SCHELDEMAN Xander,rider/xander-scheldeman
2026-02-25T19:56:36.276906Z,Kuurne-Brussel-Kuurne,ADDED,NABERMAN Tim,rider/tim-naberman
2026-02-25T19:56:36.276906Z,Omloop Nieuwsblad,REMOVED,ÁLVAREZ Rodrigo,rider/rodrigo-alvarez-rogriguez
2026-02-25T19:56:36.276906Z,Kuurne-Brussel-Kuurne,ADDED,DE JONG Timo,rider/timo-de-jong
2026-02-25T19:56:36.276906Z,Kuurne-Brussel-Kuurne,ADDED,SUNEKÆR NORSGAARD Mathias,rider/mathias-norsgaard
2026-02-25T19:56:36.276906Z,Kuurne-Brussel-Kuurne,ADDED,THEUNS Edward,rider/edward-theuns
2026-02-25T19:56:36.276906Z,Kuurne-Brussel-Kuurne,ADDED,JOHANSEN Julius,rider/julius-johansen
2026-02-25T19:56:36.276906Z,Kuurne-Brussel-Kuurne,ADDED,MÄRKL Niklas,rider/niklas-markl
2026-02-25T19:56:36.276906Z,Kuurne-Brussel-Kuurne,ADDED,ÁLVAREZ Héctor,rider/hector-alvarez-martinez
2026-02-25T19:56:36.276906Z,Kuurne-Brussel-Kuurne,ADDED,DEGENKOLB John,rider/john-degenkolb
2026-02-25T19:56:36.276906Z,Parijs-Roubaix,REMOVED,POWLESS Neilson,rider/neilson-powless
2026-02-25T19:56:36.276906Z,Milaan-Sanremo,REMOVED,POWLESS Neilson,rider/neilson-powless
2026-02-25T19:56:36.276906Z,Amstel Gold Race,REMOVED,POWLESS Neilson,rider/neilson-powless
2026-02-25T19:56:36.276906Z,Ronde van Vlaanderen,REMOVED,POWLESS Neilson,rider/neilson-powless
2026-02-25T19:56:36.276906Z,Waalse Pijl,REMOVED,POWLESS Neilson,rider/neilson-powless
2026-02-25T19:56:36.276906Z,Dwars door Vlaanderen,REMOVED,POWLESS Neilson,rider/neilson-powless
2026-02-25T19:56:36.276906Z,Luik-Bastenaken-Luik,REMOVED,POWLESS Neilson,rider/neilson-powless
2026-02-25T19:56:36.276906Z,E3 Saxo Classic,REMOVED,POWLESS Neilson,rider/neilson-powless
2026-02-25T19:56:36.276906Z,Strade Bianche,REMOVED,POWLESS Neilson,rider/neilson-powless
2026-02-25T19:56:36.276906Z,Kuurne-Brussel-Kuurne,ADDED,WALSCHEID Max,rider/max-walscheid
2026-02-25T19:56:36.276906Z,Kuurne-Brussel-Kuurne,ADDED,SÖDERQVIST Jakob,rider/jakob-soderqvist
2026-02-25T19:56:36.276906Z,Samyn Classic,ADDED,VAN DEN BERG Julius,rider/julius-van-den-berg
2026-02-25T19:56:36.276906Z,Luik-Bastenaken-Luik,ADDED,OTRUBA Jakub,rider/jakub-otruba
2026-02-25T19:56:36.276906Z,Amstel Gold Race,ADDED,OTRUBA Jakub,rider/jakub-otruba
2026-02-25T19:56:36.276906Z,Waalse Pijl,ADDED,OTRUBA Jakub,rider/jakub-otruba
2026-02-25T19:56:36.276906Z,Samyn Classic,REMOVED,CORKERY Dillon,rider/dillon-corkery
2026-02-25T19:56:36.276906Z,Ronde van Limburg,REMOVED,DHAEYE Enrico,rider/enrico-dhaeye
2026-02-25T19:56:36.276906Z,Kuurne-Brussel-Kuurne,ADDED,VAN DEN BROEK Frank,rider/frank-van-den-broek
2026-02-25T19:56:36.276906Z,Omloop Nieuwsblad,ADDED,BOUGLAS Georgios,rider/georgios-bouglas
2026-02-25T19:56:36.276906Z,Kuurne-Brussel-Kuurne,ADDED,BIESTERBOS Frits,rider/frits-biesterbos
2026-02-26T05:12:24.924948Z,Strade Bianche,ADDED,BALMER Alexandre,rider/alexandre-balmer
2026-02-26T14:42:30.342218Z,Kuurne-Brussel-Kuurne,ADDED,GROENEWEGEN Dylan,rider/dylan-groenewegen
2026-02-26T14:42:30.342218Z,Dwars door Vlaanderen,ADDED,BARRENETXEA Jon,rider/jon-barrenetxea-golzarri
2026-02-26T14:42:30.342218Z,E3 Saxo Classic,ADDED,JOHANSEN Julius,rider/julius-johansen
2026-02-26T14:42:30.342218Z,Parijs-Roubaix,ADDED,JOHANSEN Julius,rider/julius-johansen
2026-02-26T14:42:30.342218Z,In Flanders Fields,ADDED,JOHANSEN Julius,rider/julius-johansen
2026-02-26T14:42:30.342218Z,Dwars door Vlaanderen,ADDED,JOHANSEN Julius,rider/julius-johansen
2026-02-26T14:42:30.342218Z,Ronde van Vlaanderen,ADDED,JOHANSEN Julius,rider/julius-johansen
2026-02-26T14:42:30.342218Z,Parijs-Roubaix,ADDED,MIHKELS Madis,rider/madis-mihkels
2026-02-26T14:42:30.342218Z,In Flanders Fields,ADDED,MIHKELS Madis,rider/madis-mihkels
2026-02-26T14:42:30.342218Z,Milaan-Sanremo,ADDED,MIHKELS Madis,rider/madis-mihkels
2026-02-26T14:42:30.342218Z,Ronde van Brugge,ADDED,MIHKELS Madis,rider/madis-mihkels
2026-02-26T14:42:30.342218Z,Ronde van Vlaanderen,ADDED,MIHKELS Madis,rider/madis-mihkels
2026-02-26T14:42:30.342218Z,Dwars door Vlaanderen,ADDED,MIHKELS Madis,rider/madis-mihkels
2026-02-26T14:42:30.342218Z,Omloop Nieuwsblad,ADDED,MATTIO Pietro,rider/pietro-mattio
2026-02-26T14:42:30.342218Z,Dwars door Vlaanderen,ADDED,MILESI Lorenzo,rider/lorenzo-milesi
2026-02-26T14:42:30.342218Z,Kuurne-Brussel-Kuurne,ADDED,MACÍAS César,rider/cesar-macias-estrada
2026-02-26T14:42:30.342218Z,Kuurne-Brussel-Kuurne,REMOVED,ÁLVAREZ Rodrigo,rider/rodrigo-alvarez-rogriguez
2026-02-26T14:42:30.342218Z,Samyn Classic,REMOVED,BAGOU Guillaume,rider/guillaume-bagou
2026-02-26T14:42:30.342218Z,Kuurne-Brussel-Kuurne,REMOVED,MÜLLER Tobias,rider/tobias-muller1
2026-02-26T14:42:30.342218Z,Omloop Nieuwsblad,REMOVED,ARTZ Huub,rider/huub-artz
2026-02-26T14:42:30.342218Z,Kuurne-Brussel-Kuurne,REMOVED,KUBIŠ Lukáš,rider/lukas-kubis
2026-02-26T14:42:30.342218Z,Kuurne-Brussel-Kuurne,REMOVED,DE LA CALLE Hugo,rider/hugo-de-la-calle-arango
2026-02-26T14:42:30.342218Z,Omloop Nieuwsblad,ADDED,BRAET Vito,rider/vito-braet
2026-02-26T14:42:30.342218Z,Dwars door Vlaanderen,ADDED,DEGENKOLB John,rider/john-degenkolb
2026-02-26T14:42:30.342218Z,Nokere Koerse,ADDED,SEGAERT Alec,rider/alec-segaert
2026-02-26T14:42:30.342218Z,E3 Saxo Classic,ADDED,SEGAERT Alec,rider/alec-segaert
2026-02-26T14:42:30.342218Z,Samyn Classic,ADDED,BLUM Elia,rider/elia-blum
2026-02-26T14:42:30.342218Z,Kuurne-Brussel-Kuurne,ADDED,BOUGLAS Georgios,rider/georgios-bouglas
2026-02-26T14:42:30.342218Z,Dwars door Vlaanderen,ADDED,GARCÍA CORTINA Iván,rider/ivan-garcia-cortina
2026-02-26T14:42:30.342218Z,E3 Saxo Classic,ADDED,CAPIOT Amaury,rider/amaury-capiot
2026-02-26T14:42:30.342218Z,Parijs-Roubaix,ADDED,CAPIOT Amaury,rider/amaury-capiot
2026-02-26T14:42:30.342218Z,Nokere Koerse,ADDED,CAPIOT Amaury,rider/amaury-capiot
2026-02-26T14:42:30.342218Z,Ronde van Brugge,ADDED,CAPIOT Amaury,rider/amaury-capiot
2026-02-26T14:42:30.342218Z,Ronde van Limburg,ADDED,CAPIOT Amaury,rider/amaury-capiot
2026-02-26T14:42:30.342218Z,Bredene Koksijde Classic,ADDED,CAPIOT Amaury,rider/amaury-capiot
2026-02-26T14:42:30.342218Z,In Flanders Fields,ADDED,CAPIOT Amaury,rider/amaury-capiot
2026-02-26T14:42:30.342218Z,Dwars door Vlaanderen,ADDED,CAPIOT Amaury,rider/amaury-capiot
2026-02-26T14:42:30.342218Z,Ronde van Vlaanderen,ADDED,CAPIOT Amaury,rider/amaury-capiot
2026-02-26T14:42:30.342218Z,Kuurne-Brussel-Kuurne,REMOVED,FAGÚNDEZ Eric Antonio,rider/eric-antonio-fagundez
2026-02-26T14:42:30.342218Z,E3 Saxo Classic,ADDED,LAMPERTI Luke,rider/luke-lamperti
2026-02-26T14:42:30.342218Z,Parijs-Roubaix,ADDED,LAMPERTI Luke,rider/luke-lamperti
2026-02-26T14:42:30.342218Z,Milaan-Sanremo,ADDED,LAMPERTI Luke,rider/luke-lamperti
2026-02-26T14:42:30.342218Z,Ronde van Brugge,ADDED,LAMPERTI Luke,rider/luke-lamperti
2026-02-26T14:42:30.342218Z,In Flanders Fields,ADDED,LAMPERTI Luke,rider/luke-lamperti
2026-02-26T14:42:30.342218Z,Dwars door Vlaanderen,ADDED,LAMPERTI Luke,rider/luke-lamperti
2026-02-26T14:42:30.342218Z,Ronde van Vlaanderen,ADDED,LAMPERTI Luke,rider/luke-lamperti
2026-02-26T14:42:30.342218Z,Dwars door Vlaanderen,ADDED,BETTIOL Alberto,rider/alberto-bettiol
2026-02-26T14:42:30.342218Z,Omloop Nieuwsblad,REMOVED,VAN AERT Wout,rider/wout-van-aert
2026-02-26T14:42:30.342218Z,Kuurne-Brussel-Kuurne,ADDED,MAYER Alexandre,rider/alexandre-mayer
2026-02-26T19:58:03.044945Z,Kuurne-Brussel-Kuurne,REMOVED,PLANCKAERT Edward,rider/edward-planckaert
2026-02-26T19:58:03.044945Z,Kuurne-Brussel-Kuurne,REMOVED,SÉNÉCHAL Florian,rider/florian-senechal
2026-02-26T19:58:03.044945Z,Kuurne-Brussel-Kuurne,REMOVED,BAYER Tobias,rider/tobias-bayer
2026-02-26T19:58:03.044945Z,Kuurne-Brussel-Kuurne,REMOVED,PEDERSEN Casper,rider/casper-pedersen
2026-02-26T19:58:03.044945Z,Kuurne-Brussel-Kuurne,REMOVED,STUYVEN Jasper,rider/jasper-stuyven
2026-02-26T19:58:03.044945Z,Omloop Nieuwsblad,REMOVED,STUYVEN Jasper,rider/jasper-stuyven
2026-02-26T19:58:03.044945Z,Omloop Nieuwsblad,ADDED,VERVENNE Jonathan,rider/jonathan-vervenne
2026-02-26T19:58:03.044945Z,Kuurne-Brussel-Kuurne,ADDED,GROVES Kaden,rider/kaden-groves
2026-02-26T19:58:03.044945Z,Kuurne-Brussel-Kuurne,ADDED,VADIC Baptiste,rider/baptiste-vadic
2026-02-26T19:58:03.044945Z,Kuurne-Brussel-Kuurne,ADDED,REX Laurenz,rider/laurenz-rex
2026-02-26T19:58:03.044945Z,Kuurne-Brussel-Kuurne,REMOVED,BONNET Thomas,rider/thomas-bonnet
2026-02-26T19:58:03.044945Z,Kuurne-Brussel-Kuurne,ADDED,SENTJENS Sente,rider/sente-sentjens
2026-02-26T19:58:03.044945Z,Kuurne-Brussel-Kuurne,ADDED,VAN LERBERGHE Bert,rider/bert-van-lerberghe
2026-02-26T19:58:03.044945Z,Kuurne-Brussel-Kuurne,ADDED,DESAL Ceriel,rider/ceriel-desal
2026-02-27T14:10:34.361036Z,Bredene Koksijde Classic,ADDED,DAINESE Alberto,rider/alberto-dainese
2026-02-27T14:10:34.361036Z,Nokere Koerse,ADDED,DAINESE Alberto,rider/alberto-dainese
2026-02-27T14:10:34.361036Z,Bredene Koksijde Classic,ADDED,REX Laurenz,rider/laurenz-rex
2026-02-27T14:10:34.361036Z,Nokere Koerse,ADDED,REX Laurenz,rider/laurenz-rex
2026-02-27T14:10:34.361036Z,Bredene Koksijde Classic,ADDED,VAN LERBERGHE Bert,rider/bert-van-lerberghe
2026-02-27T14:10:34.361036Z,Nokere Koerse,ADDED,VAN LERBERGHE Bert,rider/bert-van-lerberghe
2026-02-27T19:48:41.437053Z,Strade Bianche,ADDED,ENGELHARDT Felix,rider/felix-engelhardt
2026-02-27T19:48:41.437053Z,Milaan-Sanremo,ADDED,DEGENKOLB John,rider/john-degenkolb
2026-02-27T19:48:41.437053Z,Kuurne-Brussel-Kuurne,ADDED,BARTHE Cyril,rider/cyril-barthe
2026-02-27T19:48:41.437053Z,Kuurne-Brussel-Kuurne,REMOVED,MILAN Matteo,rider/matteo-milan
2026-02-27T19:48:41.437053Z,Ronde van Vlaanderen,ADDED,WRIGHT Fred,rider/alfred-wright
2026-02-27T19:48:41.437053Z,E3 Saxo Classic,ADDED,WRIGHT Fred,rider/alfred-wright
2026-02-27T19:48:41.437053Z,Parijs-Roubaix,ADDED,WRIGHT Fred,rider/alfred-wright
2026-02-27T19:48:41.437053Z,Dwars door Vlaanderen,ADDED,WRIGHT Fred,rider/alfred-wright
2026-02-27T19:48:41.437053Z,Milaan-Sanremo,ADDED,WRIGHT Fred,rider/alfred-wright
2026-02-27T19:48:41.437053Z,Omloop Nieuwsblad,REMOVED,CHAMBERLAIN Oscar,rider/oscar-chamberlain
2026-02-27T19:48:41.437053Z,Kuurne-Brussel-Kuurne,REMOVED,AGNOLETTO Blake,rider/blake-agnoletto
2026-02-27T19:48:41.437053Z,Kuurne-Brussel-Kuurne,ADDED,RUSSO Clément,rider/clement-russo
2026-02-27T19:48:41.437053Z,Omloop Nieuwsblad,ADDED,BOL Cees,rider/cees-bol
2026-02-27T19:48:41.437053Z,Ronde van Brugge,ADDED,REINDERS Elmar,rider/elmar-reinders
2026-02-27T19:48:41.437053Z,Scheldeprijs,ADDED,REINDERS Elmar,rider/elmar-reinders
2026-02-27T19:48:41.437053Z,Bredene Koksijde Classic,ADDED,REINDERS Elmar,rider/elmar-reinders
2026-02-28T04:35:57.781199Z,Ronde van Brugge,ADDED,ANDRESEN Tobias Lund,rider/tobias-lund-andresen
2026-02-28T04:35:57.781199Z,In Flanders Fields,ADDED,ANDRESEN Tobias Lund,rider/tobias-lund-andresen
2026-02-28T04:35:57.781199Z,Milaan-Sanremo,ADDED,ANDRESEN Tobias Lund,rider/tobias-lund-andresen
2026-02-28T18:59:36.191471Z,Kuurne-Brussel-Kuurne,ADDED,FROIDEVAUX Robin,rider/robin-froidevaux
2026-02-28T18:59:36.191471Z,Samyn Classic,ADDED,VLOT Mees,rider/mees-vlot
2026-02-28T18:59:36.191471Z,Kuurne-Brussel-Kuurne,ADDED,KELEMEN Petr,rider/petr-kelemen
2026-02-28T18:59:36.191471Z,Kuurne-Brussel-Kuurne,ADDED,PAJUR Romet,rider/romet-pajur
2026-02-28T18:59:36.191471Z,Samyn Classic,ADDED,BAUHAUS Phil,rider/phil-bauhaus
2026-02-28T18:59:36.191471Z,Kuurne-Brussel-Kuurne,REMOVED,VAN POPPEL Danny,rider/danny-van-poppel
2026-02-28T18:59:36.191471Z,Kuurne-Brussel-Kuurne,REMOVED,URIANSTAD BUGGE Martin,rider/martin-urianstad
2026-02-28T18:59:36.191471Z,Samyn Classic,REMOVED,DUNWOODY Seth,rider/seth-dunwoody
2026-02-28T18:59:36.191471Z,Kuurne-Brussel-Kuurne,ADDED,DONALDSON Robert,rider/robert-donaldson
2026-02-28T18:59:36.191471Z,Samyn Classic,ADDED,BAGOU Guillaume,rider/guillaume-bagou
2026-02-28T18:59:36.191471Z,Samyn Classic,ADDED,TOUZÉ Damien,rider/damien-touze
2026-02-28T18:59:36.191471Z,Kuurne-Brussel-Kuurne,ADDED,ROMELE Alessandro,rider/alessandro-romele
2026-02-28T18:59:36.191471Z,Kuurne-Brussel-Kuurne,ADDED,DRIZNERS Jarrad,rider/jarrad-drizners
2026-02-28T18:59:36.191471Z,Kuurne-Brussel-Kuurne,REMOVED,LIVYNS Arjen,rider/arjen-livyns
2026-02-28T18:59:36.191471Z,Samyn Classic,ADDED,CORKERY Dillon,rider/dillon-corkery
2026-02-28T18:59:36.191471Z,Kuurne-Brussel-Kuurne,REMOVED,KÜNG Stefan,rider/stefan-kung
2026-02-28T18:59:36.191471Z,Kuurne-Brussel-Kuurne,REMOVED,ZUKOWSKY Nickolas,rider/nickolas-zukowsky
2026-02-28T18:59:36.191471Z,Kuurne-Brussel-Kuurne,REMOVED,BISSEGGER Stefan,rider/stefan-bissegger
2026-02-28T18:59:36.191471Z,Kuurne-Brussel-Kuurne,REMOVED,FRETIN Milan,rider/milan-fretin
2026-02-28T18:59:36.191471Z,Samyn Classic,ADDED,REX Laurenz,rider/laurenz-rex
2026-02-28T18:59:36.191471Z,Kuurne-Brussel-Kuurne,ADDED,ROOSEN Timo,rider/timo-roosen
2026-02-28T18:59:36.191471Z,Kuurne-Brussel-Kuurne,REMOVED,LIEPIŅŠ Emīls,rider/emils-liepins
2026-02-28T18:59:36.191471Z,Kuurne-Brussel-Kuurne,ADDED,PLANCKAERT Edward,rider/edward-planckaert
2026-02-28T18:59:36.191471Z,Samyn Classic,REMOVED,VAN DEN BERG Julius,rider/julius-van-den-berg
2026-02-28T18:59:36.191471Z,Kuurne-Brussel-Kuurne,ADDED,MOSCHETTI Matteo,rider/matteo-moschetti
2026-02-28T18:59:36.191471Z,Kuurne-Brussel-Kuurne,REMOVED,ZIJLAARD Maikel,rider/maikel-zijlaard
2026-02-28T18:59:36.191471Z,Samyn Classic,REMOVED,BLUM Elia,rider/elia-blum
2026-02-28T18:59:36.191471Z,Kuurne-Brussel-Kuurne,REMOVED,DE BUYST Jasper,rider/jasper-de-buyst
2026-02-28T18:59:36.191471Z,Kuurne-Brussel-Kuurne,ADDED,PARISINI Nicolò,rider/nicolo-parisini
2026-02-28T18:59:36.191471Z,Kuurne-Brussel-Kuurne,REMOVED,ETXEBERRIA Haimar,rider/haimar-etxeberria
2026-02-28T18:59:36.191471Z,Kuurne-Brussel-Kuurne,REMOVED,PRICE-PEJTERSEN Johan,rider/johan-price-pejtersen
2026-02-28T18:59:36.191471Z,Samyn Classic,REMOVED,GROENEWEGEN Dylan,rider/dylan-groenewegen
2026-02-28T18:59:36.191471Z,Samyn Classic,REMOVED,SCHELDEMAN Xander,rider/xander-scheldeman
2026-02-28T18:59:36.191471Z,Kuurne-Brussel-Kuurne,REMOVED,VAN DEN BROEK Frank,rider/frank-van-den-broek
2026-02-28T18:59:36.191471Z,Kuurne-Brussel-Kuurne,ADDED,VAN BOVEN Luca,rider/luca-van-boven
2026-02-28T18:59:36.191471Z,Kuurne-Brussel-Kuurne,REMOVED,DE POOTER Dries,rider/dries-de-pooter
2026-02-28T18:59:36.191471Z,Samyn Classic,ADDED,MANZIN Lorrenzo,rider/lorrenzo-manzin
2026-02-28T18:59:36.191471Z,Kuurne-Brussel-Kuurne,ADDED,DEWULF Stan,rider/stan-dewulf
2026-03-01T05:11:03.852815Z,Samyn Classic,ADDED,BOUMA Jelle,rider/jelle-bouma
2026-03-01T05:11:03.852815Z,Samyn Classic,ADDED,BRONSWIJK Mike,rider/mike-bronswijk
2026-03-01T05:11:03.852815Z,Samyn Classic,REMOVED,ROUFFAER Lars,rider/lars-rouffaer
2026-03-01T05:11:03.852815Z,Samyn Classic,ADDED,BASTIAENS Ayco,rider/ayco-bastiaens
2026-03-01T05:11:03.852815Z,Samyn Classic,REMOVED,PAATS Hugo,rider/hugo-paats
2026-03-01T05:11:03.852815Z,Samyn Classic,ADDED,GRIGNARD Sébastien,rider/sebastien-grignard
2026-03-01T05:11:03.852815Z,Samyn Classic,ADDED,VAN LERBERGHE Bert,rider/bert-van-lerberghe
2026-03-01T05:11:03.852815Z,Samyn Classic,REMOVED,DRIZNERS Jarrad,rider/jarrad-drizners
2026-03-01T05:11:03.852815Z,Samyn Classic,REMOVED,DE BUYST Jasper,rider/jasper-de-buyst
2026-03-01T05:11:03.852815Z,Samyn Classic,ADDED,PAJUR Romet,rider/romet-pajur
2026-03-01T05:11:03.852815Z,Samyn Classic,REMOVED,GELDERS Gil,rider/gil-gelders
2026-03-01T05:11:03.852815Z,E3 Saxo Classic,REMOVED,KÜNG Stefan,rider/stefan-kung
2026-03-01T05:11:03.852815Z,Parijs-Roubaix,REMOVED,KÜNG Stefan,rider/stefan-kung
2026-03-01T05:11:03.852815Z,Ronde van Vlaanderen,REMOVED,KÜNG Stefan,rider/stefan-kung
2026-03-01T05:11:03.852815Z,Dwars door Vlaanderen,REMOVED,KÜNG Stefan,rider/stefan-kung
2026-03-01T05:11:03.852815Z,Samyn Classic,ADDED,VAN DER WAL Rik,rider/rik-van-der-wal
2026-03-01T05:11:03.852815Z,Samyn Classic,ADDED,ØRN-KRISTOFF Felix,rider/felix-orn-kristoff
2026-03-01T05:11:03.852815Z,Samyn Classic,REMOVED,ETXEBERRIA Haimar,rider/haimar-etxeberria
2026-03-01T05:11:03.852815Z,Samyn Classic,REMOVED,MENTEN Milan,rider/milan-menten
2026-03-01T05:11:03.852815Z,Samyn Classic,REMOVED,OTTEMA Rick,rider/rick-ottema
2026-03-01T05:11:03.852815Z,Samyn Classic,ADDED,VAN POPPEL Danny,rider/danny-van-poppel
2026-03-01T05:11:03.852815Z,Samyn Classic,ADDED,GRISEL Matys,rider/matys-grisel
2026-03-01T05:11:03.852815Z,Samyn Classic,REMOVED,VELING Quinten,rider/quinten-veling
2026-03-01T05:11:03.852815Z,Samyn Classic,REMOVED,SCHAPER Joeri,rider/joeri-schaper
2026-03-01T05:11:03.852815Z,Samyn Classic,REMOVED,TOUZÉ Damien,rider/damien-touze
2026-03-01T05:11:03.852815Z,Samyn Classic,REMOVED,ARTZ Huub,rider/huub-artz
2026-03-01T05:11:03.852815Z,Samyn Classic,ADDED,HUITEMA Jasper,rider/jasper-huitema
2026-03-01T13:50:55.594231Z,Samyn Classic,REMOVED,VAN MECHELEN Vlad,rider/vlad-van-mechelen
2026-03-01T13:50:55.594231Z,In Flanders Fields,REMOVED,VAN MECHELEN Vlad,rider/vlad-van-mechelen
2026-03-01T13:50:55.594231Z,Samyn Classic,ADDED,SCHYNS Léo,rider/leo-schyns
2026-03-01T13:50:55.594231Z,Samyn Classic,ADDED,KUBIŠ Lukáš,rider/lukas-kubis
2026-03-01T13:50:55.594231Z,Samyn Classic,REMOVED,MARX Louis,rider/louis-marx
2026-03-01T19:01:03.541695Z,Ronde van Vlaanderen,REMOVED,WELLENS Tim,rider/tim-wellens
2026-03-01T19:01:03.541695Z,In Flanders Fields,REMOVED,WELLENS Tim,rider/tim-wellens
2026-03-01T19:01:03.541695Z,Strade Bianche,REMOVED,WELLENS Tim,rider/tim-wellens
2026-03-01T19:01:03.541695Z,Milaan-Sanremo,REMOVED,WELLENS Tim,rider/tim-wellens
2026-03-01T19:01:03.541695Z,E3 Saxo Classic,REMOVED,WELLENS Tim,rider/tim-wellens
2026-03-01T19:01:03.541695Z,Dwars door Vlaanderen,REMOVED,WELLENS Tim,rider/tim-wellens
2026-03-01T19:01:03.541695Z,Parijs-Roubaix,REMOVED,WELLENS Tim,rider/tim-wellens
2026-03-01T19:01:03.541695Z,Nokere Koerse,REMOVED,WELLENS Tim,rider/tim-wellens
2026-03-01T19:01:03.541695Z,Strade Bianche,ADDED,ZANA Filippo,rider/filippo-zana
2026-03-02T14:31:13.386132Z,Samyn Classic,REMOVED,DUJARDIN Sandy,rider/sandy-dujardin
2026-03-02T14:31:13.386132Z,Strade Bianche,REMOVED,WIDAR Jarno,rider/jarno-widar
2026-03-02T14:31:13.386132Z,Samyn Classic,REMOVED,LEROUX Samuel,rider/samuel-leroux
2026-03-02T14:31:13.386132Z,Samyn Classic,ADDED,BOULAHOITE Rayan,rider/rayan-boulahoite
2026-03-02T14:31:13.386132Z,Samyn Classic,REMOVED,CORKERY Dillon,rider/dillon-corkery
2026-03-02T14:31:13.386132Z,Strade Bianche,REMOVED,LIVYNS Arjen,rider/arjen-livyns
2026-03-02T14:31:13.386132Z,Parijs-Roubaix,ADDED,KOPECKÝ Matyáš,rider/matyas-kopecky
2026-03-02T14:31:13.386132Z,Samyn Classic,ADDED,VAN DEN BERG Julius,rider/julius-van-den-berg
2026-03-02T14:31:13.386132Z,Samyn Classic,REMOVED,TOWNSEND Rory,rider/rory-townsend
2026-03-02T14:31:13.386132Z,Samyn Classic,ADDED,GACHIGNARD Thomas,rider/thomas-gachignard
2026-03-02T14:31:13.386132Z,Samyn Classic,ADDED,THIERRY Pierre,rider/pierre-thierry
2026-03-02T14:31:13.386132Z,Samyn Classic,REMOVED,VLOT Mees,rider/mees-vlot
2026-03-02T14:31:13.386132Z,Samyn Classic,REMOVED,MANZIN Lorrenzo,rider/lorrenzo-manzin
2026-03-02T14:31:13.386132Z,Samyn Classic,ADDED,SCHELDEMAN Xander,rider/xander-scheldeman
2026-03-02T14:31:13.386132Z,Strade Bianche,ADDED,CARAPAZ Richard,rider/richard-carapaz
2026-03-02T19:52:24.965872Z,Samyn Classic,ADDED,DRIZNERS Jarrad,rider/jarrad-drizners
2026-03-02T19:52:24.965872Z,Samyn Classic,REMOVED,JOHANNINK Jelle,rider/jelle-johannink
2026-03-02T19:52:24.965872Z,Samyn Classic,ADDED,BLUM Elia,rider/elia-blum
2026-03-02T19:52:24.965872Z,Samyn Classic,REMOVED,CARDIS Romain,rider/romain-cardis
2026-03-02T19:52:24.965872Z,Strade Bianche,ADDED,VERMAERKE Kevin,rider/kevin-vermaerke
2026-03-02T19:52:24.965872Z,Samyn Classic,ADDED,CAUDELL Ezra,rider/ezra-caudell
2026-03-02T19:52:24.965872Z,Samyn Classic,ADDED,HARTEEL Jelle,rider/jelle-harteel
2026-03-02T19:52:24.965872Z,Samyn Classic,ADDED,SEGAERT Alec,rider/alec-segaert
2026-03-02T19:52:24.965872Z,Samyn Classic,REMOVED,STERCK Joppe,rider/joppe-sterck
2026-03-02T19:52:24.965872Z,Samyn Classic,ADDED,DE VRIES Hartthijs,rider/hartthijs-de-vries
2026-03-02T19:52:24.965872Z,Samyn Classic,REMOVED,GROVES Kaden,rider/kaden-groves
2026-03-02T19:52:24.965872Z,Samyn Classic,REMOVED,WROBEL Jesko,rider/jesko-wrobel
2026-03-02T19:52:24.965872Z,Samyn Classic,ADDED,SÉNÉCHAL Florian,rider/florian-senechal
2026-03-02T19:52:24.965872Z,Samyn Classic,REMOVED,RASENBERG Martijn,rider/martijn-rasenberg
2026-03-02T19:52:24.965872Z,Samyn Classic,REMOVED,BAGOU Guillaume,rider/guillaume-bagou
2026-03-02T19:52:24.965872Z,Samyn Classic,REMOVED,PAJUR Romet,rider/romet-pajur
2026-03-02T19:52:24.965872Z,Samyn Classic,REMOVED,KESSLER Cole,rider/cole-kessler
2026-03-02T19:52:24.965872Z,Samyn Classic,REMOVED,TENE Rotem,rider/rotem-tene
2026-03-02T19:52:24.965872Z,Samyn Classic,ADDED,MARX Louis,rider/louis-marx
2026-03-02T19:52:24.965872Z,Strade Bianche,ADDED,GROßSCHARTNER Felix,rider/felix-grossschartner
2026-03-02T19:52:24.965872Z,Samyn Classic,ADDED,DUNWOODY Seth,rider/seth-dunwoody
2026-03-02T19:52:24.965872Z,Samyn Classic,REMOVED,KESS Alexandre,rider/alexandre-kess
2026-03-02T19:52:24.965872Z,Samyn Classic,ADDED,GROENEWEGEN Dylan,rider/dylan-groenewegen
2026-03-02T19:52:24.965872Z,Samyn Classic,REMOVED,BAUHAUS Phil,rider/phil-bauhaus
2026-03-02T19:52:24.965872Z,Samyn Classic,ADDED,PIRINEN Miko,rider/miko-pirinen
2026-03-02T19:52:24.965872Z,Samyn Classic,REMOVED,SCHYNS Léo,rider/leo-schyns
2026-03-03T05:06:44.042540Z,In Flanders Fields,ADDED,MAYRHOFER Marius,rider/marius-mayrhofer
2026-03-03T05:06:44.042540Z,In Flanders Fields,ADDED,VAN MECHELEN Vlad,rider/vlad-van-mechelen
2026-03-03T14:32:42.040226Z,Ronde van Vlaanderen,ADDED,KOPECKÝ Matyáš,rider/matyas-kopecky
2026-03-03T14:32:42.040226Z,Strade Bianche,ADDED,DINA Márton,rider/marton-dina
2026-03-03T14:32:42.040226Z,Strade Bianche,ADDED,FANCELLU Alessandro,rider/alessandro-fancellu
2026-03-03T14:32:42.040226Z,Strade Bianche,ADDED,NESPOLI Lorenzo,rider/lorenzo-nespoli
2026-03-03T14:32:42.040226Z,Strade Bianche,ADDED,BUDZIŃSKI Marcin,rider/marcin-budzinski
2026-03-03T14:32:42.040226Z,Strade Bianche,ADDED,DEL GROSSO Tibor,rider/tibor-del-grosso
2026-03-03T14:32:42.040226Z,Strade Bianche,ADDED,CRETTI Luca,rider/luca-cretti
2026-03-03T14:32:42.040226Z,Strade Bianche,ADDED,ZOCCARATO Samuele,rider/samuele-zoccarato
2026-03-03T14:32:42.040226Z,Waalse Pijl,REMOVED,BARGUIL Warren,rider/warren-barguil
2026-03-03T14:32:42.040226Z,Luik-Bastenaken-Luik,REMOVED,BARGUIL Warren,rider/warren-barguil
2026-03-03T14:32:42.040226Z,Amstel Gold Race,REMOVED,BARGUIL Warren,rider/warren-barguil
2026-03-03T14:32:42.040226Z,Parijs-Roubaix,ADDED,CHRISTIAN Sean,rider/sean-christian
2026-03-03T14:32:42.040226Z,Strade Bianche,ADDED,VENTURINI Clément,rider/clement-venturini
2026-03-03T14:32:42.040226Z,Strade Bianche,ADDED,VERRE Alessandro,rider/alessandro-verre
2026-03-03T19:53:14.777842Z,Strade Bianche,ADDED,LOOCKX Lander,rider/lander-loockx
2026-03-03T19:53:14.777842Z,Strade Bianche,REMOVED,LAFAY Victor,rider/victor-lafay
2026-03-03T19:53:14.777842Z,Samyn Classic,ADDED,VANHOOF Ward,rider/ward-vanhoof
2026-03-03T19:53:14.777842Z,Strade Bianche,ADDED,JOHANNINK Jelle,rider/jelle-johannink
2026-03-03T19:53:14.777842Z,Samyn Classic,REMOVED,VANDENSTORME Dylan,rider/dylan-vandenstorme
2026-03-03T19:53:14.777842Z,Milaan-Sanremo,ADDED,JACOBS Johan,rider/johan-jacobs
2026-03-04T14:10:09.703790Z,Strade Bianche,ADDED,SVRČEK Martin,rider/martin-svrcek
2026-03-04T14:10:09.703790Z,Strade Bianche,ADDED,VERVAEKE Louis,rider/louis-vervaeke
2026-03-04T14:10:09.703790Z,Strade Bianche,ADDED,GAROFOLI Gianmarco,rider/gianmarco-garofoli
2026-03-04T14:10:09.703790Z,Strade Bianche,ADDED,L'HOTE Antoine,rider/antoine-l-hote
2026-03-04T14:10:09.703790Z,Strade Bianche,ADDED,CHRISTOPHERSEN Cedrik Bakke,rider/cedrik-bakke-christophersen
2026-03-04T14:10:09.703790Z,Strade Bianche,ADDED,REINDERINK Pepijn,rider/pepijn-reinderink
2026-03-04T14:10:09.703790Z,Strade Bianche,ADDED,GAUTHERAT Pierre,rider/pierre-gautherat
2026-03-04T14:10:09.703790Z,Strade Bianche,ADDED,LECERF Junior,rider/junior-lecerf
2026-03-04T14:10:09.703790Z,Strade Bianche,REMOVED,PRODHOMME Nicolas,rider/nicolas-prodhomme
2026-03-04T14:10:09.703790Z,Strade Bianche,ADDED,VANSEVENANT Mauri,rider/mauri-vansevenant
2026-03-04T14:10:09.703790Z,Strade Bianche,REMOVED,RACCAGNI NOVIERO Andrea,rider/andrea-raccagni-noviero
2026-03-04T14:10:09.703790Z,Strade Bianche,ADDED,ISIDORE Noa,rider/noa-isidore
2026-03-04T19:52:23.850883Z,Strade Bianche,REMOVED,TRONCHON Bastien,rider/bastien-tronchon
2026-03-04T19:52:23.850883Z,Strade Bianche,ADDED,VERSTRYNGE Emiel,rider/emiel-verstrynge
2026-03-04T19:52:23.850883Z,Amstel Gold Race,ADDED,VERSTRYNGE Emiel,rider/emiel-verstrynge
2026-03-04T19:52:23.850883Z,Milaan-Sanremo,ADDED,VERSTRYNGE Emiel,rider/emiel-verstrynge
2026-03-04T19:52:23.850883Z,Luik-Bastenaken-Luik,ADDED,VERSTRYNGE Emiel,rider/emiel-verstrynge
2026-03-04T19:52:23.850883Z,Dwars door Vlaanderen,ADDED,DEL GROSSO Tibor,rider/tibor-del-grosso
2026-03-04T19:52:23.850883Z,Ronde van Limburg,ADDED,DEL GROSSO Tibor,rider/tibor-del-grosso
2026-03-04T19:52:23.850883Z,Amstel Gold Race,ADDED,DEL GROSSO Tibor,rider/tibor-del-grosso
2026-03-04T19:52:23.850883Z,E3 Saxo Classic,ADDED,DEL GROSSO Tibor,rider/tibor-del-grosso
2026-03-04T19:52:23.850883Z,Brabantse Pijl,ADDED,DEL GROSSO Tibor,rider/tibor-del-grosso
2026-03-04T19:52:23.850883Z,In Flanders Fields,ADDED,GROVES Kaden,rider/kaden-groves
2026-03-05T14:33:42.632594Z,Strade Bianche,ADDED,NOVÁK Pavel,rider/pavel-novak
2026-03-05T14:33:42.632594Z,Strade Bianche,ADDED,DE BONDT Dries,rider/dries-de-bondt
2026-03-05T14:33:42.632594Z,Strade Bianche,ADDED,NERURKAR Lukas,rider/lukas-nerurkar
2026-03-05T14:33:42.632594Z,Strade Bianche,ADDED,GRAAT Tijmen,rider/tijmen-graat
2026-03-05T14:33:42.632594Z,Strade Bianche,ADDED,MAGLI Filippo,rider/filippo-magli2
2026-03-05T14:33:42.632594Z,Strade Bianche,ADDED,GENIETS Kevin,rider/kevin-geniets
2026-03-05T14:33:42.632594Z,Strade Bianche,ADDED,WARBASSE Larry,rider/lawrence-warbasse
2026-03-05T14:33:42.632594Z,Strade Bianche,ADDED,BENNETT George,rider/george-bennett
2026-03-05T14:33:42.632594Z,Strade Bianche,ADDED,GOGL Michael,rider/michael-gogl
2026-03-05T14:33:42.632594Z,Strade Bianche,ADDED,WIRTGEN Luc,rider/luc-wirtgen
2026-03-05T14:33:42.632594Z,Strade Bianche,ADDED,BAGIOLI Andrea,rider/andrea-bagioli
2026-03-05T14:33:42.632594Z,Strade Bianche,ADDED,ZWIEHOFF Ben,rider/ben-zwiehoff
2026-03-05T14:33:42.632594Z,Strade Bianche,REMOVED,ZIMMERMANN Georg,rider/georg-zimmermann
2026-03-05T14:33:42.632594Z,Strade Bianche,ADDED,SHMIDT Artem,rider/artem-shmidt
2026-03-05T14:33:42.632594Z,Strade Bianche,ADDED,MIHOLJEVIĆ Fran,rider/fran-miholjevic
2026-03-05T14:33:42.632594Z,Strade Bianche,ADDED,PLANCKAERT Edward,rider/edward-planckaert
2026-03-05T14:33:42.632594Z,Strade Bianche,ADDED,BESSEGA Gabriele,rider/gabriele-bessega
2026-03-05T14:33:42.632594Z,Strade Bianche,ADDED,HEIDUK Kim,rider/kim-heiduk
2026-03-05T14:33:42.632594Z,Strade Bianche,ADDED,GIULIANO Dario,rider/dario-giuliano
2026-03-05T14:33:42.632594Z,Strade Bianche,ADDED,RIVERA Brandon Smith,rider/brandon-smith-rivera-vargas
2026-03-05T14:33:42.632594Z,Strade Bianche,ADDED,PESCADOR Diego,rider/diego-pescador
2026-03-05T14:33:42.632594Z,Strade Bianche,ADDED,AZPARREN Xabier Mikel,rider/xabier-mikel-azparren-irurzun
2026-03-05T14:33:42.632594Z,Strade Bianche,ADDED,NEILANDS Krists,rider/krists-neilands
2026-03-05T14:33:42.632594Z,Strade Bianche,ADDED,IACCHI Alessandro,rider/alessandro-iacchi
2026-03-05T14:33:42.632594Z,Strade Bianche,ADDED,BETTIOL Alberto,rider/alberto-bettiol
2026-03-05T14:33:42.632594Z,Strade Bianche,ADDED,MARTINELLI Alessio,rider/alessio-martinelli
2026-03-05T14:33:42.632594Z,Strade Bianche,ADDED,FOLDAGER Anders,rider/anders-foldager
2026-03-05T14:33:42.632594Z,Strade Bianche,ADDED,ARCHIBOLD Franklin,rider/franklin-archibold
2026-03-05T14:33:42.632594Z,Strade Bianche,ADDED,GLIVAR Gal,rider/gal-glivar
2026-03-05T14:33:42.632594Z,Strade Bianche,ADDED,GELEIJN Owen,rider/owen-geleijn
2026-03-05T14:33:42.632594Z,Strade Bianche,ADDED,MOSCA Jacopo,rider/jacopo-mosca
2026-03-05T14:33:42.632594Z,Strade Bianche,ADDED,VENDRAME Andrea,rider/andrea-vendrame
2026-03-05T14:33:42.632594Z,Strade Bianche,ADDED,BRAZ AFONSO Clément,rider/clement-braz-afonso
2026-03-05T14:33:42.632594Z,Strade Bianche,ADDED,LIVYNS Arjen,rider/arjen-livyns
2026-03-05T14:33:42.632594Z,Strade Bianche,ADDED,BERCKMOES Jenno,rider/jenno-berckmoes
2026-03-05T14:33:42.632594Z,Strade Bianche,ADDED,SHAW James,rider/james-shaw
2026-03-05T14:33:42.632594Z,Strade Bianche,ADDED,PIRAS Andrea,rider/andrea-piras
2026-03-05T14:33:42.632594Z,Strade Bianche,ADDED,MIQUEL Pau,rider/pau-miquel-delgado
2026-03-05T14:33:42.632594Z,Strade Bianche,ADDED,VELASCO Simone,rider/simone-velasco
2026-03-05T14:33:42.632594Z,Strade Bianche,ADDED,CÔTÉ Pier-André,rider/pier-andre-cote
2026-03-05T14:33:42.632594Z,Strade Bianche,ADDED,VOISARD Yannis,rider/yannis-voisard
2026-03-05T14:33:42.632594Z,Strade Bianche,ADDED,STENICO Mattia,rider/mattia-stenico
2026-03-05T14:33:42.632594Z,Strade Bianche,ADDED,CATTANEO Mattia,rider/mattia-cattaneo
2026-03-05T14:33:42.632594Z,Strade Bianche,ADDED,BENITO Adrián,rider/adrian-benito-gonzalez
2026-03-05T14:33:42.632594Z,Strade Bianche,ADDED,WITHEN PHILIPSEN Albert,rider/albert-withen-philipsen
2026-03-05T14:33:42.632594Z,Strade Bianche,ADDED,HOELGAARD Markus,rider/markus-hoelgaard
2026-03-05T14:33:42.632594Z,Strade Bianche,ADDED,BUTTIGIEG Aidan,rider/aidan-buttigieg
2026-03-05T14:33:42.632594Z,Strade Bianche,ADDED,KONRAD Patrick,rider/patrick-konrad
2026-03-05T14:33:42.632594Z,Strade Bianche,ADDED,TORRES Albert,rider/albert-torres
2026-03-05T14:33:42.632594Z,Strade Bianche,ADDED,ALBANESE Vincenzo,rider/vincenzo-albanese
2026-03-05T14:33:42.632594Z,Strade Bianche,ADDED,PALETTI Luca,rider/luca-paletti
2026-03-05T14:33:42.632594Z,Strade Bianche,ADDED,KOERDT Bjorn,rider/bjoern-koerdt
2026-03-05T14:33:42.632594Z,Strade Bianche,ADDED,MEURISSE Xandro,rider/xandro-meurisse
2026-03-05T14:33:42.632594Z,Strade Bianche,ADDED,DHONDT Robbe,rider/robbe-dhondt
2026-03-05T14:33:42.632594Z,Strade Bianche,ADDED,SLOCK Liam,rider/liam-slock
2026-03-05T14:33:42.632594Z,Strade Bianche,ADDED,SKAARSETH Anders,rider/anders-skaarseth
2026-03-05T14:33:42.632594Z,Strade Bianche,ADDED,SERRANO Gonzalo,rider/gonzalo-serrano
2026-03-05T14:33:42.632594Z,Strade Bianche,ADDED,SEVILLA Diego Pablo,rider/diego-pablo-sevilla
2026-03-05T14:33:42.632594Z,Strade Bianche,ADDED,ZAMBANINI Edoardo,rider/edoardo-zambanini
2026-03-05T14:33:42.632594Z,Strade Bianche,ADDED,SWIFT Connor,rider/connor-swift
2026-03-05T14:33:42.632594Z,Strade Bianche,ADDED,TURCONI Filippo,rider/filippo-turconi
2026-03-05T14:33:42.632594Z,Strade Bianche,ADDED,FOX Matthew,rider/matthew-fox2
2026-03-05T14:33:42.632594Z,Strade Bianche,ADDED,WILKSCH Hannes,rider/hannes-wilksch
2026-03-05T14:33:42.632594Z,Strade Bianche,ADDED,HOLTER Ådne,rider/adne-holter
2026-03-05T14:33:42.632594Z,Strade Bianche,ADDED,REX Tim,rider/tim-rex
2026-03-05T14:33:42.632594Z,Strade Bianche,ADDED,HERZOG Emil,rider/emil-herzog
2026-03-05T14:33:42.632594Z,Strade Bianche,ADDED,BAX Sjoerd,rider/sjoerd-bax
2026-03-05T14:33:42.632594Z,Strade Bianche,ADDED,ROLLAND Brieuc,rider/brieuc-rolland
2026-03-05T14:33:42.632594Z,Strade Bianche,ADDED,JOHANNESSEN Anders Halland,rider/anders-halland-johannessen
2026-03-05T14:33:42.632594Z,Strade Bianche,ADDED,DINHAM Matthew,rider/matthew-dinham
2026-03-05T14:33:42.632594Z,Strade Bianche,ADDED,SOBRERO Matteo,rider/matteo-sobrero
2026-03-05T14:33:42.632594Z,Strade Bianche,ADDED,SCHRETTL Marco,rider/marco-schrettl
2026-03-05T14:33:42.632594Z,Strade Bianche,ADDED,KOCKELMANN Mathieu,rider/mathieu-kockelmann
2026-03-05T14:33:42.632594Z,Strade Bianche,ADDED,DONNENWIRTH Tom,rider/tom-donnenwirth
2026-03-05T14:33:42.632594Z,Strade Bianche,ADDED,MATTIO Pietro,rider/pietro-mattio
2026-03-05T14:33:42.632594Z,Strade Bianche,ADDED,MUÑOZ Francisco,rider/francisco-munoz-llana
2026-03-05T14:33:42.632594Z,Strade Bianche,ADDED,WEISS Fabian,rider/fabian-weiss
2026-03-05T14:33:42.632594Z,Strade Bianche,ADDED,MACIEJUK Filip,rider/filip-maciejuk
2026-03-05T14:33:42.632594Z,Strade Bianche,ADDED,VADER Milan,rider/milan-vader
2026-03-05T14:33:42.632594Z,Strade Bianche,REMOVED,TULETT Ben,rider/ben-tulett
2026-03-05T14:33:42.632594Z,Strade Bianche,ADDED,GONZÁLEZ David,rider/david-gonzalez-lopez
2026-03-05T14:33:42.632594Z,Strade Bianche,ADDED,FAURE PROST Alexy,rider/alexy-faure-prost
2026-03-05T14:33:42.632594Z,Strade Bianche,ADDED,MERIS Sergio,rider/sergio-meris
2026-03-05T14:33:42.632594Z,Strade Bianche,ADDED,PIETROBON Andrea,rider/andrea-pietrobon
2026-03-05T14:33:42.632594Z,Strade Bianche,ADDED,NENCINI Tommaso,rider/tommaso-nencini
2026-03-05T14:33:42.632594Z,Strade Bianche,REMOVED,ARENSMAN Thymen,rider/thymen-arensman
2026-03-05T14:33:42.632594Z,Strade Bianche,REMOVED,BERNAL Egan,rider/egan-bernal
2026-03-05T14:33:42.632594Z,Strade Bianche,REMOVED,ENGELHARDT Felix,rider/felix-engelhardt
2026-03-05T14:33:42.632594Z,Strade Bianche,ADDED,GRANGER Ben,rider/ben-granger
2026-03-05T14:33:42.632594Z,Strade Bianche,ADDED,THOMPSON Reuben,rider/reuben-thompson
2026-03-05T14:33:42.632594Z,Strade Bianche,ADDED,VAN TRICHT Floris,rider/floris-van-tricht
2026-03-05T14:33:42.632594Z,Strade Bianche,ADDED,HAIG Jack,rider/jack-haig
2026-03-05T14:33:42.632594Z,Strade Bianche,ADDED,TOLIO Alex,rider/alex-tolio
2026-03-05T14:33:42.632594Z,Strade Bianche,ADDED,DOCKX Aaron,rider/aaron-dockx
2026-03-05T14:33:42.632594Z,Strade Bianche,ADDED,SILVA Guillermo Thomas,rider/guillermo-thomas-silva-coussan
2026-03-05T14:33:42.632594Z,Strade Bianche,ADDED,EIKING Odd Christian,rider/odd-christian-eiking
2026-03-05T14:33:42.632594Z,Strade Bianche,ADDED,MORO Manlio,rider/manlio-moro
2026-03-05T14:33:42.632594Z,Strade Bianche,REMOVED,BARRÉ Louis,rider/louis-barre
2026-03-05T14:33:42.632594Z,Strade Bianche,ADDED,DE PRETTO Davide,rider/davide-de-pretto
2026-03-05T14:33:42.632594Z,Strade Bianche,ADDED,BONNEU Kamiel,rider/kamiel-bonneu
2026-03-05T14:33:42.632594Z,Strade Bianche,ADDED,KRON Andreas,rider/andreas-kron
2026-03-05T14:33:42.632594Z,Strade Bianche,ADDED,VALGREN Michael,rider/michael-valgren-andersen
2026-03-05T14:33:42.632594Z,Strade Bianche,ADDED,MOSCON Gianni,rider/gianni-moscon
2026-03-05T14:33:42.632594Z,Strade Bianche,ADDED,DVERSNES LAVIK Fredrik,rider/fredrik-dversnes
2026-03-05T14:33:42.632594Z,Strade Bianche,ADDED,HAMILTON Lucas,rider/lucas-hamilton
2026-03-05T14:33:42.632594Z,Strade Bianche,ADDED,PEACE Oliver,rider/oliver-peace
2026-03-05T14:33:42.632594Z,Strade Bianche,ADDED,SCHULTZ Nick,rider/nick-schultz
2026-03-05T20:04:47.303660Z,In Flanders Fields,REMOVED,MATTHEWS Michael,rider/michael-matthews
2026-03-05T20:04:47.303660Z,E3 Saxo Classic,REMOVED,MATTHEWS Michael,rider/michael-matthews
2026-03-05T20:04:47.303660Z,Amstel Gold Race,REMOVED,MATTHEWS Michael,rider/michael-matthews
2026-03-05T20:04:47.303660Z,Milaan-Sanremo,REMOVED,MATTHEWS Michael,rider/michael-matthews
2026-03-05T20:04:47.303660Z,Ronde van Vlaanderen,REMOVED,MATTHEWS Michael,rider/michael-matthews
2026-03-05T20:04:47.303660Z,Luik-Bastenaken-Luik,REMOVED,MATTHEWS Michael,rider/michael-matthews
2026-03-05T20:04:47.303660Z,Strade Bianche,REMOVED,GONZÁLEZ David,rider/david-gonzalez-lopez
2026-03-05T20:04:47.303660Z,Strade Bianche,ADDED,VAN MOER Brent,rider/brent-van-moer
2026-03-05T20:04:47.303660Z,Strade Bianche,ADDED,DONOVAN Mark,rider/mark-donovan
2026-03-05T20:04:47.303660Z,Strade Bianche,REMOVED,BAX Sjoerd,rider/sjoerd-bax
2026-03-06T14:05:56.764524Z,Strade Bianche,REMOVED,EIKING Odd Christian,rider/odd-christian-eiking
2026-03-06T14:05:56.764524Z,Strade Bianche,ADDED,KNOX James,rider/james-knox
2026-03-06T14:05:56.764524Z,Waalse Pijl,ADDED,KWIATKOWSKI Michał,rider/michal-kwiatkowski
2026-03-06T14:05:56.764524Z,Milaan-Sanremo,ADDED,KWIATKOWSKI Michał,rider/michal-kwiatkowski
2026-03-06T14:05:56.764524Z,Amstel Gold Race,ADDED,KWIATKOWSKI Michał,rider/michal-kwiatkowski
2026-03-06T14:05:56.764524Z,Luik-Bastenaken-Luik,ADDED,KWIATKOWSKI Michał,rider/michal-kwiatkowski
2026-03-06T14:05:56.764524Z,Milaan-Sanremo,ADDED,SLOCK Liam,rider/liam-slock
2026-03-06T19:49:33.957491Z,Strade Bianche,REMOVED,LIVYNS Arjen,rider/arjen-livyns
2026-03-06T19:49:33.957491Z,Strade Bianche,ADDED,KUZMIN Anton,rider/anton-kuzmin
2026-03-06T19:49:33.957491Z,Strade Bianche,ADDED,VERRANDO Luca,rider/luca-verrando
2026-03-06T19:49:33.957491Z,Milaan-Sanremo,ADDED,MAESTRI Mirco,rider/mirco-maestri
2026-03-06T19:49:33.957491Z,Strade Bianche,REMOVED,BONNEU Kamiel,rider/kamiel-bonneu
2026-03-07T04:46:55.887401Z,Luik-Bastenaken-Luik,ADDED,MARTIN Guillaume,rider/guillaume-martin
2026-03-07T04:46:55.887401Z,Waalse Pijl,ADDED,MARTIN Guillaume,rider/guillaume-martin
2026-03-07T19:00:22.265904Z,Dwars door Vlaanderen,ADDED,HONORÉ Mikkel Frølich,rider/mikkel-honore
2026-03-07T19:00:22.265904Z,Dwars door Vlaanderen,ADDED,TURNER Ben,rider/ben-turner
2026-03-07T19:00:22.265904Z,Dwars door Vlaanderen,ADDED,ASGREEN Kasper,rider/kasper-asgreen
2026-03-07T19:00:22.265904Z,Dwars door Vlaanderen,ADDED,SWIFT Connor,rider/connor-swift
2026-03-07T19:00:22.265904Z,Dwars door Vlaanderen,ADDED,GANNA Filippo,rider/filippo-ganna
2026-03-09T19:54:16.885094Z,Milaan-Sanremo,ADDED,KUBIŠ Lukáš,rider/lukas-kubis
2026-03-09T19:54:16.885094Z,Nokere Koerse,ADDED,KUBIŠ Lukáš,rider/lukas-kubis
2026-03-09T19:54:16.885094Z,Bredene Koksijde Classic,REMOVED,KUBIŠ Lukáš,rider/lukas-kubis
2026-03-10T14:36:32.901892Z,Milaan-Sanremo,REMOVED,PEDERSEN Mads,rider/mads-pedersen
2026-03-10T19:53:39.422410Z,Nokere Koerse,ADDED,HOUCOU Emmanuel,rider/emmanuel-houcou
2026-03-10T19:53:39.422410Z,Nokere Koerse,ADDED,RICKAERT Jonas,rider/jonas-rickaert
2026-03-10T19:53:39.422410Z,Nokere Koerse,ADDED,VAN TRICHT Floris,rider/floris-van-tricht
2026-03-10T19:53:39.422410Z,Bredene Koksijde Classic,ADDED,VAN TRICHT Floris,rider/floris-van-tricht
2026-03-10T19:53:39.422410Z,Nokere Koerse,ADDED,VERBRUGGHE Jens,rider/jens-verbrugghe
2026-03-10T19:53:39.422410Z,Bredene Koksijde Classic,ADDED,MILAN Matteo,rider/matteo-milan
2026-03-10T19:53:39.422410Z,Bredene Koksijde Classic,ADDED,DE BUYST Jasper,rider/jasper-de-buyst
2026-03-10T19:53:39.422410Z,Nokere Koerse,ADDED,LOOCKX Lander,rider/lander-loockx
2026-03-10T19:53:39.422410Z,Nokere Koerse,ADDED,BARTHE Cyril,rider/cyril-barthe
2026-03-10T19:53:39.422410Z,Bredene Koksijde Classic,ADDED,BARTHE Cyril,rider/cyril-barthe
2026-03-10T19:53:39.422410Z,Bredene Koksijde Classic,ADDED,MARCHAND Gianni,rider/gianni-marchand
2026-03-10T19:53:39.422410Z,Nokere Koerse,ADDED,ROOSEN Timo,rider/timo-roosen
2026-03-10T19:53:39.422410Z,Bredene Koksijde Classic,ADDED,ROOSEN Timo,rider/timo-roosen
2026-03-10T19:53:39.422410Z,Bredene Koksijde Classic,ADDED,SÜTTERLIN Jasha,rider/jasha-sutterlin
2026-03-10T19:53:39.422410Z,Nokere Koerse,ADDED,MARCEROU Nicola,rider/nicola-marcerou
2026-03-10T19:53:39.422410Z,Bredene Koksijde Classic,ADDED,MARCEROU Nicola,rider/nicola-marcerou
2026-03-10T19:53:39.422410Z,Bredene Koksijde Classic,ADDED,PAARDEKOOPER Thijmen,rider/thijmen-paardekooper
2026-03-10T19:53:39.422410Z,Nokere Koerse,ADDED,MICHIELSEN Thor,rider/thor-michielsen
2026-03-10T19:53:39.422410Z,Nokere Koerse,ADDED,VAN TRICHT Stan,rider/stan-van-tricht
2026-03-10T19:53:39.422410Z,Bredene Koksijde Classic,ADDED,VAN TRICHT Stan,rider/stan-van-tricht
2026-03-10T19:53:39.422410Z,Nokere Koerse,ADDED,KLUCKERS Arthur,rider/arthur-kluckers
2026-03-10T19:53:39.422410Z,Bredene Koksijde Classic,ADDED,KLUCKERS Arthur,rider/arthur-kluckers
2026-03-10T19:53:39.422410Z,Nokere Koerse,ADDED,CORKERY Dillon,rider/dillon-corkery
2026-03-10T19:53:39.422410Z,Bredene Koksijde Classic,ADDED,CORKERY Dillon,rider/dillon-corkery
2026-03-10T19:53:39.422410Z,Nokere Koerse,ADDED,VAN PETEGEM Axandre,rider/axandre-van-petegem
2026-03-10T19:53:39.422410Z,Bredene Koksijde Classic,ADDED,CONSONNI Simone,rider/simone-consonni
2026-03-10T19:53:39.422410Z,Nokere Koerse,ADDED,ACKERMANN Pascal,rider/pascal-ackermann
2026-03-10T19:53:39.422410Z,Bredene Koksijde Classic,ADDED,ACKERMANN Pascal,rider/pascal-ackermann
2026-03-10T19:53:39.422410Z,Nokere Koerse,ADDED,WALSCHEID Max,rider/max-walscheid
2026-03-10T19:53:39.422410Z,Bredene Koksijde Classic,ADDED,WALSCHEID Max,rider/max-walscheid
2026-03-10T19:53:39.422410Z,Nokere Koerse,ADDED,DUPONT Timothy,rider/timothy-dupont
2026-03-10T19:53:39.422410Z,Bredene Koksijde Classic,ADDED,DUPONT Timothy,rider/timothy-dupont
2026-03-10T19:53:39.422410Z,Bredene Koksijde Classic,ADDED,GACHIGNARD Thomas,rider/thomas-gachignard
2026-03-10T19:53:39.422410Z,Nokere Koerse,ADDED,JOHANSEN Julius,rider/julius-johansen
2026-03-10T19:53:39.422410Z,Bredene Koksijde Classic,ADDED,JOHANSEN Julius,rider/julius-johansen
2026-03-10T19:53:39.422410Z,Nokere Koerse,ADDED,HVIDEBERG Jonas Hem,rider/jonas-hem-hvideberg
2026-03-10T19:53:39.422410Z,Bredene Koksijde Classic,ADDED,HVIDEBERG Jonas Hem,rider/jonas-hem-hvideberg
2026-03-10T19:53:39.422410Z,Nokere Koerse,ADDED,URIANSTAD BUGGE Martin,rider/martin-urianstad
2026-03-10T19:53:39.422410Z,Bredene Koksijde Classic,ADDED,URIANSTAD BUGGE Martin,rider/martin-urianstad
2026-03-10T19:53:39.422410Z,Nokere Koerse,ADDED,MEZGEC Luka,rider/luka-mezgec
2026-03-10T19:53:39.422410Z,Bredene Koksijde Classic,ADDED,MEZGEC Luka,rider/luka-mezgec
2026-03-10T19:53:39.422410Z,Bredene Koksijde Classic,ADDED,KOGUT Oded,rider/oded-kogut
2026-03-10T19:53:39.422410Z,Nokere Koerse,ADDED,LARRONDE Ellande,rider/ellande-larronde
2026-03-10T19:53:39.422410Z,Bredene Koksijde Classic,ADDED,LARRONDE Ellande,rider/ellande-larronde
2026-03-10T19:53:39.422410Z,Bredene Koksijde Classic,ADDED,MAAS Marijn,rider/marijn-maas
2026-03-10T19:53:39.422410Z,Nokere Koerse,ADDED,JOHANNINK Jelle,rider/jelle-johannink
2026-03-10T19:53:39.422410Z,Bredene Koksijde Classic,ADDED,JOHANNINK Jelle,rider/jelle-johannink
2026-03-10T19:53:39.422410Z,Nokere Koerse,ADDED,DEWEIRDT Siebe,rider/siebe-deweirdt
2026-03-10T19:53:39.422410Z,Bredene Koksijde Classic,ADDED,DEWEIRDT Siebe,rider/siebe-deweirdt
2026-03-10T19:53:39.422410Z,Bredene Koksijde Classic,ADDED,LIEPIŅŠ Emīls,rider/emils-liepins
2026-03-10T19:53:39.422410Z,Nokere Koerse,ADDED,MOZZATO Luca,rider/luca-mozzato
2026-03-10T19:53:39.422410Z,Bredene Koksijde Classic,ADDED,MOZZATO Luca,rider/luca-mozzato
2026-03-10T19:53:39.422410Z,Nokere Koerse,ADDED,LANHOVE Milan,rider/milan-lanhove
2026-03-10T19:53:39.422410Z,Nokere Koerse,ADDED,DRIZNERS Jarrad,rider/jarrad-drizners
2026-03-10T19:53:39.422410Z,Nokere Koerse,ADDED,KOLZE CHANGIZI Sebastian,rider/sebastian-kolze-changizi
2026-03-10T19:53:39.422410Z,Bredene Koksijde Classic,ADDED,KOLZE CHANGIZI Sebastian,rider/sebastian-kolze-changizi
2026-03-10T19:53:39.422410Z,Bredene Koksijde Classic,ADDED,GEERAERTS Ferre,rider/ferre-geeraerts
2026-03-10T19:53:39.422410Z,Bredene Koksijde Classic,ADDED,OLIVEIRA Rui,rider/rui-oliveira
2026-03-10T19:53:39.422410Z,Bredene Koksijde Classic,ADDED,VANGHELUWE Warre,rider/warre-vangheluwe
2026-03-10T19:53:39.422410Z,Nokere Koerse,ADDED,VAN MOER Brent,rider/brent-van-moer
2026-03-10T19:53:39.422410Z,Bredene Koksijde Classic,ADDED,VAN MOER Brent,rider/brent-van-moer
2026-03-10T19:53:39.422410Z,Nokere Koerse,ADDED,MIKUTIS Aivaras,rider/aivaras-mikutis
2026-03-10T19:53:39.422410Z,Bredene Koksijde Classic,ADDED,MIKUTIS Aivaras,rider/aivaras-mikutis
2026-03-10T19:53:39.422410Z,Nokere Koerse,ADDED,DE POOTER Dries,rider/dries-de-pooter
2026-03-10T19:53:39.422410Z,Bredene Koksijde Classic,ADDED,BRAET Vito,rider/vito-braet
2026-03-10T19:53:39.422410Z,Nokere Koerse,ADDED,THIERRY Pierre,rider/pierre-thierry
2026-03-10T19:53:39.422410Z,Nokere Koerse,ADDED,EINHORN Itamar,rider/itamar-einhorn
2026-03-10T19:53:39.422410Z,Bredene Koksijde Classic,ADDED,EINHORN Itamar,rider/itamar-einhorn
2026-03-10T19:53:39.422410Z,Bredene Koksijde Classic,ADDED,CHRISTIAN Sean,rider/sean-christian
2026-03-10T19:53:39.422410Z,Nokere Koerse,ADDED,PEDERSEN Henrik,rider/henrik-pedersen
2026-03-10T19:53:39.422410Z,Bredene Koksijde Classic,ADDED,PEDERSEN Henrik,rider/henrik-pedersen
2026-03-10T19:53:39.422410Z,Nokere Koerse,ADDED,HUENS Axel,rider/axel-huens
2026-03-10T19:53:39.422410Z,Bredene Koksijde Classic,ADDED,HUENS Axel,rider/axel-huens
2026-03-10T19:53:39.422410Z,Nokere Koerse,ADDED,GUILLEMETTE Mathias,rider/mathias-guillemette
2026-03-10T19:53:39.422410Z,Bredene Koksijde Classic,ADDED,GUILLEMETTE Mathias,rider/mathias-guillemette
2026-03-10T19:53:39.422410Z,Nokere Koerse,ADDED,ZIJLAARD Maikel,rider/maikel-zijlaard
2026-03-10T19:53:39.422410Z,Bredene Koksijde Classic,ADDED,ZIJLAARD Maikel,rider/maikel-zijlaard
2026-03-10T19:53:39.422410Z,Nokere Koerse,ADDED,MARIS Elias,rider/elias-maris
2026-03-10T19:53:39.422410Z,Bredene Koksijde Classic,ADDED,VERCOUILLIE Victor,rider/victor-vercouillie
2026-03-10T19:53:39.422410Z,Bredene Koksijde Classic,ADDED,DE VYLDER Lindsay,rider/lindsay-de-vylder
2026-03-10T19:53:39.422410Z,Nokere Koerse,ADDED,MCDONALD Brody,rider/brody-mcdonald
2026-03-10T19:53:39.422410Z,Bredene Koksijde Classic,ADDED,MCDONALD Brody,rider/brody-mcdonald
2026-03-10T19:53:39.422410Z,Bredene Koksijde Classic,ADDED,BOULAHOITE Rayan,rider/rayan-boulahoite
2026-03-10T19:53:39.422410Z,Nokere Koerse,ADDED,TENE Rotem,rider/rotem-tene
2026-03-10T19:53:39.422410Z,Bredene Koksijde Classic,ADDED,TENE Rotem,rider/rotem-tene
2026-03-10T19:53:39.422410Z,Nokere Koerse,ADDED,KOCKELMANN Mathieu,rider/mathieu-kockelmann
2026-03-10T19:53:39.422410Z,Nokere Koerse,ADDED,SVARRE Tobias,rider/tobias-svarre
2026-03-10T19:53:39.422410Z,Bredene Koksijde Classic,ADDED,SVARRE Tobias,rider/tobias-svarre
2026-03-10T19:53:39.422410Z,Bredene Koksijde Classic,ADDED,POLITT Nils,rider/nils-politt
2026-03-10T19:53:39.422410Z,Nokere Koerse,ADDED,VANDENSTORME Dylan,rider/dylan-vandenstorme
2026-03-10T19:53:39.422410Z,Bredene Koksijde Classic,ADDED,DISSEL Bram,rider/bram-dissel
2026-03-10T19:53:39.422410Z,Bredene Koksijde Classic,ADDED,WITHEN PHILIPSEN Albert,rider/albert-withen-philipsen
2026-03-10T19:53:39.422410Z,Nokere Koerse,ADDED,VEISTROFFER Baptiste,rider/baptiste-veistroffer
2026-03-10T19:53:39.422410Z,Nokere Koerse,ADDED,SUNEKÆR NORSGAARD Mathias,rider/mathias-norsgaard
2026-03-10T19:53:39.422410Z,Nokere Koerse,ADDED,IBÁÑEZ Javier,rider/javier-ibanez-beltran-de-salazar
2026-03-10T19:53:39.422410Z,Bredene Koksijde Classic,ADDED,IBÁÑEZ Javier,rider/javier-ibanez-beltran-de-salazar
2026-03-10T19:53:39.422410Z,Nokere Koerse,ADDED,BIESTERBOS Frits,rider/frits-biesterbos
2026-03-10T19:53:39.422410Z,Nokere Koerse,ADDED,DELLE VEDOVE Alessio,rider/alessio-delle-vedove
2026-03-10T19:53:39.422410Z,Bredene Koksijde Classic,ADDED,DELLE VEDOVE Alessio,rider/alessio-delle-vedove
2026-03-10T19:53:39.422410Z,Bredene Koksijde Classic,ADDED,ROMELE Alessandro,rider/alessandro-romele
2026-03-10T19:53:39.422410Z,Bredene Koksijde Classic,ADDED,BALLERSTEDT Maurice,rider/maurice-ballerstedt
2026-03-10T19:53:39.422410Z,Bredene Koksijde Classic,ADDED,SU Haoyu,rider/haoyu-su
2026-03-10T19:53:39.422410Z,Nokere Koerse,ADDED,PENHOËT Paul,rider/paul-penhoet
2026-03-10T19:53:39.422410Z,Bredene Koksijde Classic,ADDED,PENHOËT Paul,rider/paul-penhoet
2026-03-10T19:53:39.422410Z,Nokere Koerse,ADDED,BRUTTOMESSO Alberto,rider/alberto-bruttomesso
2026-03-10T19:53:39.422410Z,Nokere Koerse,ADDED,STEWART Mark,rider/mark-stewart
2026-03-10T19:53:39.422410Z,Bredene Koksijde Classic,ADDED,STEWART Mark,rider/mark-stewart
2026-03-10T19:53:39.422410Z,Nokere Koerse,ADDED,FRISON Frederik,rider/frederik-frison
2026-03-10T19:53:39.422410Z,Bredene Koksijde Classic,ADDED,FRISON Frederik,rider/frederik-frison
2026-03-10T19:53:39.422410Z,Nokere Koerse,ADDED,GRUEL Thibaud,rider/thibaud-gruel
2026-03-10T19:53:39.422410Z,Nokere Koerse,ADDED,BOWER Lewis,rider/lewis-bower
2026-03-10T19:53:39.422410Z,Bredene Koksijde Classic,ADDED,BOWER Lewis,rider/lewis-bower
2026-03-10T19:53:39.422410Z,Nokere Koerse,ADDED,RENARD-HAQUIN Henri-François,rider/henri-francois-renard-haquin
2026-03-10T19:53:39.422410Z,Bredene Koksijde Classic,ADDED,RENARD-HAQUIN Henri-François,rider/henri-francois-renard-haquin
2026-03-10T19:53:39.422410Z,Nokere Koerse,ADDED,TONEATTI Davide,rider/davide-toneatti
2026-03-10T19:53:39.422410Z,Bredene Koksijde Classic,ADDED,TONEATTI Davide,rider/davide-toneatti
2026-03-10T19:53:39.422410Z,Bredene Koksijde Classic,ADDED,THEUNS Edward,rider/edward-theuns
2026-03-10T19:53:39.422410Z,Bredene Koksijde Classic,ADDED,FUGGER Heimo,rider/heimo-fugger
2026-03-10T19:53:39.422410Z,Nokere Koerse,ADDED,TRONCHON Bastien,rider/bastien-tronchon
2026-03-10T19:53:39.422410Z,Nokere Koerse,ADDED,HERREGODTS Rune,rider/rune-herregodts
2026-03-10T19:53:39.422410Z,Bredene Koksijde Classic,ADDED,HERREGODTS Rune,rider/rune-herregodts
2026-03-10T19:53:39.422410Z,Nokere Koerse,ADDED,KELEMEN Petr,rider/petr-kelemen
2026-03-10T19:53:39.422410Z,Bredene Koksijde Classic,ADDED,KELEMEN Petr,rider/petr-kelemen
2026-03-10T19:53:39.422410Z,Nokere Koerse,ADDED,MAŁECKI Kamil,rider/kamil-malecki
2026-03-10T19:53:39.422410Z,Bredene Koksijde Classic,ADDED,VANDENBRANDEN Noah,rider/noah-vandenbranden
2026-03-10T19:53:39.422410Z,Bredene Koksijde Classic,ADDED,GONOV Lev,rider/lev-gonov
2026-03-10T19:53:39.422410Z,Nokere Koerse,ADDED,PICKRELL Riley,rider/riley-pickrell
2026-03-10T19:53:39.422410Z,Bredene Koksijde Classic,ADDED,PICKRELL Riley,rider/riley-pickrell
2026-03-10T19:53:39.422410Z,Nokere Koerse,ADDED,STELLA Davide,rider/davide-stella
2026-03-10T19:53:39.422410Z,Bredene Koksijde Classic,ADDED,STELLA Davide,rider/davide-stella
2026-03-10T19:53:39.422410Z,Nokere Koerse,ADDED,RAISBERG Nadav,rider/nadav-raisberg
2026-03-10T19:53:39.422410Z,Bredene Koksijde Classic,ADDED,RAISBERG Nadav,rider/nadav-raisberg
2026-03-10T19:53:39.422410Z,Nokere Koerse,ADDED,VERVENNE Jonathan,rider/jonathan-vervenne
2026-03-10T19:53:39.422410Z,Bredene Koksijde Classic,ADDED,VERVENNE Jonathan,rider/jonathan-vervenne
2026-03-10T19:53:39.422410Z,Nokere Koerse,ADDED,MORGADO António,rider/antonio-morgado
2026-03-10T19:53:39.422410Z,Nokere Koerse,ADDED,MOLANO Juan Sebastián,rider/juan-sebastian-molano
2026-03-10T19:53:39.422410Z,Bredene Koksijde Classic,ADDED,MOLANO Juan Sebastián,rider/juan-sebastian-molano
2026-03-10T19:53:39.422410Z,Nokere Koerse,ADDED,KESSLER Cole,rider/cole-kessler
2026-03-10T19:53:39.422410Z,Bredene Koksijde Classic,ADDED,KESSLER Cole,rider/cole-kessler
2026-03-10T19:53:39.422410Z,Bredene Koksijde Classic,ADDED,CLAEYS Robbe,rider/robbe-claeys
2026-03-10T19:53:39.422410Z,Bredene Koksijde Classic,ADDED,PLOWRIGHT Jensen,rider/jensen-plowright
2026-03-10T19:53:39.422410Z,Nokere Koerse,ADDED,SANTY Arne,rider/arne-santy
2026-03-10T19:53:39.422410Z,Bredene Koksijde Classic,ADDED,SANTY Arne,rider/arne-santy
2026-03-10T19:53:39.422410Z,Nokere Koerse,ADDED,VILLAR Iker,rider/iker-villar
2026-03-10T19:53:39.422410Z,Bredene Koksijde Classic,ADDED,VILLAR Iker,rider/iker-villar
2026-03-10T19:53:39.422410Z,Nokere Koerse,ADDED,KANTER Max,rider/max-kanter
2026-03-10T19:53:39.422410Z,Bredene Koksijde Classic,ADDED,KANTER Max,rider/max-kanter
2026-03-10T19:53:39.422410Z,Nokere Koerse,ADDED,BORGO Alessandro,rider/alessandro-borgo
2026-03-10T19:53:39.422410Z,Nokere Koerse,ADDED,BOARDMAN Samuel,rider/samuel-boardman
2026-03-10T19:53:39.422410Z,Nokere Koerse,ADDED,OLIVER Ben,rider/ben-oliver
2026-03-10T19:53:39.422410Z,Bredene Koksijde Classic,ADDED,OLIVER Ben,rider/ben-oliver
2026-03-10T19:53:39.422410Z,Bredene Koksijde Classic,ADDED,GADEMAN Sam,rider/sam-gademan
2026-03-10T19:53:39.422410Z,Nokere Koerse,ADDED,VERGAERDE Otto,rider/otto-vergaerde
2026-03-10T19:53:39.422410Z,Bredene Koksijde Classic,ADDED,VERGAERDE Otto,rider/otto-vergaerde
2026-03-10T19:53:39.422410Z,Nokere Koerse,ADDED,DUNWOODY Seth,rider/seth-dunwoody
2026-03-10T19:53:39.422410Z,Nokere Koerse,ADDED,RASENBERG Martijn,rider/martijn-rasenberg
2026-03-10T19:53:39.422410Z,Bredene Koksijde Classic,ADDED,RASENBERG Martijn,rider/martijn-rasenberg
2026-03-10T19:53:39.422410Z,Nokere Koerse,ADDED,MOSCHETTI Matteo,rider/matteo-moschetti
2026-03-10T19:53:39.422410Z,Bredene Koksijde Classic,ADDED,MOSCHETTI Matteo,rider/matteo-moschetti
2026-03-10T19:53:39.422410Z,Nokere Koerse,ADDED,PARISINI Nicolò,rider/nicolo-parisini
2026-03-10T19:53:39.422410Z,Bredene Koksijde Classic,ADDED,PARISINI Nicolò,rider/nicolo-parisini
2026-03-10T19:53:39.422410Z,Bredene Koksijde Classic,ADDED,BENNETT Sam,rider/sam-bennett
2026-03-10T19:53:39.422410Z,Nokere Koerse,ADDED,GOVEKAR Matevž,rider/matevz-govekar
2026-03-10T19:53:39.422410Z,Nokere Koerse,ADDED,ALLEGAERT Piet,rider/piet-allegaert
2026-03-10T19:53:39.422410Z,Bredene Koksijde Classic,ADDED,VAN DEN HAUTE Milan,rider/milan-van-den-haute
2026-03-10T19:53:39.422410Z,Nokere Koerse,ADDED,WANG Gustav,rider/gustav-wang
2026-03-10T19:53:39.422410Z,Bredene Koksijde Classic,ADDED,WANG Gustav,rider/gustav-wang
2026-03-10T19:53:39.422410Z,Bredene Koksijde Classic,ADDED,SCALA Hugo,rider/hugo-scala
2026-03-10T19:53:39.422410Z,Bredene Koksijde Classic,ADDED,KROONEN Max,rider/max-kroonen
2026-03-10T19:53:39.422410Z,Nokere Koerse,ADDED,HARTEEL Jelle,rider/jelle-harteel
2026-03-10T19:53:39.422410Z,Nokere Koerse,ADDED,ERŽEN Žak,rider/zak-erzen
2026-03-10T19:53:39.422410Z,Nokere Koerse,ADDED,GIAIMI Luca,rider/luca-giaimi
2026-03-10T19:53:39.422410Z,Bredene Koksijde Classic,ADDED,LEROUX Samuel,rider/samuel-leroux
2026-03-10T19:53:39.422410Z,Bredene Koksijde Classic,ADDED,MENTEN Milan,rider/milan-menten
2026-03-10T19:53:39.422410Z,Nokere Koerse,ADDED,SÖDERQVIST Jakob,rider/jakob-soderqvist
2026-03-10T19:53:39.422410Z,Bredene Koksijde Classic,ADDED,SÖDERQVIST Jakob,rider/jakob-soderqvist
2026-03-10T19:53:39.422410Z,Bredene Koksijde Classic,ADDED,DEHAIRS Simon,rider/simon-dehairs
2026-03-10T19:53:39.422410Z,Bredene Koksijde Classic,ADDED,LAURYSSEN Yorben,rider/yorben-lauryssen
2026-03-10T19:53:39.422410Z,Bredene Koksijde Classic,ADDED,VAN SINTMAARTENSDIJK Daan,rider/daan-van-sintmaartensdijk
2026-03-10T19:53:39.422410Z,Bredene Koksijde Classic,ADDED,CHARRET Camille,rider/camille-charret
2026-03-10T19:53:39.422410Z,Nokere Koerse,ADDED,WATTS Kiaan,rider/kiaan-watts
2026-03-10T19:53:39.422410Z,Bredene Koksijde Classic,ADDED,WATTS Kiaan,rider/kiaan-watts
2026-03-10T19:53:39.422410Z,Nokere Koerse,ADDED,PUTZ Sebastian,rider/sebastian-putz
2026-03-10T19:53:39.422410Z,Nokere Koerse,ADDED,UHLIG Henri,rider/henri-uhlig
2026-03-10T19:53:39.422410Z,Bredene Koksijde Classic,ADDED,UHLIG Henri,rider/henri-uhlig
2026-03-10T19:53:39.422410Z,Nokere Koerse,ADDED,ETXEBERRIA Haimar,rider/haimar-etxeberria
2026-03-10T19:53:39.422410Z,Nokere Koerse,ADDED,VERMOOTE Jelle,rider/jelle-vermoote
2026-03-10T19:53:39.422410Z,Bredene Koksijde Classic,ADDED,VERMOOTE Jelle,rider/jelle-vermoote
2026-03-10T19:53:39.422410Z,Nokere Koerse,ADDED,BEULLENS Cedric,rider/cedric-beullens
2026-03-10T19:53:39.422410Z,Bredene Koksijde Classic,ADDED,BEULLENS Cedric,rider/cedric-beullens
2026-03-10T19:53:39.422410Z,Nokere Koerse,ADDED,MOURIS Wessel,rider/wessel-mouris
2026-03-10T19:53:39.422410Z,Bredene Koksijde Classic,ADDED,MOURIS Wessel,rider/wessel-mouris
2026-03-10T19:53:39.422410Z,Nokere Koerse,ADDED,MÜLLER Tobias,rider/tobias-muller1
2026-03-10T19:53:39.422410Z,Bredene Koksijde Classic,ADDED,MÜLLER Tobias,rider/tobias-muller1
2026-03-10T19:53:39.422410Z,Nokere Koerse,ADDED,FONTAINE Titouan,rider/titouan-fontaine
2026-03-10T19:53:39.422410Z,Bredene Koksijde Classic,ADDED,FONTAINE Titouan,rider/titouan-fontaine
2026-03-10T19:53:39.422410Z,Nokere Koerse,ADDED,VAN DEN BOSSCHE Fabio,rider/fabio-van-den-bossche
2026-03-10T19:53:39.422410Z,Bredene Koksijde Classic,ADDED,VAN DEN BOSSCHE Fabio,rider/fabio-van-den-bossche
2026-03-10T19:53:39.422410Z,Nokere Koerse,ADDED,SORARRAIN Gorka,rider/gorka-sorarrain
2026-03-10T19:53:39.422410Z,Bredene Koksijde Classic,ADDED,SORARRAIN Gorka,rider/gorka-sorarrain
2026-03-10T19:53:39.422410Z,Nokere Koerse,ADDED,HERZOG Emil,rider/emil-herzog
2026-03-10T19:53:39.422410Z,Nokere Koerse,ADDED,GIDDINGS Joshua,rider/joshua-giddings
2026-03-10T19:53:39.422410Z,Bredene Koksijde Classic,ADDED,GIDDINGS Joshua,rider/joshua-giddings
2026-03-10T19:53:39.422410Z,Nokere Koerse,ADDED,LEITÃO Iúri,rider/iuri-leitao
2026-03-10T19:53:39.422410Z,Bredene Koksijde Classic,ADDED,LEITÃO Iúri,rider/iuri-leitao
2026-03-10T19:53:39.422410Z,Bredene Koksijde Classic,ADDED,TORNEY Artuur,rider/artuur-torney
2026-03-10T19:53:39.422410Z,Nokere Koerse,ADDED,LAMBRECHT Michiel,rider/michiel-lambrecht
2026-03-10T19:53:39.422410Z,Nokere Koerse,ADDED,SYRITSA Gleb,rider/gleb-syritsa
2026-03-10T19:53:39.422410Z,Bredene Koksijde Classic,ADDED,EISING Tijmen,rider/tijmen-eising
2026-03-10T19:53:39.422410Z,Nokere Koerse,ADDED,MCKENZIE Hamish,rider/hamish-mckenzie
2026-03-10T19:53:39.422410Z,Bredene Koksijde Classic,ADDED,MCKENZIE Hamish,rider/hamish-mckenzie
2026-03-10T19:53:39.422410Z,Nokere Koerse,ADDED,BRUNEL Alexys,rider/alexys-brunel
2026-03-10T19:53:39.422410Z,Nokere Koerse,ADDED,TESSON Jason,rider/jason-tesson
2026-03-10T19:53:39.422410Z,Bredene Koksijde Classic,ADDED,TESSON Jason,rider/jason-tesson
2026-03-10T19:53:39.422410Z,Nokere Koerse,ADDED,BÉVORT Carl-Frederik,rider/carl-frederik-bevort
2026-03-10T19:53:39.422410Z,Bredene Koksijde Classic,ADDED,BÉVORT Carl-Frederik,rider/carl-frederik-bevort
2026-03-10T19:53:39.422410Z,Nokere Koerse,ADDED,DE GENDT Aimé,rider/aime-de-gendt
2026-03-10T19:53:39.422410Z,Bredene Koksijde Classic,ADDED,DE GENDT Aimé,rider/aime-de-gendt
2026-03-10T19:53:39.422410Z,Nokere Koerse,ADDED,STERCK Joppe,rider/joppe-sterck
2026-03-10T19:53:39.422410Z,Nokere Koerse,ADDED,DARDER Sergi,rider/sergi-darder
2026-03-10T19:53:39.422410Z,Bredene Koksijde Classic,ADDED,DARDER Sergi,rider/sergi-darder
2026-03-10T19:53:39.422410Z,Bredene Koksijde Classic,ADDED,HULSMANS Senne,rider/senne-hulsmans
2026-03-10T19:53:39.422410Z,Nokere Koerse,ADDED,GATE Aaron,rider/aaron-gate
2026-03-10T19:53:39.422410Z,Nokere Koerse,ADDED,MOONEN Zeno,rider/zeno-moonen
2026-03-10T19:53:39.422410Z,Bredene Koksijde Classic,ADDED,MOONEN Zeno,rider/zeno-moonen
2026-03-10T19:53:39.422410Z,Nokere Koerse,ADDED,RIESEBEEK Oscar,rider/oscar-riesebeek
2026-03-10T19:53:39.422410Z,Bredene Koksijde Classic,ADDED,MARSMAN Tim,rider/tim-marsman
2026-03-10T19:53:39.422410Z,Nokere Koerse,ADDED,INGEBRIGTSEN Storm,rider/storm-ingebrigtsen
2026-03-10T19:53:39.422410Z,Bredene Koksijde Classic,ADDED,INGEBRIGTSEN Storm,rider/storm-ingebrigtsen
2026-03-10T19:53:39.422410Z,Bredene Koksijde Classic,ADDED,AGNOLETTO Blake,rider/blake-agnoletto
2026-03-10T19:53:39.422410Z,Bredene Koksijde Classic,ADDED,DEKKER David,rider/david-dekker
2026-03-10T19:53:39.422410Z,Bredene Koksijde Classic,ADDED,CROCKETT Finn,rider/finn-crockett
2026-03-10T19:53:39.422410Z,Nokere Koerse,ADDED,CORRES Gorka,rider/gorka-corres-ibanez-de-opakua
2026-03-10T19:53:39.422410Z,Bredene Koksijde Classic,ADDED,CORRES Gorka,rider/gorka-corres-ibanez-de-opakua
2026-03-10T19:53:39.422410Z,Bredene Koksijde Classic,ADDED,BRINKMAN Joost,rider/joost-brinkman
2026-03-10T19:53:39.422410Z,Bredene Koksijde Classic,ADDED,BOLLE Bert,rider/bert-bolle
2026-03-10T19:53:39.422410Z,Nokere Koerse,ADDED,VAN SINTMAARTENSDIJK Roel,rider/roel-van-sintmaartensdijk
2026-03-10T19:53:39.422410Z,Bredene Koksijde Classic,ADDED,VAN SINTMAARTENSDIJK Roel,rider/roel-van-sintmaartensdijk
2026-03-10T19:53:39.422410Z,Bredene Koksijde Classic,ADDED,KILLY Jonah,rider/jonah-killy
2026-03-10T19:53:39.422410Z,Nokere Koerse,ADDED,MAAS Jan,rider/jan-maas
2026-03-10T19:53:39.422410Z,Bredene Koksijde Classic,ADDED,MAAS Jan,rider/jan-maas
2026-03-10T19:53:39.422410Z,Nokere Koerse,ADDED,GELDERS Gil,rider/gil-gelders
2026-03-10T19:53:39.422410Z,Nokere Koerse,ADDED,MANZIN Lorrenzo,rider/lorrenzo-manzin
2026-03-10T19:53:39.422410Z,Bredene Koksijde Classic,ADDED,MANZIN Lorrenzo,rider/lorrenzo-manzin
2026-03-10T19:53:39.422410Z,Nokere Koerse,ADDED,LE BERRE Mathis,rider/mathis-le-berre
2026-03-10T19:53:39.422410Z,Nokere Koerse,ADDED,EGHOLM Kristian,rider/kristian-egholm1
2026-03-10T19:53:39.422410Z,Bredene Koksijde Classic,ADDED,COPPENS Michiel,rider/michiel-coppens
2026-03-10T19:53:39.422410Z,Nokere Koerse,ADDED,DE JONG Timo,rider/timo-de-jong
2026-03-10T19:53:39.422410Z,Nokere Koerse,ADDED,MIQUEL Pau,rider/pau-miquel-delgado
2026-03-10T19:53:39.422410Z,Nokere Koerse,ADDED,WRIGHT Paul,rider/paul-wright
2026-03-10T19:53:39.422410Z,Bredene Koksijde Classic,ADDED,DEBEAUMARCHÉ Nicolas,rider/nicolas-debeaumarche
2026-03-10T19:53:39.422410Z,Nokere Koerse,ADDED,VADIC Baptiste,rider/baptiste-vadic
2026-03-10T19:53:39.422410Z,Bredene Koksijde Classic,ADDED,VADIC Baptiste,rider/baptiste-vadic
2026-03-10T19:53:39.422410Z,Nokere Koerse,ADDED,VAN HEMELEN Vincent,rider/vincent-van-hemelen
2026-03-10T19:53:39.422410Z,Nokere Koerse,ADDED,BASTIAENS Ayco,rider/ayco-bastiaens
2026-03-10T19:53:39.422410Z,Bredene Koksijde Classic,ADDED,BASTIAENS Ayco,rider/ayco-bastiaens
2026-03-10T19:53:39.422410Z,Nokere Koerse,ADDED,DESAL Ceriel,rider/ceriel-desal
2026-03-10T19:53:39.422410Z,Bredene Koksijde Classic,ADDED,DESAL Ceriel,rider/ceriel-desal
2026-03-11T14:37:46.709342Z,In Flanders Fields,ADDED,DE POOTER Dries,rider/dries-de-pooter
2026-03-11T14:37:46.709342Z,In Flanders Fields,ADDED,SWIFT Connor,rider/connor-swift
2026-03-11T14:37:46.709342Z,In Flanders Fields,ADDED,DOULL Owain,rider/owain-doull
2026-03-11T14:37:46.709342Z,In Flanders Fields,ADDED,VAN AERT Wout,rider/wout-van-aert
2026-03-11T14:37:46.709342Z,In Flanders Fields,ADDED,VERCOUILLIE Victor,rider/victor-vercouillie
2026-03-11T14:37:46.709342Z,In Flanders Fields,ADDED,PEDERSEN Rasmus Søjberg,rider/rasmus-sojbergpedersen
2026-03-11T14:37:46.709342Z,In Flanders Fields,ADDED,BARTHE Cyril,rider/cyril-barthe
2026-03-11T14:37:46.709342Z,In Flanders Fields,ADDED,MAGNIER Paul,rider/paul-magnier
2026-03-11T14:37:46.709342Z,In Flanders Fields,ADDED,GANNA Filippo,rider/filippo-ganna
2026-03-11T14:37:46.709342Z,In Flanders Fields,ADDED,THORNLEY Callum,rider/callum-thornley
2026-03-11T14:37:46.709342Z,In Flanders Fields,ADDED,JACOBS Johan,rider/johan-jacobs
2026-03-11T14:37:46.709342Z,In Flanders Fields,ADDED,DONALDSON Robert,rider/robert-donaldson
2026-03-11T14:37:46.709342Z,In Flanders Fields,ADDED,HESTERS Jules,rider/jules-hesters
2026-03-11T14:37:46.709342Z,In Flanders Fields,ADDED,SCHWARZBACHER Matthias,rider/matthias-schwarzbacher
2026-03-11T14:37:46.709342Z,In Flanders Fields,ADDED,KRAGH ANDERSEN Søren,rider/soren-kragh-andersen
2026-03-11T14:37:46.709342Z,In Flanders Fields,REMOVED,VAN MECHELEN Vlad,rider/vlad-van-mechelen
2026-03-11T14:37:46.709342Z,In Flanders Fields,ADDED,BASTIAENS Ayco,rider/ayco-bastiaens
2026-03-11T14:37:46.709342Z,In Flanders Fields,ADDED,AFFINI Edoardo,rider/edoardo-affini
2026-03-11T14:37:46.709342Z,In Flanders Fields,ADDED,DURBRIDGE Luke,rider/luke-durbridge
2026-03-11T14:37:46.709342Z,In Flanders Fields,ADDED,SIMMONS Colby,rider/colby-simmons
2026-03-11T14:37:46.709342Z,In Flanders Fields,ADDED,BYSTRØM Sven Erik,rider/sven-erik-bystrom
2026-03-11T14:37:46.709342Z,In Flanders Fields,ADDED,REX Laurenz,rider/laurenz-rex
2026-03-11T14:37:46.709342Z,In Flanders Fields,ADDED,THEUNS Edward,rider/edward-theuns
2026-03-11T14:37:46.709342Z,In Flanders Fields,ADDED,GRIGNARD Sébastien,rider/sebastien-grignard
2026-03-11T14:37:46.709342Z,In Flanders Fields,ADDED,HUENS Axel,rider/axel-huens
2026-03-11T14:37:46.709342Z,In Flanders Fields,ADDED,DRIZNERS Jarrad,rider/jarrad-drizners
2026-03-11T14:37:46.709342Z,In Flanders Fields,ADDED,BOL Cees,rider/cees-bol
2026-03-11T14:37:46.709342Z,In Flanders Fields,ADDED,VAN DIJKE Mick,rider/mick-van-dijke
2026-03-11T14:37:46.709342Z,In Flanders Fields,ADDED,MACKELLAR Alastair,rider/alastair-mackellar
2026-03-11T14:37:46.709342Z,In Flanders Fields,ADDED,TEUNS Dylan,rider/dylan-teuns
2026-03-11T14:37:46.709342Z,In Flanders Fields,ADDED,MOLANO Juan Sebastián,rider/juan-sebastian-molano
2026-03-11T14:37:46.709342Z,In Flanders Fields,ADDED,SUNEKÆR NORSGAARD Mathias,rider/mathias-norsgaard
2026-03-11T14:37:46.709342Z,In Flanders Fields,ADDED,TURNER Ben,rider/ben-turner
2026-03-11T14:37:46.709342Z,In Flanders Fields,ADDED,VAN DIJKE Tim,rider/tim-van-dijke
2026-03-11T14:37:46.709342Z,In Flanders Fields,ADDED,MORGADO António,rider/antonio-morgado
2026-03-11T14:37:46.709342Z,In Flanders Fields,ADDED,LAMBRECHT Michiel,rider/michiel-lambrecht
2026-03-11T14:37:46.709342Z,In Flanders Fields,ADDED,PENHOËT Paul,rider/paul-penhoet
2026-03-11T14:37:46.709342Z,In Flanders Fields,ADDED,SHMIDT Artem,rider/artem-shmidt
2026-03-11T14:37:46.709342Z,In Flanders Fields,ADDED,POLITT Nils,rider/nils-politt
2026-03-11T14:37:46.709342Z,In Flanders Fields,ADDED,ASGREEN Kasper,rider/kasper-asgreen
2026-03-11T14:37:46.709342Z,In Flanders Fields,ADDED,LEROUX Samuel,rider/samuel-leroux
2026-03-11T14:37:46.709342Z,Luik-Bastenaken-Luik,ADDED,GAROFOLI Gianmarco,rider/gianmarco-garofoli
2026-03-11T14:37:46.709342Z,Waalse Pijl,ADDED,GAROFOLI Gianmarco,rider/gianmarco-garofoli
2026-03-11T14:37:46.709342Z,In Flanders Fields,ADDED,WATSON Samuel,rider/samuel-watson
2026-03-11T14:37:46.709342Z,In Flanders Fields,ADDED,RESELL Erik Nordsæter,rider/erik-nordsaeter-resell
2026-03-11T14:37:46.709342Z,In Flanders Fields,ADDED,BJERG Mikkel,rider/mikkel-bjerg
2026-03-11T14:37:46.709342Z,In Flanders Fields,ADDED,NABERMAN Tim,rider/tim-naberman
2026-03-11T14:37:46.709342Z,In Flanders Fields,ADDED,HEIDUK Kim,rider/kim-heiduk
2026-03-11T14:37:46.709342Z,In Flanders Fields,ADDED,SHEFFIELD Magnus,rider/magnus-sheffield
2026-03-11T14:37:46.709342Z,In Flanders Fields,ADDED,ACKERMANN Pascal,rider/pascal-ackermann
2026-03-11T14:37:46.709342Z,In Flanders Fields,ADDED,VANHOOF Ward,rider/ward-vanhoof
2026-03-11T14:37:46.709342Z,In Flanders Fields,ADDED,REX Tim,rider/tim-rex
2026-03-11T14:37:46.709342Z,In Flanders Fields,ADDED,DEMAN Brem,rider/brem-deman
2026-03-11T14:37:46.709342Z,In Flanders Fields,ADDED,TILLER Rasmus,rider/rasmus-tiller
2026-03-11T14:37:46.709342Z,In Flanders Fields,ADDED,FREDHEIM Stian,rider/stian-fredheim
2026-03-11T14:37:46.709342Z,In Flanders Fields,ADDED,SÖDERQVIST Jakob,rider/jakob-soderqvist
2026-03-11T14:37:46.709342Z,In Flanders Fields,ADDED,VAN LERBERGHE Bert,rider/bert-van-lerberghe
2026-03-11T14:37:46.709342Z,In Flanders Fields,ADDED,HOELGAARD Markus,rider/markus-hoelgaard
2026-03-11T14:37:46.709342Z,In Flanders Fields,ADDED,RUSSO Clément,rider/clement-russo
2026-03-11T14:37:46.709342Z,In Flanders Fields,ADDED,ISIDORE Noa,rider/noa-isidore
2026-03-11T18:55:14.489832Z,Bredene Koksijde Classic,ADDED,RENARD Alexis,rider/alexis-renard
2026-03-11T18:55:14.489832Z,Parijs-Roubaix,ADDED,RENARD Alexis,rider/alexis-renard
2026-03-12T13:03:01.305316Z,Dwars door Vlaanderen,REMOVED,HOOLE Daan,rider/daan-hoole
2026-03-12T13:03:01.305316Z,In Flanders Fields,REMOVED,HOOLE Daan,rider/daan-hoole
2026-03-12T13:03:01.305316Z,Ronde van Brugge,REMOVED,HOOLE Daan,rider/daan-hoole
2026-03-13T02:09:05.647633Z,Dwars door Vlaanderen,ADDED,VAN AERT Wout,rider/wout-van-aert
2026-03-13T02:09:05.647633Z,Dwars door Vlaanderen,ADDED,HOOLE Daan,rider/daan-hoole
2026-03-13T02:09:05.647633Z,In Flanders Fields,ADDED,HOOLE Daan,rider/daan-hoole
2026-03-13T02:09:05.647633Z,E3 Saxo Classic,ADDED,HOOLE Daan,rider/daan-hoole
2026-03-13T13:01:23.790582Z,Milaan-Sanremo,ADDED,PELLIZZARI Giulio,rider/giulio-pellizzari
2026-03-13T18:44:29.295511Z,Bredene Koksijde Classic,ADDED,WRIGHT Paul,rider/paul-wright
2026-03-13T18:44:29.295511Z,Bredene Koksijde Classic,ADDED,DE POOTER Dries,rider/dries-de-pooter
2026-03-13T18:44:29.295511Z,Bredene Koksijde Classic,ADDED,LIVYNS Arjen,rider/arjen-livyns
2026-03-13T18:44:29.295511Z,Nokere Koerse,ADDED,JEANNIÈRE Emilien,rider/emilien-jeanniere
2026-03-13T18:44:29.295511Z,Nokere Koerse,REMOVED,KRIJNSEN Jelte,rider/jelte-krijnsen
2026-03-13T18:44:29.295511Z,Nokere Koerse,ADDED,VAN DER WERFF Thom,rider/thom-van-der-werff
2026-03-13T18:44:29.295511Z,Bredene Koksijde Classic,ADDED,MCGILL Scott,rider/scott-mcgill
2026-03-13T18:44:29.295511Z,Bredene Koksijde Classic,REMOVED,CAPIOT Amaury,rider/amaury-capiot
2026-03-13T18:44:29.295511Z,Bredene Koksijde Classic,REMOVED,SÖDERQVIST Jakob,rider/jakob-soderqvist
2026-03-13T18:44:29.295511Z,Bredene Koksijde Classic,ADDED,DONALDSON Robert,rider/robert-donaldson
2026-03-13T18:44:29.295511Z,Nokere Koerse,REMOVED,CORRES Gorka,rider/gorka-corres-ibanez-de-opakua
2026-03-13T18:44:29.295511Z,Bredene Koksijde Classic,REMOVED,CORRES Gorka,rider/gorka-corres-ibanez-de-opakua
2026-03-13T18:44:29.295511Z,Nokere Koerse,ADDED,OTRUBA Jakub,rider/jakub-otruba
2026-03-13T18:44:29.295511Z,Bredene Koksijde Classic,ADDED,OTRUBA Jakub,rider/jakub-otruba
2026-03-13T18:44:29.295511Z,Bredene Koksijde Classic,REMOVED,RENARD Alexis,rider/alexis-renard
2026-03-13T18:44:29.295511Z,Bredene Koksijde Classic,REMOVED,SENTJENS Sente,rider/sente-sentjens
2026-03-13T18:44:29.295511Z,Nokere Koerse,REMOVED,BARONCINI Filippo,rider/filippo-baroncini
2026-03-13T18:44:29.295511Z,Bredene Koksijde Classic,ADDED,ÁLVAREZ Héctor,rider/hector-alvarez-martinez
2026-03-13T18:44:29.295511Z,Nokere Koerse,ADDED,SAMBINELLO Mattia,rider/mattia-sambinello
2026-03-13T18:44:29.295511Z,Nokere Koerse,ADDED,WIGGINS Ben,rider/ben-wiggins
2026-03-13T18:44:29.295511Z,Nokere Koerse,REMOVED,REX Laurenz,rider/laurenz-rex
2026-03-13T18:44:29.295511Z,Bredene Koksijde Classic,REMOVED,REX Laurenz,rider/laurenz-rex
2026-03-13T18:44:29.295511Z,Nokere Koerse,REMOVED,LE BERRE Mathis,rider/mathis-le-berre
2026-03-13T18:44:29.295511Z,Bredene Koksijde Classic,REMOVED,OLIVER Ben,rider/ben-oliver
2026-03-13T18:44:29.295511Z,Nokere Koerse,REMOVED,DE BONDT Dries,rider/dries-de-bondt
2026-03-13T18:44:29.295511Z,Bredene Koksijde Classic,REMOVED,SÜTTERLIN Jasha,rider/jasha-sutterlin
2026-03-13T18:44:29.295511Z,Nokere Koerse,REMOVED,TONEATTI Davide,rider/davide-toneatti
2026-03-13T18:44:29.295511Z,Bredene Koksijde Classic,REMOVED,TONEATTI Davide,rider/davide-toneatti
2026-03-13T18:44:29.295511Z,Nokere Koerse,REMOVED,CORKERY Dillon,rider/dillon-corkery
2026-03-13T18:44:29.295511Z,Bredene Koksijde Classic,REMOVED,PICKRELL Riley,rider/riley-pickrell
2026-03-13T18:44:29.295511Z,Bredene Koksijde Classic,ADDED,BOARDMAN Samuel,rider/samuel-boardman
2026-03-13T18:44:29.295511Z,Bredene Koksijde Classic,REMOVED,STEWART Mark,rider/mark-stewart
2026-03-13T18:44:29.295511Z,Bredene Koksijde Classic,REMOVED,KESSLER Cole,rider/cole-kessler
2026-03-13T18:44:29.295511Z,Bredene Koksijde Classic,ADDED,CAUDELL Ezra,rider/ezra-caudell
2026-03-13T18:44:29.295511Z,Nokere Koerse,ADDED,MERLIER Tim,rider/tim-merlier
2026-03-13T18:44:29.295511Z,Bredene Koksijde Classic,ADDED,MERLIER Tim,rider/tim-merlier
2026-03-13T18:44:29.295511Z,Nokere Koerse,REMOVED,VAN LERBERGHE Bert,rider/bert-van-lerberghe
2026-03-13T18:44:29.295511Z,Bredene Koksijde Classic,REMOVED,VAN LERBERGHE Bert,rider/bert-van-lerberghe
2026-03-13T18:44:29.295511Z,Nokere Koerse,REMOVED,DE JONG Timo,rider/timo-de-jong
2026-03-13T18:44:29.295511Z,Nokere Koerse,REMOVED,KUBIŠ Lukáš,rider/lukas-kubis
2026-03-13T18:44:29.295511Z,Amstel Gold Race,REMOVED,NYS Thibau,rider/thibau-nys
2026-03-13T18:44:29.295511Z,Waalse Pijl,REMOVED,NYS Thibau,rider/thibau-nys
2026-03-13T18:44:29.295511Z,Luik-Bastenaken-Luik,REMOVED,NYS Thibau,rider/thibau-nys
2026-03-13T18:44:29.295511Z,Nokere Koerse,ADDED,SU Haoyu,rider/haoyu-su
2026-03-13T18:44:29.295511Z,Nokere Koerse,REMOVED,DAINESE Alberto,rider/alberto-dainese
2026-03-13T18:44:29.295511Z,Bredene Koksijde Classic,REMOVED,DAINESE Alberto,rider/alberto-dainese
2026-03-13T18:44:29.295511Z,Nokere Koerse,ADDED,DE CEUSTER Milan,rider/milan-de-ceuster
2026-03-14T02:06:59.009816Z,Ronde van Vlaanderen,ADDED,TARLING Joshua,rider/joshua-tarling
2026-03-14T02:06:59.009816Z,In Flanders Fields,ADDED,TARLING Joshua,rider/joshua-tarling
2026-03-14T02:06:59.009816Z,Parijs-Roubaix,ADDED,TARLING Joshua,rider/joshua-tarling
2026-03-14T02:06:59.009816Z,E3 Saxo Classic,ADDED,TARLING Joshua,rider/joshua-tarling
2026-03-14T18:40:28.154610Z,Bredene Koksijde Classic,REMOVED,DE VYLDER Lindsay,rider/lindsay-de-vylder
2026-03-14T18:40:28.154610Z,Milaan-Sanremo,ADDED,JOHANNINK Jelle,rider/jelle-johannink
2026-03-15T18:40:49.138542Z,E3 Saxo Classic,ADDED,VAN DIJKE Mick,rider/mick-van-dijke
2026-03-16T02:33:18.728946Z,Nokere Koerse,ADDED,CHARRET Camille,rider/camille-charret
2026-03-16T02:33:18.728946Z,Nokere Koerse,REMOVED,RENARD Alexis,rider/alexis-renard
2026-03-16T13:15:59.105786Z,Nokere Koerse,REMOVED,MERLIER Tim,rider/tim-merlier
2026-03-16T13:15:59.105786Z,Milaan-Sanremo,ADDED,POELS Wout,rider/wout-poels
2026-03-16T13:15:59.105786Z,Nokere Koerse,REMOVED,STELLA Davide,rider/davide-stella
2026-03-16T13:15:59.105786Z,Bredene Koksijde Classic,REMOVED,STELLA Davide,rider/davide-stella
2026-03-16T19:03:36.812093Z,Nokere Koerse,ADDED,LAMPAERT Yves,rider/yves-lampaert
2026-03-16T19:03:36.812093Z,Nokere Koerse,ADDED,DAINESE Alberto,rider/alberto-dainese
2026-03-16T19:03:36.812093Z,Nokere Koerse,ADDED,DE VRIES Hartthijs,rider/hartthijs-de-vries
2026-03-16T19:03:36.812093Z,Nokere Koerse,ADDED,VANGHELUWE Warre,rider/warre-vangheluwe
2026-03-16T19:03:36.812093Z,Nokere Koerse,REMOVED,BASTIAENS Ayco,rider/ayco-bastiaens
2026-03-16T19:03:36.812093Z,Nokere Koerse,REMOVED,VAN DEN BOSSCHE Fabio,rider/fabio-van-den-bossche
2026-03-17T13:15:04.843269Z,Nokere Koerse,ADDED,KILLY Jonah,rider/jonah-killy
2026-03-17T13:15:04.843269Z,Bredene Koksijde Classic,REMOVED,KLUCKERS Arthur,rider/arthur-kluckers
2026-03-17T13:15:04.843269Z,Nokere Koerse,REMOVED,KLUCKERS Arthur,rider/arthur-kluckers
2026-03-17T13:15:04.843269Z,Milaan-Sanremo,ADDED,GROßSCHARTNER Felix,rider/felix-grossschartner
2026-03-17T13:15:04.843269Z,Nokere Koerse,ADDED,LIEPIŅŠ Emīls,rider/emils-liepins
2026-03-17T13:15:04.843269Z,Bredene Koksijde Classic,REMOVED,VAN MOER Brent,rider/brent-van-moer
2026-03-17T13:15:04.843269Z,Nokere Koerse,REMOVED,VAN MOER Brent,rider/brent-van-moer
2026-03-17T13:15:04.843269Z,Milaan-Sanremo,ADDED,STRONG Corbin,rider/corbin-strong
2026-03-17T13:15:04.843269Z,Milaan-Sanremo,ADDED,VAN DEN BROEK Frank,rider/frank-van-den-broek
2026-03-17T13:15:04.843269Z,Nokere Koerse,REMOVED,SÖDERQVIST Jakob,rider/jakob-soderqvist
2026-03-17T13:15:04.843269Z,Bredene Koksijde Classic,ADDED,GELDERS Gil,rider/gil-gelders
2026-03-17T13:15:04.843269Z,Nokere Koerse,REMOVED,SUNEKÆR NORSGAARD Mathias,rider/mathias-norsgaard
2026-03-17T13:15:04.843269Z,Bredene Koksijde Classic,ADDED,LAMPAERT Yves,rider/yves-lampaert
2026-03-17T13:15:04.843269Z,Nokere Koerse,ADDED,KUBIŠ Lukáš,rider/lukas-kubis
2026-03-17T13:15:04.843269Z,Bredene Koksijde Classic,REMOVED,VAN DEN BOSSCHE Fabio,rider/fabio-van-den-bossche
2026-03-17T13:15:04.843269Z,Bredene Koksijde Classic,ADDED,LAENGEN Vegard Stake,rider/vegard-stake-laengen
2026-03-17T13:15:04.843269Z,Nokere Koerse,ADDED,LAENGEN Vegard Stake,rider/vegard-stake-laengen
2026-03-17T13:15:04.843269Z,Milaan-Sanremo,ADDED,CHRISTEN Jan,rider/jan-christen
2026-03-17T13:15:04.843269Z,Bredene Koksijde Classic,ADDED,RENARD Alexis,rider/alexis-renard
2026-03-17T13:15:04.843269Z,Bredene Koksijde Classic,REMOVED,BASTIAENS Ayco,rider/ayco-bastiaens
2026-03-17T13:15:04.843269Z,Bredene Koksijde Classic,ADDED,DAINESE Alberto,rider/alberto-dainese
2026-03-17T13:15:04.843269Z,Milaan-Sanremo,ADDED,DINHAM Matthew,rider/matthew-dinham
2026-03-17T13:15:04.843269Z,Nokere Koerse,REMOVED,MOURIS Wessel,rider/wessel-mouris
2026-03-17T13:15:04.843269Z,Bredene Koksijde Classic,REMOVED,BALLERSTEDT Maurice,rider/maurice-ballerstedt
2026-03-17T13:15:04.843269Z,Nokere Koerse,REMOVED,VENTURINI Clément,rider/clement-venturini
2026-03-17T13:15:04.843269Z,Bredene Koksijde Classic,ADDED,GOOSSENS Simon,rider/simon-goossens123456789
2026-03-17T13:15:04.843269Z,Nokere Koerse,REMOVED,HERZOG Emil,rider/emil-herzog
2026-03-17T13:15:04.843269Z,Bredene Koksijde Classic,ADDED,BIESTERBOS Frits,rider/frits-biesterbos
2026-03-17T13:15:04.843269Z,Nokere Koerse,REMOVED,PICKRELL Riley,rider/riley-pickrell
2026-03-17T13:15:04.843269Z,Bredene Koksijde Classic,ADDED,GIAIMI Luca,rider/luca-giaimi
2026-03-17T13:15:04.843269Z,Bredene Koksijde Classic,ADDED,SENTJENS Sente,rider/sente-sentjens
2026-03-17T13:15:04.843269Z,Bredene Koksijde Classic,ADDED,LIENHARD Fabian,rider/fabian-lienhard
2026-03-17T13:15:04.843269Z,Nokere Koerse,ADDED,LIENHARD Fabian,rider/fabian-lienhard
2026-03-17T13:15:04.843269Z,Bredene Koksijde Classic,REMOVED,PAGE Hugo,rider/hugo-page
2026-03-17T13:15:04.843269Z,Bredene Koksijde Classic,REMOVED,HERREGODTS Rune,rider/rune-herregodts
2026-03-17T13:15:04.843269Z,Nokere Koerse,REMOVED,HERREGODTS Rune,rider/rune-herregodts
2026-03-17T13:15:04.843269Z,Nokere Koerse,REMOVED,MÜLLER Tobias,rider/tobias-muller1
2026-03-17T13:15:04.843269Z,Bredene Koksijde Classic,ADDED,ALLEGAERT Piet,rider/piet-allegaert
2026-03-17T13:15:04.843269Z,Nokere Koerse,REMOVED,LOOCKX Lander,rider/lander-loockx
2026-03-17T13:15:04.843269Z,Nokere Koerse,ADDED,BLOEM Joren,rider/joren-bloem2
2026-03-17T13:15:04.843269Z,Nokere Koerse,ADDED,FUGGER Heimo,rider/heimo-fugger
2026-03-17T13:15:04.843269Z,Bredene Koksijde Classic,REMOVED,FUGGER Heimo,rider/heimo-fugger
2026-03-17T13:15:04.843269Z,Nokere Koerse,ADDED,BENNETT Sam,rider/sam-bennett
2026-03-17T13:15:04.843269Z,Nokere Koerse,ADDED,WITHEN PHILIPSEN Albert,rider/albert-withen-philipsen
2026-03-17T13:15:04.843269Z,Milaan-Sanremo,ADDED,FLYNN Sean,rider/sean-flynn
2026-03-17T13:15:04.843269Z,Nokere Koerse,REMOVED,STERCK Joppe,rider/joppe-sterck
2026-03-17T13:15:04.843269Z,Nokere Koerse,ADDED,VAN DEN BOER Seppe,rider/seppe-van-den-boer
2026-03-17T13:15:04.843269Z,Nokere Koerse,ADDED,ROMMELAERE Iben,rider/iben-rommelaere
2026-03-17T13:15:04.843269Z,Nokere Koerse,ADDED,PLANCKAERT Edward,rider/edward-planckaert
2026-03-17T13:15:04.843269Z,Bredene Koksijde Classic,REMOVED,MARSMAN Tim,rider/tim-marsman
2026-03-17T13:15:04.843269Z,Nokere Koerse,ADDED,AUGÉ Ronan,rider/ronan-auge
2026-03-17T13:15:04.843269Z,Bredene Koksijde Classic,ADDED,KERCKHAERT Jochem,rider/jochem-kerckhaert
2026-03-17T13:15:04.843269Z,Bredene Koksijde Classic,ADDED,VAN ASBROECK Tom,rider/tom-van-asbroeck
2026-03-17T13:15:04.843269Z,Bredene Koksijde Classic,REMOVED,CORKERY Dillon,rider/dillon-corkery
2026-03-17T13:15:04.843269Z,Bredene Koksijde Classic,ADDED,VAN REES Christiaan,rider/christiaan-van-rees
2026-03-17T13:15:04.843269Z,Nokere Koerse,REMOVED,JOHANNINK Jelle,rider/jelle-johannink
2026-03-17T13:15:04.843269Z,Nokere Koerse,ADDED,CHRISTIAN Sean,rider/sean-christian
2026-03-17T13:15:04.843269Z,Bredene Koksijde Classic,REMOVED,CHRISTIAN Sean,rider/sean-christian
2026-03-17T13:15:04.843269Z,Bredene Koksijde Classic,REMOVED,ZIJLAARD Maikel,rider/maikel-zijlaard
2026-03-17T13:15:04.843269Z,Nokere Koerse,REMOVED,ZIJLAARD Maikel,rider/maikel-zijlaard
2026-03-17T13:15:04.843269Z,Nokere Koerse,REMOVED,UHLIG Henri,rider/henri-uhlig
2026-03-17T13:15:04.843269Z,Nokere Koerse,REMOVED,STEWART Mark,rider/mark-stewart
2026-03-17T13:15:04.843269Z,Bredene Koksijde Classic,ADDED,VAN DER WERFF Thom,rider/thom-van-der-werff
2026-03-17T13:15:04.843269Z,Nokere Koerse,ADDED,DONATI Davide,rider/davide-donati
2026-03-17T13:15:04.843269Z,Nokere Koerse,REMOVED,PARISINI Nicolò,rider/nicolo-parisini
2026-03-17T13:15:04.843269Z,Nokere Koerse,REMOVED,VAN PETEGEM Axandre,rider/axandre-van-petegem
2026-03-17T13:15:04.843269Z,Bredene Koksijde Classic,ADDED,DE KLEIJN Arvid,rider/arvid-de-kleijn
2026-03-17T13:15:04.843269Z,Nokere Koerse,ADDED,DE KLEIJN Arvid,rider/arvid-de-kleijn
2026-03-17T13:15:04.843269Z,Bredene Koksijde Classic,REMOVED,MAAS Marijn,rider/marijn-maas
2026-03-17T13:15:04.843269Z,Nokere Koerse,ADDED,PIDCOCK Joseph,rider/joseph-pidcock
2026-03-17T13:15:04.843269Z,Bredene Koksijde Classic,REMOVED,MARCEROU Nicola,rider/nicola-marcerou
2026-03-17T13:15:04.843269Z,Nokere Koerse,ADDED,KOPECKÝ Matyáš,rider/matyas-kopecky
2026-03-17T13:15:04.843269Z,Bredene Koksijde Classic,ADDED,OLIVER Ben,rider/ben-oliver
2026-03-17T13:15:04.843269Z,Milaan-Sanremo,ADDED,KOERDT Bjorn,rider/bjoern-koerdt
2026-03-17T13:15:04.843269Z,Nokere Koerse,REMOVED,MOZZATO Luca,rider/luca-mozzato
2026-03-17T13:15:04.843269Z,Milaan-Sanremo,ADDED,FAURE PROST Alexy,rider/alexy-faure-prost
2026-03-17T13:15:04.843269Z,Bredene Koksijde Classic,ADDED,ZUKOWSKY Nickolas,rider/nickolas-zukowsky
2026-03-17T13:15:04.843269Z,Milaan-Sanremo,ADDED,MCNULTY Brandon,rider/brandon-mcnulty
2026-03-17T13:15:04.843269Z,Nokere Koerse,ADDED,ŤOUPALÍK Adam,rider/adam-toupalik
2026-03-17T13:15:04.843269Z,Nokere Koerse,ADDED,SCALA Hugo,rider/hugo-scala
2026-03-17T13:15:04.843269Z,Nokere Koerse,REMOVED,HOUCOU Emmanuel,rider/emmanuel-houcou
2026-03-17T13:15:04.843269Z,Bredene Koksijde Classic,REMOVED,WATTS Kiaan,rider/kiaan-watts
2026-03-17T13:15:04.843269Z,Bredene Koksijde Classic,REMOVED,MERLIER Tim,rider/tim-merlier
2026-03-17T13:15:04.843269Z,Milaan-Sanremo,ADDED,PEACE Oliver,rider/oliver-peace
2026-03-17T13:15:04.843269Z,Bredene Koksijde Classic,ADDED,JEANNIÈRE Emilien,rider/emilien-jeanniere
2026-03-17T13:15:04.843269Z,Bredene Koksijde Classic,ADDED,BELMANS Lennert,rider/lennert-belmans
2026-03-17T19:04:08.414586Z,Nokere Koerse,REMOVED,FUGGER Heimo,rider/heimo-fugger
2026-03-17T19:04:08.414586Z,Dwars door Vlaanderen,ADDED,ZAMPERINI Edoardo,rider/edoardo-zamperini
2026-03-17T19:04:08.414586Z,Dwars door Vlaanderen,ADDED,PEDERSEN Casper,rider/casper-pedersen
2026-03-17T19:04:08.414586Z,Dwars door Vlaanderen,REMOVED,VAN DEN BERG Marijn,rider/marijn-van-den-berg
2026-03-17T19:04:08.414586Z,Dwars door Vlaanderen,ADDED,DE VRIES Hartthijs,rider/hartthijs-de-vries
2026-03-17T19:04:08.414586Z,Dwars door Vlaanderen,ADDED,HEIDUK Kim,rider/kim-heiduk
2026-03-17T19:04:08.414586Z,Dwars door Vlaanderen,ADDED,DRIZNERS Jarrad,rider/jarrad-drizners
2026-03-17T19:04:08.414586Z,Dwars door Vlaanderen,ADDED,SERRANO Gonzalo,rider/gonzalo-serrano
2026-03-17T19:04:08.414586Z,Dwars door Vlaanderen,ADDED,DE JONG Timo,rider/timo-de-jong
2026-03-17T19:04:08.414586Z,Dwars door Vlaanderen,ADDED,FRISON Frederik,rider/frederik-frison
2026-03-17T19:04:08.414586Z,Nokere Koerse,ADDED,TAMINIAUX Lionel,rider/lionel-taminiaux
2026-03-17T19:04:08.414586Z,Dwars door Vlaanderen,ADDED,KELEMEN Petr,rider/petr-kelemen
2026-03-17T19:04:08.414586Z,Nokere Koerse,REMOVED,KELEMEN Petr,rider/petr-kelemen
2026-03-17T19:04:08.414586Z,Dwars door Vlaanderen,ADDED,BORGO Alessandro,rider/alessandro-borgo
2026-03-17T19:04:08.414586Z,Dwars door Vlaanderen,ADDED,SIMMONS Colby,rider/colby-simmons
2026-03-17T19:04:08.414586Z,Dwars door Vlaanderen,ADDED,LOUVEL Matis,rider/matis-louvel
2026-03-17T19:04:08.414586Z,Dwars door Vlaanderen,ADDED,VAN GESTEL Dries,rider/dries-van-gestel
2026-03-17T19:04:08.414586Z,Dwars door Vlaanderen,ADDED,ALLEGAERT Piet,rider/piet-allegaert
2026-03-17T19:04:08.414586Z,Dwars door Vlaanderen,ADDED,BJERG Mikkel,rider/mikkel-bjerg
2026-03-17T19:04:08.414586Z,Nokere Koerse,REMOVED,SU Haoyu,rider/haoyu-su
2026-03-17T19:04:08.414586Z,Dwars door Vlaanderen,ADDED,TORNEY Artuur,rider/artuur-torney
2026-03-17T19:04:08.414586Z,Dwars door Vlaanderen,ADDED,PLANCKAERT Edward,rider/edward-planckaert
2026-03-17T19:04:08.414586Z,Dwars door Vlaanderen,ADDED,WATSON Sam,rider/sam-watson
2026-03-17T19:04:08.414586Z,Dwars door Vlaanderen,ADDED,VAN MECHELEN Vlad,rider/vlad-van-mechelen
2026-03-17T19:04:08.414586Z,Dwars door Vlaanderen,ADDED,HESTERS Jules,rider/jules-hesters
2026-03-17T19:04:08.414586Z,Dwars door Vlaanderen,ADDED,VERVAEKE Louis,rider/louis-vervaeke
2026-03-17T19:04:08.414586Z,Dwars door Vlaanderen,ADDED,GONOV Lev,rider/lev-gonov
2026-03-17T19:04:08.414586Z,Nokere Koerse,ADDED,GONOV Lev,rider/lev-gonov
2026-03-17T19:04:08.414586Z,Dwars door Vlaanderen,ADDED,BRAET Vito,rider/vito-braet
2026-03-17T19:04:08.414586Z,Dwars door Vlaanderen,ADDED,DUJARDIN Sandy,rider/sandy-dujardin
2026-03-17T19:04:08.414586Z,Dwars door Vlaanderen,ADDED,DURBRIDGE Luke,rider/luke-durbridge
2026-03-17T19:04:08.414586Z,Dwars door Vlaanderen,ADDED,MAYRHOFER Marius,rider/marius-mayrhofer
2026-03-17T19:04:08.414586Z,Dwars door Vlaanderen,ADDED,REINDERINK Pepijn,rider/pepijn-reinderink
2026-03-17T19:04:08.414586Z,Dwars door Vlaanderen,REMOVED,ALBANESE Vincenzo,rider/vincenzo-albanese
2026-03-17T19:04:08.414586Z,Dwars door Vlaanderen,ADDED,RUSSO Clément,rider/clement-russo
2026-03-17T19:04:08.414586Z,Dwars door Vlaanderen,ADDED,DE POOTER Dries,rider/dries-de-pooter
2026-03-17T19:04:08.414586Z,Dwars door Vlaanderen,ADDED,SYRITSA Gleb,rider/gleb-syritsa
2026-03-17T19:04:08.414586Z,Dwars door Vlaanderen,ADDED,MACKELLAR Alastair,rider/alastair-mackellar
2026-03-17T19:04:08.414586Z,Dwars door Vlaanderen,ADDED,BOIVIN Guillaume,rider/guillaume-boivin
2026-03-17T19:04:08.414586Z,Dwars door Vlaanderen,ADDED,RENARD-HAQUIN Henri-François,rider/henri-francois-renard-haquin
2026-03-17T19:04:08.414586Z,Dwars door Vlaanderen,ADDED,CHAMBERLAIN Oscar,rider/oscar-chamberlain
2026-03-17T19:04:08.414586Z,Dwars door Vlaanderen,ADDED,DE GENDT Aimé,rider/aime-de-gendt
2026-03-17T19:04:08.414586Z,Dwars door Vlaanderen,ADDED,GRADEK Kamil,rider/kamil-gradek
2026-03-17T19:04:08.414586Z,Dwars door Vlaanderen,ADDED,LØLAND Sakarias Koller,rider/sakarias-koller-loland
2026-03-17T19:04:08.414586Z,Dwars door Vlaanderen,REMOVED,VACEK Mathias,rider/mathias-vacek
2026-03-17T19:04:08.414586Z,Dwars door Vlaanderen,ADDED,HAGENES Per Strand,rider/per-strand-hagenes
2026-03-17T19:04:08.414586Z,Dwars door Vlaanderen,ADDED,VAN ASBROECK Tom,rider/tom-van-asbroeck
2026-03-17T19:04:08.414586Z,Dwars door Vlaanderen,ADDED,MÜLLER Tobias,rider/tobias-muller1
2026-03-17T19:04:08.414586Z,Dwars door Vlaanderen,ADDED,GATE Aaron,rider/aaron-gate
2026-03-17T19:04:08.414586Z,Dwars door Vlaanderen,ADDED,MIQUEL Pau,rider/pau-miquel-delgado
2026-03-17T19:04:08.414586Z,Dwars door Vlaanderen,ADDED,CANAL Carlos,rider/carlos-canal
2026-03-17T19:04:08.414586Z,Dwars door Vlaanderen,ADDED,FAGÚNDEZ Eric Antonio,rider/eric-antonio-fagundez
2026-03-17T19:04:08.414586Z,Dwars door Vlaanderen,ADDED,BRUNEL Alexys,rider/alexys-brunel
2026-03-17T19:04:08.414586Z,Dwars door Vlaanderen,ADDED,FLYNN Sean,rider/sean-flynn
2026-03-17T19:04:08.414586Z,Dwars door Vlaanderen,ADDED,GRIGNARD Sébastien,rider/sebastien-grignard
2026-03-17T19:04:08.414586Z,Dwars door Vlaanderen,ADDED,JACOBS Johan,rider/johan-jacobs
2026-03-17T19:04:08.414586Z,Dwars door Vlaanderen,ADDED,KOERDT Bjorn,rider/bjoern-koerdt
2026-03-17T19:04:08.414586Z,Dwars door Vlaanderen,ADDED,RICKAERT Jonas,rider/jonas-rickaert
2026-03-17T19:04:08.414586Z,Dwars door Vlaanderen,ADDED,FIORELLI Filippo,rider/filippo-fiorelli
2026-03-17T19:04:08.414586Z,Dwars door Vlaanderen,ADDED,SÉNÉCHAL Florian,rider/florian-senechal
2026-03-17T19:04:08.414586Z,Dwars door Vlaanderen,ADDED,MOURIS Wessel,rider/wessel-mouris
2026-03-17T19:04:08.414586Z,Dwars door Vlaanderen,ADDED,VANDENBRANDEN Noah,rider/noah-vandenbranden
2026-03-17T19:04:08.414586Z,Dwars door Vlaanderen,ADDED,SHEFFIELD Magnus,rider/magnus-sheffield
2026-03-17T19:04:08.414586Z,Dwars door Vlaanderen,ADDED,DE LA CALLE Hugo,rider/hugo-de-la-calle-arango
2026-03-17T19:04:08.414586Z,Dwars door Vlaanderen,ADDED,VAN DEN HAUTE Milan,rider/milan-van-den-haute
2026-03-17T19:04:08.414586Z,Dwars door Vlaanderen,ADDED,STOCKMAN Abram,rider/abram-stockman
2026-03-17T19:04:08.414586Z,Dwars door Vlaanderen,ADDED,DEBEAUMARCHÉ Nicolas,rider/nicolas-debeaumarche
2026-03-17T19:04:08.414586Z,Dwars door Vlaanderen,REMOVED,VERMEERSCH Gianni,rider/gianni-vermeersch
2026-03-17T19:04:08.414586Z,Dwars door Vlaanderen,ADDED,LIEPIŅŠ Emīls,rider/emils-liepins
2026-03-17T19:04:08.414586Z,Dwars door Vlaanderen,ADDED,DONALDSON Robert,rider/robert-donaldson
2026-03-17T19:04:08.414586Z,Dwars door Vlaanderen,REMOVED,TEUNS Dylan,rider/dylan-teuns
2026-03-17T19:04:08.414586Z,Dwars door Vlaanderen,ADDED,MAŁECKI Kamil,rider/kamil-malecki
2026-03-17T19:04:08.414586Z,Dwars door Vlaanderen,ADDED,BALLERSTEDT Maurice,rider/maurice-ballerstedt
2026-03-17T19:04:08.414586Z,Dwars door Vlaanderen,ADDED,O'BRIEN Kelland,rider/kelland-brien
2026-03-17T19:04:08.414586Z,Dwars door Vlaanderen,ADDED,VAN DIJKE Tim,rider/tim-van-dijke
2026-03-17T19:04:08.414586Z,Dwars door Vlaanderen,ADDED,CHARRET Camille,rider/camille-charret
2026-03-17T19:04:08.414586Z,Dwars door Vlaanderen,ADDED,GACHIGNARD Thomas,rider/thomas-gachignard
2026-03-17T19:04:08.414586Z,Dwars door Vlaanderen,ADDED,KMÍNEK Vojtěch,rider/vojtech-kminek
2026-03-17T19:04:08.414586Z,Dwars door Vlaanderen,ADDED,KANTER Max,rider/max-kanter
2026-03-17T19:04:08.414586Z,Dwars door Vlaanderen,ADDED,SAINBAYAR Jambaljamts,rider/jambaljamts-sainbayar
2026-03-17T19:04:08.414586Z,Dwars door Vlaanderen,ADDED,QUARTUCCI Lorenzo,rider/lorenzo-quartucci
2026-03-17T19:04:08.414586Z,Dwars door Vlaanderen,ADDED,SCHWARZBACHER Matthias,rider/matthias-schwarzbacher
2026-03-17T19:04:08.414586Z,Dwars door Vlaanderen,ADDED,DE SCHUYTENEER Steffen,rider/steffen-de-schuyteneer
2026-03-17T19:04:08.414586Z,Dwars door Vlaanderen,ADDED,BOL Cees,rider/cees-bol
2026-03-17T19:04:08.414586Z,Dwars door Vlaanderen,ADDED,INGEBRIGTSEN Storm,rider/storm-ingebrigtsen
2026-03-17T19:04:08.414586Z,Dwars door Vlaanderen,ADDED,HUENS Axel,rider/axel-huens
2026-03-17T19:04:08.414586Z,Dwars door Vlaanderen,ADDED,HUYSMANS Nolan,rider/nolan-huysmans
2026-03-17T19:04:08.414586Z,Dwars door Vlaanderen,ADDED,BLUME LEVY William,rider/william-blume-levy
2026-03-17T19:04:08.414586Z,Dwars door Vlaanderen,ADDED,SÖDERQVIST Jakob,rider/jakob-soderqvist
2026-03-17T19:04:08.414586Z,Dwars door Vlaanderen,ADDED,CAVIA Daniel,rider/daniel-cavia-sanz
2026-03-17T19:04:08.414586Z,Dwars door Vlaanderen,REMOVED,VALGREN Michael,rider/michael-valgren-andersen
2026-03-17T19:04:08.414586Z,Dwars door Vlaanderen,ADDED,DAUPHIN Florian,rider/florian-dauphin
2026-03-17T19:04:08.414586Z,Dwars door Vlaanderen,ADDED,TORRES Albert,rider/albert-torres
2026-03-17T19:04:08.414586Z,Dwars door Vlaanderen,ADDED,THORNLEY Callum,rider/callum-thornley
2026-03-17T19:04:08.414586Z,Dwars door Vlaanderen,ADDED,CORKERY Dillon,rider/dillon-corkery
2026-03-17T19:04:08.414586Z,Dwars door Vlaanderen,ADDED,BOULAHOITE Rayan,rider/rayan-boulahoite
2026-03-17T19:04:08.414586Z,Dwars door Vlaanderen,ADDED,GEERAERTS Ferre,rider/ferre-geeraerts
2026-03-17T19:04:08.414586Z,Dwars door Vlaanderen,ADDED,ZUKOWSKY Nickolas,rider/nickolas-zukowsky
2026-03-17T19:04:08.414586Z,Dwars door Vlaanderen,ADDED,RESELL Erik Nordsæter,rider/erik-nordsaeter-resell
2026-03-17T19:04:08.414586Z,Dwars door Vlaanderen,REMOVED,HOOLE Daan,rider/daan-hoole
2026-03-17T19:04:08.414586Z,Dwars door Vlaanderen,ADDED,MATTIO Pietro,rider/pietro-mattio
2026-03-17T19:04:08.414586Z,Dwars door Vlaanderen,ADDED,MIKUTIS Aivaras,rider/aivaras-mikutis
2026-03-17T19:04:08.414586Z,Dwars door Vlaanderen,ADDED,LEROUX Samuel,rider/samuel-leroux
2026-03-17T19:04:08.414586Z,Dwars door Vlaanderen,ADDED,THEUNS Edward,rider/edward-theuns
2026-03-17T19:04:08.414586Z,Dwars door Vlaanderen,ADDED,ALLENO Clément,rider/clement-alleno
2026-03-17T19:04:08.414586Z,Dwars door Vlaanderen,ADDED,LARSEN Niklas,rider/niklas-larsen
2026-03-17T19:04:08.414586Z,Dwars door Vlaanderen,ADDED,KOPECKÝ Matyáš,rider/matyas-kopecky
2026-03-17T19:04:08.414586Z,Dwars door Vlaanderen,ADDED,MORO Manlio,rider/manlio-moro
2026-03-17T19:04:08.414586Z,Dwars door Vlaanderen,REMOVED,TEUNISSEN Mike,rider/mike-teunissen
2026-03-17T19:04:08.414586Z,Dwars door Vlaanderen,ADDED,FREDHEIM Stian,rider/stian-fredheim
2026-03-17T19:04:08.414586Z,Dwars door Vlaanderen,ADDED,PEDERSEN Rasmus Søjberg,rider/rasmus-sojbergpedersen
2026-03-17T19:04:08.414586Z,Dwars door Vlaanderen,ADDED,SUNEKÆR NORSGAARD Mathias,rider/mathias-norsgaard
2026-03-17T19:04:08.414586Z,Dwars door Vlaanderen,ADDED,HERREGODTS Rune,rider/rune-herregodts
2026-03-17T19:04:08.414586Z,Dwars door Vlaanderen,ADDED,WELSFORD Sam,rider/sam-welsford
2026-03-17T19:04:08.414586Z,Dwars door Vlaanderen,ADDED,ZIJLAARD Maikel,rider/maikel-zijlaard
2026-03-17T19:04:08.414586Z,Dwars door Vlaanderen,ADDED,DE PESTEL Sander,rider/sander-de-pestel
2026-03-17T19:04:08.414586Z,Nokere Koerse,REMOVED,DE KLEIJN Arvid,rider/arvid-de-kleijn
2026-03-17T19:04:08.414586Z,Dwars door Vlaanderen,ADDED,BEULLENS Cedric,rider/cedric-beullens
2026-03-17T19:04:08.414586Z,Nokere Koerse,REMOVED,BEULLENS Cedric,rider/cedric-beullens
2026-03-17T19:04:08.414586Z,Dwars door Vlaanderen,ADDED,RAISBERG Nadav,rider/nadav-raisberg
2026-03-17T19:04:08.414586Z,Dwars door Vlaanderen,ADDED,TONEATTI Davide,rider/davide-toneatti
2026-03-17T19:04:08.414586Z,Dwars door Vlaanderen,ADDED,POLITT Nils,rider/nils-politt
2026-03-18T02:23:44.550808Z,Parijs-Roubaix,ADDED,RIESEBEEK Oscar,rider/oscar-riesebeek
2026-03-18T02:23:44.550808Z,Ronde van Vlaanderen,ADDED,RIESEBEEK Oscar,rider/oscar-riesebeek
2026-03-18T02:23:44.550808Z,Brabantse Pijl,ADDED,RIESEBEEK Oscar,rider/oscar-riesebeek
2026-03-18T02:23:44.550808Z,E3 Saxo Classic,ADDED,RIESEBEEK Oscar,rider/oscar-riesebeek
2026-03-18T13:15:59.378230Z,Ronde van Vlaanderen,ADDED,CANAL Carlos,rider/carlos-canal
2026-03-18T13:15:59.378230Z,Ronde van Vlaanderen,ADDED,BURNETT Josh,rider/josh-burnett
2026-03-18T13:15:59.378230Z,Ronde van Vlaanderen,ADDED,CORKERY Dillon,rider/dillon-corkery
2026-03-18T13:15:59.378230Z,Ronde van Vlaanderen,ADDED,BOIVIN Guillaume,rider/guillaume-boivin
2026-03-18T13:15:59.378230Z,Ronde van Vlaanderen,ADDED,ANIOŁKOWSKI Stanisław,rider/stanislaw-aniolkowski
2026-03-18T13:15:59.378230Z,Ronde van Vlaanderen,ADDED,TORRES Albert,rider/albert-torres
2026-03-18T13:15:59.378230Z,In Flanders Fields,ADDED,STOCKMAN Abram,rider/abram-stockman
2026-03-18T13:15:59.378230Z,Ronde van Vlaanderen,ADDED,RICKAERT Jonas,rider/jonas-rickaert
2026-03-18T13:15:59.378230Z,Ronde van Vlaanderen,ADDED,DEWULF Stan,rider/stan-dewulf
2026-03-18T13:15:59.378230Z,Ronde van Vlaanderen,ADDED,WELSFORD Sam,rider/sam-welsford
2026-03-18T13:15:59.378230Z,Ronde van Vlaanderen,ADDED,BRAET Vito,rider/vito-braet
2026-03-18T13:15:59.378230Z,Ronde van Vlaanderen,ADDED,HALLER Marco,rider/marco-haller
2026-03-18T13:15:59.378230Z,Ronde van Vlaanderen,ADDED,HERREGODTS Rune,rider/rune-herregodts
2026-03-18T13:15:59.378230Z,Ronde van Vlaanderen,ADDED,SÖDERQVIST Jakob,rider/jakob-soderqvist
2026-03-18T13:15:59.378230Z,Ronde van Vlaanderen,ADDED,TEUTENBERG Tim Torn,rider/tim-torn-teutenberg
2026-03-18T13:15:59.378230Z,Ronde van Vlaanderen,ADDED,BYSTRØM Sven Erik,rider/sven-erik-bystrom
2026-03-18T13:15:59.378230Z,Ronde van Vlaanderen,ADDED,FEDOROV Yevgeniy,rider/yevgeniy-fedorov
2026-03-18T13:15:59.378230Z,Ronde van Vlaanderen,ADDED,AFFINI Edoardo,rider/edoardo-affini
2026-03-18T13:15:59.378230Z,Ronde van Vlaanderen,ADDED,ALLENO Clément,rider/clement-alleno
2026-03-18T13:15:59.378230Z,Ronde van Vlaanderen,ADDED,BJERG Mikkel,rider/mikkel-bjerg
2026-03-18T13:15:59.378230Z,Ronde van Vlaanderen,ADDED,LIEPIŅŠ Emīls,rider/emils-liepins
2026-03-18T13:15:59.378230Z,Ronde van Vlaanderen,ADDED,REINDERINK Pepijn,rider/pepijn-reinderink
2026-03-18T13:15:59.378230Z,Ronde van Vlaanderen,ADDED,CHARRET Camille,rider/camille-charret
2026-03-18T13:15:59.378230Z,Ronde van Vlaanderen,ADDED,SERRANO Gonzalo,rider/gonzalo-serrano
2026-03-18T13:15:59.378230Z,Ronde van Vlaanderen,ADDED,RUSSO Clément,rider/clement-russo
2026-03-18T13:15:59.378230Z,Ronde van Vlaanderen,ADDED,CAVIA Daniel,rider/daniel-cavia-sanz
2026-03-18T13:15:59.378230Z,Ronde van Vlaanderen,ADDED,MATTHEWS Michael,rider/michael-matthews
2026-03-18T13:15:59.378230Z,Ronde van Vlaanderen,ADDED,MAYRHOFER Marius,rider/marius-mayrhofer
2026-03-18T13:15:59.378230Z,Ronde van Vlaanderen,ADDED,FAGÚNDEZ Eric Antonio,rider/eric-antonio-fagundez
2026-03-18T13:15:59.378230Z,Ronde van Vlaanderen,ADDED,WATSON Sam,rider/sam-watson
2026-03-18T13:15:59.378230Z,Ronde van Vlaanderen,ADDED,TILLER Rasmus,rider/rasmus-tiller
2026-03-18T13:15:59.378230Z,In Flanders Fields,ADDED,VAN MECHELEN Vlad,rider/vlad-van-mechelen
2026-03-18T13:15:59.378230Z,Ronde van Vlaanderen,ADDED,VAN MECHELEN Vlad,rider/vlad-van-mechelen
2026-03-18T13:15:59.378230Z,Ronde van Vlaanderen,ADDED,CHRISTEN Fabio,rider/fabio-christen
2026-03-18T13:15:59.378230Z,Ronde van Vlaanderen,ADDED,WITHEN PHILIPSEN Albert,rider/albert-withen-philipsen
2026-03-18T13:15:59.378230Z,Ronde van Vlaanderen,ADDED,TRENTIN Matteo,rider/matteo-trentin
2026-03-18T13:15:59.378230Z,Ronde van Vlaanderen,ADDED,MULLEN Ryan,rider/ryan-mullen
2026-03-18T13:15:59.378230Z,Ronde van Vlaanderen,ADDED,BLUME LEVY William,rider/william-blume-levy
2026-03-18T13:15:59.378230Z,Ronde van Vlaanderen,ADDED,FLYNN Sean,rider/sean-flynn
2026-03-18T13:15:59.378230Z,Ronde van Vlaanderen,ADDED,SIMMONS Colby,rider/colby-simmons
2026-03-18T13:15:59.378230Z,Ronde van Vlaanderen,ADDED,JACOBS Johan,rider/johan-jacobs
2026-03-18T13:15:59.378230Z,Ronde van Vlaanderen,ADDED,FRISON Frederik,rider/frederik-frison
2026-03-18T13:15:59.378230Z,Ronde van Vlaanderen,ADDED,GARCÍA CORTINA Iván,rider/ivan-garcia-cortina
2026-03-18T13:15:59.378230Z,Ronde van Vlaanderen,ADDED,LIVYNS Arjen,rider/arjen-livyns
2026-03-18T13:15:59.378230Z,In Flanders Fields,ADDED,VAN HAUTEGEM Leander,rider/leander-van-hautegem
2026-03-18T13:15:59.378230Z,Ronde van Vlaanderen,ADDED,DURBRIDGE Luke,rider/luke-durbridge
2026-03-18T13:15:59.378230Z,Ronde van Vlaanderen,ADDED,KLUCKERS Arthur,rider/arthur-kluckers
2026-03-18T13:15:59.378230Z,Ronde van Vlaanderen,ADDED,GATE Aaron,rider/aaron-gate
2026-03-18T13:15:59.378230Z,Ronde van Vlaanderen,ADDED,HOELGAARD Markus,rider/markus-hoelgaard
2026-03-18T13:15:59.378230Z,Ronde van Vlaanderen,ADDED,VAN GESTEL Dries,rider/dries-van-gestel
2026-03-18T13:15:59.378230Z,Ronde van Vlaanderen,ADDED,KRAGH ANDERSEN Søren,rider/soren-kragh-andersen
2026-03-18T13:15:59.378230Z,Ronde van Vlaanderen,ADDED,HUENS Axel,rider/axel-huens
2026-03-18T13:15:59.378230Z,Ronde van Vlaanderen,ADDED,DRIZNERS Jarrad,rider/jarrad-drizners
2026-03-18T13:15:59.378230Z,Ronde van Vlaanderen,ADDED,SWIFT Connor,rider/connor-swift
2026-03-18T13:15:59.378230Z,Ronde van Vlaanderen,ADDED,RENARD-HAQUIN Henri-François,rider/henri-francois-renard-haquin
2026-03-18T13:15:59.378230Z,Ronde van Vlaanderen,ADDED,DE POOTER Dries,rider/dries-de-pooter
2026-03-18T13:15:59.378230Z,Ronde van Vlaanderen,ADDED,BARRENETXEA Jon,rider/jon-barrenetxea-golzarri
2026-03-18T13:15:59.378230Z,Ronde van Vlaanderen,ADDED,BIERMANS Jenthe,rider/jenthe-biermans
2026-03-18T13:15:59.378230Z,Ronde van Vlaanderen,ADDED,VAN MOER Brent,rider/brent-van-moer
2026-03-18T13:15:59.378230Z,Ronde van Vlaanderen,ADDED,DE GENDT Aimé,rider/aime-de-gendt
2026-03-18T13:15:59.378230Z,Ronde van Vlaanderen,ADDED,DE JONG Timo,rider/timo-de-jong
2026-03-18T13:15:59.378230Z,Ronde van Vlaanderen,ADDED,PLANCKAERT Edward,rider/edward-planckaert
2026-03-18T13:15:59.378230Z,Ronde van Vlaanderen,ADDED,CHAMBERLAIN Oscar,rider/oscar-chamberlain
2026-03-18T13:15:59.378230Z,Ronde van Vlaanderen,ADDED,DILLIER Silvan,rider/silvan-dillier
2026-03-18T13:15:59.378230Z,Ronde van Vlaanderen,ADDED,THORNLEY Callum,rider/callum-thornley
2026-03-18T13:15:59.378230Z,Ronde van Vlaanderen,ADDED,GRADEK Kamil,rider/kamil-gradek
2026-03-18T13:15:59.378230Z,Ronde van Vlaanderen,ADDED,SHEFFIELD Magnus,rider/magnus-sheffield
2026-03-18T13:15:59.378230Z,Ronde van Vlaanderen,ADDED,THEUNS Edward,rider/edward-theuns
2026-03-18T13:15:59.378230Z,Ronde van Vlaanderen,ADDED,BOL Cees,rider/cees-bol
2026-03-18T13:15:59.378230Z,Ronde van Vlaanderen,ADDED,ASGREEN Kasper,rider/kasper-asgreen
2026-03-18T13:15:59.378230Z,Ronde van Vlaanderen,ADDED,ZUKOWSKY Nickolas,rider/nickolas-zukowsky
2026-03-18T13:15:59.378230Z,Ronde van Vlaanderen,ADDED,PAGE Hugo,rider/hugo-page
2026-03-18T13:15:59.378230Z,Ronde van Vlaanderen,ADDED,BEULLENS Cedric,rider/cedric-beullens
2026-03-18T13:15:59.378230Z,Ronde van Vlaanderen,ADDED,HEIDUK Kim,rider/kim-heiduk
2026-03-18T13:15:59.378230Z,Ronde van Vlaanderen,ADDED,SCHWARZBACHER Matthias,rider/matthias-schwarzbacher
2026-03-18T13:15:59.378230Z,Ronde van Vlaanderen,ADDED,GIRMAY Biniam,rider/biniam-girmay
2026-03-18T13:15:59.378230Z,Ronde van Vlaanderen,ADDED,DE PESTEL Sander,rider/sander-de-pestel
2026-03-18T13:15:59.378230Z,Ronde van Vlaanderen,ADDED,ROOSEN Timo,rider/timo-roosen
2026-03-18T13:15:59.378230Z,Ronde van Vlaanderen,ADDED,RUTSCH Jonas,rider/jonas-rutsch
2026-03-18T13:15:59.378230Z,Ronde van Vlaanderen,ADDED,KUDUS Merhawi,rider/merhawi-kudus
2026-03-18T13:15:59.378230Z,Ronde van Vlaanderen,ADDED,VAN ASBROECK Tom,rider/tom-van-asbroeck
2026-03-18T13:15:59.378230Z,Ronde van Vlaanderen,ADDED,REX Laurenz,rider/laurenz-rex
2026-03-18T13:15:59.378230Z,Ronde van Vlaanderen,ADDED,PEDERSEN Casper,rider/casper-pedersen
2026-03-18T13:15:59.378230Z,Ronde van Vlaanderen,ADDED,ALLEGAERT Piet,rider/piet-allegaert
2026-03-18T13:15:59.378230Z,Ronde van Vlaanderen,ADDED,MILESI Lorenzo,rider/lorenzo-milesi
2026-03-18T13:15:59.378230Z,Ronde van Vlaanderen,ADDED,SUNEKÆR NORSGAARD Mathias,rider/mathias-norsgaard
2026-03-18T13:15:59.378230Z,Ronde van Vlaanderen,ADDED,LOUVEL Matis,rider/matis-louvel
2026-03-18T13:15:59.378230Z,Ronde van Vlaanderen,ADDED,RESELL Erik Nordsæter,rider/erik-nordsaeter-resell
2026-03-18T13:15:59.378230Z,Ronde van Vlaanderen,ADDED,ROMELE Alessandro,rider/alessandro-romele
2026-03-18T13:15:59.378230Z,Ronde van Vlaanderen,ADDED,TURNER Ben,rider/ben-turner
2026-03-18T13:15:59.378230Z,Ronde van Vlaanderen,ADDED,QUARTUCCI Lorenzo,rider/lorenzo-quartucci
2026-03-18T13:15:59.378230Z,Ronde van Vlaanderen,ADDED,HAGENES Per Strand,rider/per-strand-hagenes
2026-03-18T13:15:59.378230Z,Ronde van Vlaanderen,ADDED,POLITT Nils,rider/nils-politt
2026-03-18T13:15:59.378230Z,Ronde van Vlaanderen,ADDED,VAN DEN BERG Julius,rider/julius-van-den-berg
2026-03-18T13:15:59.378230Z,Ronde van Vlaanderen,ADDED,MORO Manlio,rider/manlio-moro
2026-03-18T13:15:59.378230Z,In Flanders Fields,REMOVED,HOOLE Daan,rider/daan-hoole
2026-03-18T13:15:59.378230Z,Ronde van Vlaanderen,ADDED,DONALDSON Robert,rider/robert-donaldson
2026-03-18T13:15:59.378230Z,Ronde van Vlaanderen,ADDED,MOZZATO Luca,rider/luca-mozzato
2026-03-18T13:15:59.378230Z,Ronde van Vlaanderen,ADDED,DE LA CALLE Hugo,rider/hugo-de-la-calle-arango
2026-03-18T19:01:38.173956Z,Milaan-Sanremo,ADDED,SWEENY Harry,rider/harry-sweeny
2026-03-18T19:01:38.173956Z,Ronde van Vlaanderen,ADDED,WATSON Samuel,rider/samuel-watson
2026-03-18T19:01:38.173956Z,Dwars door Vlaanderen,ADDED,WATSON Samuel,rider/samuel-watson
2026-03-18T19:01:38.173956Z,Ronde van Vlaanderen,REMOVED,WATSON Sam,rider/sam-watson
2026-03-18T19:01:38.173956Z,Dwars door Vlaanderen,REMOVED,WATSON Sam,rider/sam-watson
2026-03-18T19:01:38.173956Z,Milaan-Sanremo,REMOVED,MILAN Jonathan,rider/jonathan-milan
2026-03-19T13:07:58.666491Z,Milaan-Sanremo,ADDED,NAESEN Oliver,rider/oliver-naesen
2026-03-19T13:07:58.666491Z,Milaan-Sanremo,REMOVED,ROMEO Iván,rider/ivan-romeo
2026-03-19T13:07:58.666491Z,Milaan-Sanremo,ADDED,TURCONI Filippo,rider/filippo-turconi
2026-03-19T13:07:58.666491Z,Milaan-Sanremo,ADDED,POLI Umberto,rider/umberto-poli
2026-03-19T13:07:58.666491Z,Milaan-Sanremo,ADDED,GAUTHERAT Pierre,rider/pierre-gautherat
2026-03-19T13:07:58.666491Z,Milaan-Sanremo,ADDED,TESFATSION Natnael,rider/natnael-tesfatsion
2026-03-19T13:07:58.666491Z,Milaan-Sanremo,ADDED,ARMITT Hamish,rider/hamish-armitt
2026-03-19T13:07:58.666491Z,Milaan-Sanremo,ADDED,GUDMESTAD Tord,rider/tord-gudmestad
2026-03-19T13:07:58.666491Z,Milaan-Sanremo,ADDED,REINDERINK Pepijn,rider/pepijn-reinderink
2026-03-19T13:07:58.666491Z,Milaan-Sanremo,ADDED,ISIDORE Noa,rider/noa-isidore
2026-03-19T13:07:58.666491Z,Milaan-Sanremo,ADDED,RIDOLFO Filippo,rider/filippo-ridolfo
2026-03-19T13:07:58.666491Z,Milaan-Sanremo,ADDED,REX Laurenz,rider/laurenz-rex
2026-03-19T13:07:58.666491Z,Milaan-Sanremo,ADDED,VAN BOVEN Luca,rider/luca-van-boven
2026-03-19T13:07:58.666491Z,Milaan-Sanremo,ADDED,ROTA Lorenzo,rider/lorenzo-rota
2026-03-19T13:07:58.666491Z,Milaan-Sanremo,ADDED,GARCÍA CORTINA Iván,rider/ivan-garcia-cortina
2026-03-19T13:07:58.666491Z,Milaan-Sanremo,ADDED,LOZANO David,rider/david-lozano
2026-03-19T13:07:58.666491Z,Milaan-Sanremo,ADDED,MARCELLUSI Martin,rider/martin-marcellusi
2026-03-19T13:07:58.666491Z,Milaan-Sanremo,ADDED,BARRENETXEA Jon,rider/jon-barrenetxea-golzarri
2026-03-19T13:07:58.666491Z,Milaan-Sanremo,ADDED,PALETTI Luca,rider/luca-paletti
2026-03-19T13:07:58.666491Z,Milaan-Sanremo,ADDED,MORO Manlio,rider/manlio-moro
2026-03-19T13:07:58.666491Z,Milaan-Sanremo,ADDED,RUTSCH Jonas,rider/jonas-rutsch
2026-03-19T13:07:58.666491Z,Milaan-Sanremo,ADDED,HAIG Jack,rider/jack-haig
2026-03-19T13:07:58.666491Z,Milaan-Sanremo,ADDED,VAN DEN BOSSCHE Fabio,rider/fabio-van-den-bossche
2026-03-19T13:07:58.666491Z,Milaan-Sanremo,REMOVED,VAN EETVELT Lennert,rider/lennert-van-eetvelt
2026-03-19T13:07:58.666491Z,Milaan-Sanremo,ADDED,TARLING Joshua,rider/joshua-tarling
2026-03-19T13:07:58.666491Z,Milaan-Sanremo,ADDED,SCHACHMANN Maximilian,rider/maximilian-schachmann
2026-03-19T13:07:58.666491Z,Milaan-Sanremo,ADDED,POLGA Antonio,rider/antonio-polga
2026-03-19T13:07:58.666491Z,Milaan-Sanremo,ADDED,COLNAGHI Luca,rider/luca-colnaghi
2026-03-19T13:07:58.666491Z,Milaan-Sanremo,ADDED,BRAND Sam,rider/sam-brand
2026-03-19T13:07:58.666491Z,Milaan-Sanremo,ADDED,CONFORTI Lorenzo,rider/lorenzo-conforti
2026-03-19T13:07:58.666491Z,Milaan-Sanremo,ADDED,SWIFT Connor,rider/connor-swift
2026-03-19T13:07:58.666491Z,Milaan-Sanremo,REMOVED,PARET-PEINTRE Aurélien,rider/aurelien-paret-peintre
2026-03-19T13:07:58.666491Z,Milaan-Sanremo,ADDED,MILESI Lorenzo,rider/lorenzo-milesi
2026-03-19T13:07:58.666491Z,Milaan-Sanremo,ADDED,MANENTI Marco,rider/marco-manenti1
2026-03-19T13:07:58.666491Z,Milaan-Sanremo,ADDED,PERON Andrea,rider/andrea-peron
2026-03-19T13:07:58.666491Z,Milaan-Sanremo,ADDED,TURNER Ben,rider/ben-turner
2026-03-19T13:07:58.666491Z,Milaan-Sanremo,ADDED,AULAR Orluis,rider/orluis-aular
2026-03-19T13:07:58.666491Z,Milaan-Sanremo,ADDED,PEDERSEN Casper,rider/casper-pedersen
2026-03-19T13:07:58.666491Z,Milaan-Sanremo,ADDED,TAROZZI Manuele,rider/manuele-tarozzi
2026-03-19T13:07:58.666491Z,Milaan-Sanremo,ADDED,MACIEJUK Filip,rider/filip-maciejuk
2026-03-19T19:00:21.036838Z,E3 Saxo Classic,ADDED,QUARTUCCI Lorenzo,rider/lorenzo-quartucci
2026-03-19T19:00:21.036838Z,Bredene Koksijde Classic,REMOVED,DEHAIRS Simon,rider/simon-dehairs
2026-03-19T19:00:21.036838Z,E3 Saxo Classic,ADDED,PEDERSEN Casper,rider/casper-pedersen
2026-03-19T19:00:21.036838Z,E3 Saxo Classic,ADDED,SHEFFIELD Magnus,rider/magnus-sheffield
2026-03-19T19:00:21.036838Z,E3 Saxo Classic,ADDED,DE POOTER Dries,rider/dries-de-pooter
2026-03-19T19:00:21.036838Z,E3 Saxo Classic,ADDED,HERREGODTS Rune,rider/rune-herregodts
2026-03-19T19:00:21.036838Z,E3 Saxo Classic,ADDED,VERVENNE Jonathan,rider/jonathan-vervenne
2026-03-19T19:00:21.036838Z,E3 Saxo Classic,ADDED,DE VRIES Hartthijs,rider/hartthijs-de-vries
2026-03-19T19:00:21.036838Z,Milaan-Sanremo,ADDED,DE VRIES Hartthijs,rider/hartthijs-de-vries
2026-03-19T19:00:21.036838Z,Ronde van Vlaanderen,ADDED,DE VRIES Hartthijs,rider/hartthijs-de-vries
2026-03-19T19:00:21.036838Z,E3 Saxo Classic,ADDED,FRISON Frederik,rider/frederik-frison
2026-03-19T19:00:21.036838Z,E3 Saxo Classic,ADDED,AULAR Orluis,rider/orluis-aular
2026-03-19T19:00:21.036838Z,E3 Saxo Classic,ADDED,VAN SINTMAARTENSDIJK Roel,rider/roel-van-sintmaartensdijk
2026-03-19T19:00:21.036838Z,Ronde van Vlaanderen,ADDED,LEROUX Samuel,rider/samuel-leroux
2026-03-19T19:00:21.036838Z,E3 Saxo Classic,ADDED,PEACE Oliver,rider/oliver-peace
2026-03-19T19:00:21.036838Z,E3 Saxo Classic,ADDED,GRIGNARD Sébastien,rider/sebastien-grignard
2026-03-19T19:00:21.036838Z,Milaan-Sanremo,ADDED,FOLDAGER Anders,rider/anders-foldager
2026-03-19T19:00:21.036838Z,E3 Saxo Classic,ADDED,ŤOUPALÍK Adam,rider/adam-toupalik
2026-03-19T19:00:21.036838Z,E3 Saxo Classic,ADDED,AFFINI Edoardo,rider/edoardo-affini
2026-03-19T19:00:21.036838Z,Milaan-Sanremo,ADDED,PEDERSEN Mads,rider/mads-pedersen
2026-03-19T19:00:21.036838Z,Bredene Koksijde Classic,REMOVED,CONSONNI Simone,rider/simone-consonni
2026-03-19T19:00:21.036838Z,Milaan-Sanremo,ADDED,BAGIOLI Andrea,rider/andrea-bagioli
2026-03-19T19:00:21.036838Z,E3 Saxo Classic,ADDED,MARIS Elias,rider/elias-maris
2026-03-19T19:00:21.036838Z,Bredene Koksijde Classic,ADDED,STOCKMAN Abram,rider/abram-stockman
2026-03-19T19:00:21.036838Z,Dwars door Vlaanderen,REMOVED,STOCKMAN Abram,rider/abram-stockman
2026-03-19T19:00:21.036838Z,Milaan-Sanremo,REMOVED,KIRSCH Alex,rider/alex-kirsch
2026-03-19T19:00:21.036838Z,E3 Saxo Classic,ADDED,OLIVEIRA Rui,rider/rui-oliveira
2026-03-19T19:00:21.036838Z,Bredene Koksijde Classic,ADDED,PAGE Hugo,rider/hugo-page
2026-03-19T19:00:21.036838Z,E3 Saxo Classic,ADDED,LOOCKX Lander,rider/lander-loockx
2026-03-19T19:00:21.036838Z,Milaan-Sanremo,ADDED,GENIETS Kevin,rider/kevin-geniets
2026-03-19T19:00:21.036838Z,Milaan-Sanremo,ADDED,OURSELIN Paul,rider/paul-ourselin
2026-03-19T19:00:21.036838Z,Ronde van Vlaanderen,ADDED,KÜNG Stefan,rider/stefan-kung
2026-03-19T19:00:21.036838Z,Milaan-Sanremo,ADDED,O'BRIEN Kelland,rider/kelland-brien
2026-03-19T19:00:21.036838Z,E3 Saxo Classic,ADDED,GIRMAY Biniam,rider/biniam-girmay
2026-03-19T19:00:21.036838Z,E3 Saxo Classic,ADDED,TRENTIN Matteo,rider/matteo-trentin
2026-03-19T19:00:21.036838Z,E3 Saxo Classic,ADDED,RENARD-HAQUIN Henri-François,rider/henri-francois-renard-haquin
2026-03-19T19:00:21.036838Z,Dwars door Vlaanderen,REMOVED,MÜLLER Tobias,rider/tobias-muller1
2026-03-19T19:00:21.036838Z,E3 Saxo Classic,ADDED,DE JONG Timo,rider/timo-de-jong
2026-03-19T19:00:21.036838Z,Bredene Koksijde Classic,ADDED,BAYER Tobias,rider/tobias-bayer
2026-03-19T19:00:21.036838Z,E3 Saxo Classic,ADDED,BAYER Tobias,rider/tobias-bayer
2026-03-19T19:00:21.036838Z,Milaan-Sanremo,ADDED,CICCONE Giulio,rider/giulio-ciccone
2026-03-19T19:00:21.036838Z,E3 Saxo Classic,ADDED,PLANCKAERT Edward,rider/edward-planckaert
2026-03-19T19:00:21.036838Z,Milaan-Sanremo,ADDED,PLANCKAERT Edward,rider/edward-planckaert
2026-03-19T19:00:21.036838Z,Milaan-Sanremo,REMOVED,GERMANI Lorenzo,rider/lorenzo-germani
2026-03-19T19:00:21.036838Z,E3 Saxo Classic,ADDED,SÖDERQVIST Jakob,rider/jakob-soderqvist
2026-03-19T19:00:21.036838Z,Milaan-Sanremo,ADDED,FERRON Valentin,rider/valentin-ferron
2026-03-19T19:00:21.036838Z,E3 Saxo Classic,ADDED,HOELGAARD Markus,rider/markus-hoelgaard
2026-03-19T19:00:21.036838Z,E3 Saxo Classic,ADDED,SIMMONS Colby,rider/colby-simmons
2026-03-19T19:00:21.036838Z,E3 Saxo Classic,ADDED,DE GENDT Aimé,rider/aime-de-gendt
2026-03-19T19:00:21.036838Z,Milaan-Sanremo,ADDED,BRAZ AFONSO Clément,rider/clement-braz-afonso
2026-03-19T19:00:21.036838Z,E3 Saxo Classic,ADDED,KLUCKERS Arthur,rider/arthur-kluckers
2026-03-19T19:00:21.036838Z,E3 Saxo Classic,ADDED,ZIJLAARD Maikel,rider/maikel-zijlaard
2026-03-19T19:00:21.036838Z,E3 Saxo Classic,ADDED,MACKELLAR Alastair,rider/alastair-mackellar
2026-03-19T19:00:21.036838Z,E3 Saxo Classic,ADDED,BOL Cees,rider/cees-bol
2026-03-19T19:00:21.036838Z,E3 Saxo Classic,ADDED,MORO Manlio,rider/manlio-moro
2026-03-19T19:00:21.036838Z,E3 Saxo Classic,ADDED,LIEPIŅŠ Emīls,rider/emils-liepins
2026-03-19T19:00:21.036838Z,Bredene Koksijde Classic,REMOVED,DE BUYST Jasper,rider/jasper-de-buyst
2026-03-19T19:00:21.036838Z,E3 Saxo Classic,ADDED,CORKERY Dillon,rider/dillon-corkery
2026-03-19T19:00:21.036838Z,E3 Saxo Classic,ADDED,SCHWARZBACHER Matthias,rider/matthias-schwarzbacher
2026-03-19T19:00:21.036838Z,E3 Saxo Classic,ADDED,DILLIER Silvan,rider/silvan-dillier
2026-03-19T19:00:21.036838Z,Milaan-Sanremo,ADDED,DILLIER Silvan,rider/silvan-dillier
2026-03-19T19:00:21.036838Z,Bredene Koksijde Classic,ADDED,PEDERSEN Martin,rider/martin-pedersen1
2026-03-19T19:00:21.036838Z,E3 Saxo Classic,ADDED,PEDERSEN Martin,rider/martin-pedersen1
2026-03-19T19:00:21.036838Z,E3 Saxo Classic,ADDED,TILLER Rasmus,rider/rasmus-tiller
2026-03-19T19:00:21.036838Z,Milaan-Sanremo,ADDED,VENDRAME Andrea,rider/andrea-vendrame
2026-03-19T19:00:21.036838Z,Milaan-Sanremo,ADDED,TRONCHON Bastien,rider/bastien-tronchon
2026-03-19T19:00:21.036838Z,Ronde van Vlaanderen,ADDED,LARSEN Niklas,rider/niklas-larsen
2026-03-19T19:00:21.036838Z,E3 Saxo Classic,ADDED,HEIDUK Kim,rider/kim-heiduk
2026-03-19T19:00:21.036838Z,Ronde van Vlaanderen,ADDED,DEMAN Brem,rider/brem-deman
2026-03-19T19:00:21.036838Z,E3 Saxo Classic,ADDED,ADRIÀ Roger,rider/roger-adria
2026-03-19T19:00:21.036838Z,E3 Saxo Classic,ADDED,HUENS Axel,rider/axel-huens
2026-03-19T19:00:21.036838Z,Milaan-Sanremo,ADDED,ZAMPERINI Edoardo,rider/edoardo-zamperini
2026-03-19T19:00:21.036838Z,Ronde van Vlaanderen,ADDED,VANHOOF Ward,rider/ward-vanhoof
2026-03-19T19:00:21.036838Z,E3 Saxo Classic,ADDED,LOUVEL Matis,rider/matis-louvel
2026-03-19T19:00:21.036838Z,E3 Saxo Classic,ADDED,DE LA CALLE Hugo,rider/hugo-de-la-calle-arango
2026-03-19T19:00:21.036838Z,Dwars door Vlaanderen,ADDED,KIELICH Timo,rider/timo-kielich
2026-03-19T19:00:21.036838Z,E3 Saxo Classic,ADDED,KMÍNEK Vojtěch,rider/vojtech-kminek
2026-03-19T19:00:21.036838Z,E3 Saxo Classic,ADDED,VADIC Baptiste,rider/baptiste-vadic
2026-03-19T19:00:21.036838Z,E3 Saxo Classic,ADDED,FEDOROV Yevgeniy,rider/yevgeniy-fedorov
2026-03-19T19:00:21.036838Z,Ronde van Vlaanderen,ADDED,DAUPHIN Florian,rider/florian-dauphin
2026-03-19T19:00:21.036838Z,E3 Saxo Classic,ADDED,BOULAHOITE Rayan,rider/rayan-boulahoite
2026-03-19T19:00:21.036838Z,E3 Saxo Classic,ADDED,BLUME LEVY William,rider/william-blume-levy
2026-03-19T19:00:21.036838Z,E3 Saxo Classic,ADDED,BONNET Thomas,rider/thomas-bonnet
2026-03-19T19:00:21.036838Z,Ronde van Vlaanderen,ADDED,BONNET Thomas,rider/thomas-bonnet
2026-03-19T19:00:21.036838Z,E3 Saxo Classic,ADDED,VAN BOVEN Luca,rider/luca-van-boven
2026-03-19T19:00:21.036838Z,Bredene Koksijde Classic,REMOVED,ALLEGAERT Piet,rider/piet-allegaert
2026-03-19T19:00:21.036838Z,E3 Saxo Classic,ADDED,MERIS Sergio,rider/sergio-meris
2026-03-19T19:00:21.036838Z,E3 Saxo Classic,ADDED,GELEIJN Owen,rider/owen-geleijn
2026-03-19T19:00:21.036838Z,E3 Saxo Classic,ADDED,LØLAND Sakarias Koller,rider/sakarias-koller-loland
2026-03-19T19:00:21.036838Z,Bredene Koksijde Classic,ADDED,FELDMANN Karsten Larsen,rider/karsten-larsen-feldmann
2026-03-19T19:00:21.036838Z,Ronde van Vlaanderen,ADDED,FELDMANN Karsten Larsen,rider/karsten-larsen-feldmann
2026-03-19T19:00:21.036838Z,Milaan-Sanremo,ADDED,COVI Alessandro,rider/alessandro-covi
2026-03-19T19:00:21.036838Z,E3 Saxo Classic,ADDED,ÁLVAREZ Rodrigo,rider/rodrigo-alvarez-rogriguez
2026-03-19T19:00:21.036838Z,E3 Saxo Classic,ADDED,JOHANNINK Jelle,rider/jelle-johannink
2026-03-19T19:00:21.036838Z,Bredene Koksijde Classic,REMOVED,JOHANNINK Jelle,rider/jelle-johannink
2026-03-19T19:00:21.036838Z,E3 Saxo Classic,ADDED,VAN HEMELEN Vincent,rider/vincent-van-hemelen
2026-03-19T19:00:21.036838Z,Ronde van Vlaanderen,ADDED,VAN HEMELEN Vincent,rider/vincent-van-hemelen
2026-03-19T19:00:21.036838Z,E3 Saxo Classic,ADDED,DOULL Owain,rider/owain-doull
2026-03-19T19:00:21.036838Z,Bredene Koksijde Classic,ADDED,TAMINIAUX Lionel,rider/lionel-taminiaux
2026-03-19T19:00:21.036838Z,E3 Saxo Classic,ADDED,TURGIS Anthony,rider/anthony-turgis
2026-03-19T19:00:21.036838Z,Ronde van Vlaanderen,ADDED,TURGIS Anthony,rider/anthony-turgis
2026-03-19T19:00:21.036838Z,E3 Saxo Classic,ADDED,VAN GESTEL Dries,rider/dries-van-gestel
2026-03-19T19:00:21.036838Z,E3 Saxo Classic,ADDED,STOCKWELL Oliver,rider/oliver-stockwell
2026-03-19T19:00:21.036838Z,E3 Saxo Classic,ADDED,GATE Aaron,rider/aaron-gate
2026-03-19T19:00:21.036838Z,Milaan-Sanremo,ADDED,GOGL Michael,rider/michael-gogl
2026-03-19T19:00:21.036838Z,E3 Saxo Classic,ADDED,GOGL Michael,rider/michael-gogl
2026-03-19T19:00:21.036838Z,E3 Saxo Classic,ADDED,HONORÉ Mikkel Frølich,rider/mikkel-honore
2026-03-19T19:00:21.036838Z,Milaan-Sanremo,ADDED,SOBRERO Matteo,rider/matteo-sobrero
2026-03-19T19:00:21.036838Z,E3 Saxo Classic,ADDED,GACHIGNARD Thomas,rider/thomas-gachignard
2026-03-19T19:00:21.036838Z,Ronde van Vlaanderen,ADDED,GACHIGNARD Thomas,rider/thomas-gachignard
2026-03-19T19:00:21.036838Z,E3 Saxo Classic,ADDED,ROMELE Alessandro,rider/alessandro-romele
2026-03-19T19:00:21.036838Z,E3 Saxo Classic,ADDED,WELLENS Tim,rider/tim-wellens
2026-03-19T19:00:21.036838Z,Dwars door Vlaanderen,ADDED,WELLENS Tim,rider/tim-wellens
2026-03-19T19:00:21.036838Z,E3 Saxo Classic,ADDED,RUSSO Clément,rider/clement-russo
2026-03-19T19:00:21.036838Z,Milaan-Sanremo,ADDED,RUSSO Clément,rider/clement-russo
2026-03-19T19:00:21.036838Z,Milaan-Sanremo,ADDED,SUNEKÆR NORSGAARD Mathias,rider/mathias-norsgaard
2026-03-19T19:00:21.036838Z,E3 Saxo Classic,ADDED,MAŁECKI Kamil,rider/kamil-malecki
2026-03-19T19:00:21.036838Z,E3 Saxo Classic,ADDED,CAVIA Daniel,rider/daniel-cavia-sanz
2026-03-19T19:00:21.036838Z,E3 Saxo Classic,ADDED,DEWULF Stan,rider/stan-dewulf
2026-03-19T19:00:21.036838Z,Dwars door Vlaanderen,REMOVED,WATSON Samuel,rider/samuel-watson
2026-03-19T19:00:21.036838Z,Waalse Pijl,REMOVED,GAROFOLI Gianmarco,rider/gianmarco-garofoli
2026-03-19T19:00:21.036838Z,Luik-Bastenaken-Luik,REMOVED,GAROFOLI Gianmarco,rider/gianmarco-garofoli
2026-03-19T19:00:21.036838Z,E3 Saxo Classic,ADDED,DEWEIRDT Siebe,rider/siebe-deweirdt
2026-03-19T19:00:21.036838Z,E3 Saxo Classic,ADDED,VAN MOER Brent,rider/brent-van-moer
2026-03-19T19:00:21.036838Z,E3 Saxo Classic,REMOVED,HOOLE Daan,rider/daan-hoole
2026-03-19T19:00:21.036838Z,E3 Saxo Classic,ADDED,AUGÉ Ronan,rider/ronan-auge
2026-03-19T19:00:21.036838Z,E3 Saxo Classic,ADDED,DURBRIDGE Luke,rider/luke-durbridge
2026-03-19T19:00:21.036838Z,Ronde van Vlaanderen,ADDED,VAN HAUTEGEM Leander,rider/leander-van-hautegem
2026-03-19T19:00:21.036838Z,E3 Saxo Classic,ADDED,CHAMBERLAIN Oscar,rider/oscar-chamberlain
2026-03-19T19:00:21.036838Z,E3 Saxo Classic,ADDED,GONOV Lev,rider/lev-gonov
2026-03-19T19:00:21.036838Z,Bredene Koksijde Classic,REMOVED,GONOV Lev,rider/lev-gonov
2026-03-19T19:00:21.036838Z,E3 Saxo Classic,ADDED,VERVAEKE Louis,rider/louis-vervaeke
2026-03-19T19:00:21.036838Z,E3 Saxo Classic,ADDED,HALLER Marco,rider/marco-haller
2026-03-19T19:00:21.036838Z,E3 Saxo Classic,ADDED,INGEBRIGTSEN Storm,rider/storm-ingebrigtsen
2026-03-19T19:00:21.036838Z,Bredene Koksijde Classic,REMOVED,KELEMEN Petr,rider/petr-kelemen
2026-03-19T19:00:21.036838Z,E3 Saxo Classic,ADDED,BOIVIN Guillaume,rider/guillaume-boivin
2026-03-19T19:00:21.036838Z,E3 Saxo Classic,ADDED,CANAL Carlos,rider/carlos-canal
2026-03-19T19:00:21.036838Z,E3 Saxo Classic,ADDED,VAN TRICHT Floris,rider/floris-van-tricht
2026-03-19T19:00:21.036838Z,Milaan-Sanremo,REMOVED,GROVES Kaden,rider/kaden-groves
2026-03-19T19:00:21.036838Z,E3 Saxo Classic,ADDED,ZUKOWSKY Nickolas,rider/nickolas-zukowsky
2026-03-19T19:00:21.036838Z,Bredene Koksijde Classic,REMOVED,ZUKOWSKY Nickolas,rider/nickolas-zukowsky
2026-03-19T19:00:21.036838Z,E3 Saxo Classic,ADDED,BIESTERBOS Frits,rider/frits-biesterbos
2026-03-19T19:00:21.036838Z,Milaan-Sanremo,ADDED,PACHER Quentin,rider/quentin-pacher
2026-03-19T19:00:21.036838Z,E3 Saxo Classic,ADDED,BETTIOL Alberto,rider/alberto-bettiol
2026-03-19T19:00:21.036838Z,E3 Saxo Classic,ADDED,ERŽEN Žak,rider/zak-erzen
2026-03-19T19:00:21.036838Z,E3 Saxo Classic,ADDED,BRUNEL Alexys,rider/alexys-brunel
2026-03-19T19:00:21.036838Z,Ronde van Vlaanderen,ADDED,BRUNEL Alexys,rider/alexys-brunel
2026-03-19T19:00:21.036838Z,E3 Saxo Classic,ADDED,MILESI Lorenzo,rider/lorenzo-milesi
2026-03-19T19:00:21.036838Z,E3 Saxo Classic,ADDED,BARRENETXEA Jon,rider/jon-barrenetxea-golzarri
2026-03-19T19:00:21.036838Z,Ronde van Vlaanderen,ADDED,KOPECKÝ Tomáš,rider/tomas-kopecky
2026-03-19T19:00:21.036838Z,Dwars door Vlaanderen,ADDED,KOPECKÝ Tomáš,rider/tomas-kopecky
2026-03-19T19:00:21.036838Z,E3 Saxo Classic,ADDED,SWIFT Connor,rider/connor-swift
2026-03-19T19:00:21.036838Z,E3 Saxo Classic,ADDED,SHMIDT Artem,rider/artem-shmidt
2026-03-19T19:00:21.036838Z,Bredene Koksijde Classic,REMOVED,DE KLEIJN Arvid,rider/arvid-de-kleijn
2026-03-19T19:00:21.036838Z,Milaan-Sanremo,ADDED,JUUL-JENSEN Christopher,rider/christopher-juul-jensen
2026-03-19T19:00:21.036838Z,Milaan-Sanremo,ADDED,SÜTTERLIN Jasha,rider/jasha-sutterlin
2026-03-19T19:00:21.036838Z,E3 Saxo Classic,ADDED,SÜTTERLIN Jasha,rider/jasha-sutterlin
2026-03-19T19:00:21.036838Z,Bredene Koksijde Classic,ADDED,PIDCOCK Joseph,rider/joseph-pidcock
2026-03-19T19:00:21.036838Z,E3 Saxo Classic,ADDED,LANHOVE Milan,rider/milan-lanhove
2026-03-19T19:00:21.036838Z,Ronde van Vlaanderen,ADDED,LANHOVE Milan,rider/milan-lanhove
2026-03-19T19:00:21.036838Z,E3 Saxo Classic,ADDED,VANDENSTORME Dylan,rider/dylan-vandenstorme
2026-03-19T19:00:21.036838Z,Ronde van Vlaanderen,ADDED,VANDENSTORME Dylan,rider/dylan-vandenstorme
2026-03-19T19:00:21.036838Z,Ronde van Vlaanderen,ADDED,BLOEM Joren,rider/joren-bloem2
2026-03-19T19:00:21.036838Z,Dwars door Vlaanderen,ADDED,BLOEM Joren,rider/joren-bloem2
2026-03-19T19:00:21.036838Z,Ronde van Vlaanderen,ADDED,MOURIS Wessel,rider/wessel-mouris
2026-03-19T19:00:21.036838Z,E3 Saxo Classic,ADDED,ALLENO Clément,rider/clement-alleno
2026-03-19T19:00:21.036838Z,E3 Saxo Classic,ADDED,DRIZNERS Jarrad,rider/jarrad-drizners
2026-03-19T19:00:21.036838Z,E3 Saxo Classic,ADDED,MOZZATO Luca,rider/luca-mozzato
2026-03-19T19:00:21.036838Z,E3 Saxo Classic,ADDED,REINDERINK Pepijn,rider/pepijn-reinderink
2026-03-19T19:00:21.036838Z,E3 Saxo Classic,ADDED,HAGENES Per Strand,rider/per-strand-hagenes
2026-03-19T19:00:21.036838Z,E3 Saxo Classic,ADDED,BJERG Mikkel,rider/mikkel-bjerg
2026-03-19T19:00:21.036838Z,E3 Saxo Classic,ADDED,BRAET Vito,rider/vito-braet
2026-03-19T19:00:21.036838Z,E3 Saxo Classic,ADDED,KOERDT Bjorn,rider/bjoern-koerdt
2026-03-19T19:00:21.036838Z,E3 Saxo Classic,ADDED,THONNON Senne,rider/senne-thonnon
2026-03-19T19:00:21.036838Z,E3 Saxo Classic,ADDED,VAN ASBROECK Tom,rider/tom-van-asbroeck
2026-03-19T19:00:21.036838Z,E3 Saxo Classic,ADDED,POLITT Nils,rider/nils-politt
2026-03-19T19:00:21.036838Z,E3 Saxo Classic,ADDED,GRADEK Kamil,rider/kamil-gradek
2026-03-19T19:00:21.036838Z,Ronde van Vlaanderen,ADDED,VERCOUILLIE Victor,rider/victor-vercouillie
2026-03-19T19:00:21.036838Z,E3 Saxo Classic,ADDED,DE PESTEL Sander,rider/sander-de-pestel
2026-03-19T19:00:21.036838Z,E3 Saxo Classic,ADDED,GARCÍA CORTINA Iván,rider/ivan-garcia-cortina
2026-03-19T19:00:21.036838Z,E3 Saxo Classic,ADDED,VAN DIJKE Tim,rider/tim-van-dijke
2026-03-19T19:00:21.036838Z,E3 Saxo Classic,ADDED,DUJARDIN Sandy,rider/sandy-dujardin
2026-03-19T19:00:21.036838Z,Ronde van Vlaanderen,ADDED,DUJARDIN Sandy,rider/sandy-dujardin
2026-03-19T19:00:21.036838Z,E3 Saxo Classic,ADDED,DONALDSON Robert,rider/robert-donaldson
2026-03-19T19:00:21.036838Z,Bredene Koksijde Classic,REMOVED,FRETIN Milan,rider/milan-fretin
2026-03-19T19:00:21.036838Z,Milaan-Sanremo,ADDED,MARSMAN Tim,rider/tim-marsman
2026-03-19T19:00:21.036838Z,Ronde van Vlaanderen,ADDED,STANNARD Robert,rider/robert-stannard
2026-03-19T19:00:21.036838Z,E3 Saxo Classic,ADDED,LAMBRECHT Michiel,rider/michiel-lambrecht
2026-03-19T19:00:21.036838Z,E3 Saxo Classic,ADDED,SKERL Daniel,rider/daniel-skerl
2026-03-19T19:00:21.036838Z,E3 Saxo Classic,ADDED,TURNER Ben,rider/ben-turner
2026-03-19T19:00:21.036838Z,E3 Saxo Classic,ADDED,WATSON Sam,rider/sam-watson
2026-03-19T19:00:21.036838Z,Dwars door Vlaanderen,ADDED,WATSON Sam,rider/sam-watson
2026-03-19T19:00:21.036838Z,E3 Saxo Classic,ADDED,JACOBS Johan,rider/johan-jacobs
2026-03-19T19:00:21.036838Z,E3 Saxo Classic,ADDED,GRISEL Matys,rider/matys-grisel
2026-03-19T19:00:21.036838Z,E3 Saxo Classic,ADDED,ASKEY Lewis,rider/lewis-askey
2026-03-19T19:00:21.036838Z,E3 Saxo Classic,ADDED,BYSTRØM Sven Erik,rider/sven-erik-bystrom
2026-03-19T19:00:21.036838Z,Milaan-Sanremo,ADDED,ROGLIČ Primož,rider/primoz-roglic
2026-03-19T19:00:21.036838Z,E3 Saxo Classic,ADDED,FAGÚNDEZ Eric Antonio,rider/eric-antonio-fagundez
2026-03-19T19:00:21.036838Z,E3 Saxo Classic,ADDED,FIORELLI Filippo,rider/filippo-fiorelli
2026-03-19T19:00:21.036838Z,Dwars door Vlaanderen,REMOVED,FIORELLI Filippo,rider/filippo-fiorelli
2026-03-19T19:00:21.036838Z,E3 Saxo Classic,ADDED,VERGAERDE Otto,rider/otto-vergaerde
2026-03-19T19:00:21.036838Z,E3 Saxo Classic,ADDED,RUTSCH Jonas,rider/jonas-rutsch
2026-03-20T02:10:34.471505Z,Milaan-Sanremo,REMOVED,ALBANESE Vincenzo,rider/vincenzo-albanese
2026-03-20T02:10:34.471505Z,Milaan-Sanremo,ADDED,MACKELLAR Alastair,rider/alastair-mackellar
2026-03-20T02:10:34.471505Z,Milaan-Sanremo,ADDED,VALGREN Michael,rider/michael-valgren-andersen
2026-03-20T02:10:34.471505Z,Milaan-Sanremo,REMOVED,VAN DEN BERG Marijn,rider/marijn-van-den-berg
2026-03-20T13:02:32.910522Z,Milaan-Sanremo,REMOVED,FLYNN Sean,rider/sean-flynn
2026-03-20T13:02:32.910522Z,Milaan-Sanremo,ADDED,ERMAKOV Roman,rider/roman-ermakov
2026-03-20T13:02:32.910522Z,Milaan-Sanremo,ADDED,SKAARSETH Anders,rider/anders-skaarseth
2026-03-20T13:02:32.910522Z,Milaan-Sanremo,ADDED,HOLTER Ådne,rider/adne-holter
2026-03-20T13:02:32.910522Z,Ronde van Brugge,ADDED,VAN DEN HAUTE Milan,rider/milan-van-den-haute
2026-03-20T13:02:32.910522Z,Ronde van Brugge,ADDED,TORNEY Artuur,rider/artuur-torney
2026-03-20T13:02:32.910522Z,Milaan-Sanremo,ADDED,RESELL Erik Nordsæter,rider/erik-nordsaeter-resell
2026-03-20T13:02:32.910522Z,Milaan-Sanremo,REMOVED,HERMANS Quinten,rider/quinten-hermans
2026-03-20T13:02:32.910522Z,Milaan-Sanremo,ADDED,NEILANDS Krists,rider/krists-neilands
2026-03-20T13:02:32.910522Z,Milaan-Sanremo,ADDED,FEDOROV Yevgeniy,rider/yevgeniy-fedorov
2026-03-20T13:02:32.910522Z,Milaan-Sanremo,ADDED,SMITH Dion,rider/dion-smith
2026-03-20T13:02:32.910522Z,Milaan-Sanremo,ADDED,MIQUEL Pau,rider/pau-miquel-delgado
2026-03-20T13:02:32.910522Z,E3 Saxo Classic,ADDED,WATSON Samuel,rider/samuel-watson
2026-03-20T13:02:32.910522Z,Dwars door Vlaanderen,ADDED,WATSON Samuel,rider/samuel-watson
2026-03-20T13:02:32.910522Z,Milaan-Sanremo,ADDED,BORGO Alessandro,rider/alessandro-borgo
2026-03-20T13:02:32.910522Z,Milaan-Sanremo,REMOVED,BRENNAN Matthew,rider/matthew-brennan
2026-03-20T13:02:32.910522Z,Milaan-Sanremo,ADDED,SCHULTZ Nick,rider/nick-schultz
2026-03-20T13:02:32.910522Z,Milaan-Sanremo,ADDED,DONOVAN Mark,rider/mark-donovan
2026-03-20T13:02:32.910522Z,Parijs-Roubaix,REMOVED,MERLIER Tim,rider/tim-merlier
2026-03-20T13:02:32.910522Z,In Flanders Fields,REMOVED,MERLIER Tim,rider/tim-merlier
2026-03-20T13:02:32.910522Z,Milaan-Sanremo,ADDED,ZAMBANINI Edoardo,rider/edoardo-zambanini
2026-03-20T13:02:32.910522Z,Ronde van Brugge,ADDED,GEERAERTS Ferre,rider/ferre-geeraerts
2026-03-20T13:02:32.910522Z,Milaan-Sanremo,ADDED,MEURISSE Xandro,rider/xandro-meurisse
2026-03-20T13:02:32.910522Z,Milaan-Sanremo,ADDED,GIRMAY Biniam,rider/biniam-girmay
2026-03-20T13:02:32.910522Z,Ronde van Brugge,ADDED,VANDENBRANDEN Noah,rider/noah-vandenbranden
2026-03-20T13:02:32.910522Z,Ronde van Brugge,ADDED,HESTERS Jules,rider/jules-hesters
2026-03-20T13:02:32.910522Z,Milaan-Sanremo,ADDED,AFFINI Edoardo,rider/edoardo-affini
2026-03-20T13:02:32.910522Z,Milaan-Sanremo,ADDED,CÔTÉ Pier-André,rider/pier-andre-cote
2026-03-20T13:02:32.910522Z,Milaan-Sanremo,ADDED,BLUME LEVY William,rider/william-blume-levy
2026-03-20T13:02:32.910522Z,Ronde van Brugge,ADDED,HUYSMANS Nolan,rider/nolan-huysmans
2026-03-20T13:02:32.910522Z,Milaan-Sanremo,ADDED,CAMPENAERTS Victor,rider/victor-campenaerts
2026-03-20T13:02:32.910522Z,Milaan-Sanremo,ADDED,SILVA Guillermo Thomas,rider/guillermo-thomas-silva-coussan
2026-03-20T13:02:32.910522Z,Milaan-Sanremo,ADDED,DOULL Owain,rider/owain-doull
2026-03-20T13:02:32.910522Z,E3 Saxo Classic,REMOVED,WATSON Sam,rider/sam-watson
2026-03-20T13:02:32.910522Z,Dwars door Vlaanderen,REMOVED,WATSON Sam,rider/sam-watson
2026-03-20T13:02:32.910522Z,Milaan-Sanremo,ADDED,CAMPRUBÍ Marcel,rider/marcel-camprubi
2026-03-20T13:02:32.910522Z,Milaan-Sanremo,ADDED,AZPARREN Xabier Mikel,rider/xabier-mikel-azparren-irurzun
2026-03-20T13:02:32.910522Z,Milaan-Sanremo,ADDED,ASKEY Lewis,rider/lewis-askey
2026-03-20T13:02:32.910522Z,Milaan-Sanremo,ADDED,MIHOLJEVIĆ Fran,rider/fran-miholjevic
2026-03-20T13:02:32.910522Z,Milaan-Sanremo,ADDED,VAN MOER Brent,rider/brent-van-moer
2026-03-20T13:02:32.910522Z,Milaan-Sanremo,ADDED,DHONDT Robbe,rider/robbe-dhondt
2026-03-20T13:02:32.910522Z,Milaan-Sanremo,ADDED,SYRITSA Gleb,rider/gleb-syritsa
2026-03-20T18:52:43.230447Z,Bredene Koksijde Classic,REMOVED,MENTEN Milan,rider/milan-menten
2026-03-20T18:52:43.230447Z,Milaan-Sanremo,ADDED,STORK Florian,rider/florian-stork
2026-03-20T18:52:43.230447Z,Milaan-Sanremo,ADDED,MERIS Sergio,rider/sergio-meris
2026-03-20T18:52:43.230447Z,Milaan-Sanremo,ADDED,FISHER-BLACK Finn,rider/finn-fisher-black
2026-03-20T18:52:43.230447Z,Ronde van Vlaanderen,REMOVED,KÜNG Stefan,rider/stefan-kung
2026-03-20T18:52:43.230447Z,Milaan-Sanremo,ADDED,MOSCON Gianni,rider/gianni-moscon
2026-03-20T18:52:43.230447Z,Bredene Koksijde Classic,ADDED,ØRN-KRISTOFF Felix,rider/felix-orn-kristoff
2026-03-20T18:52:43.230447Z,Milaan-Sanremo,ADDED,HALLER Marco,rider/marco-haller
2026-03-20T18:52:43.230447Z,Milaan-Sanremo,ADDED,TRENTIN Matteo,rider/matteo-trentin
2026-03-20T18:52:43.230447Z,Milaan-Sanremo,ADDED,VENTURINI Clément,rider/clement-venturini
2026-03-20T18:52:43.230447Z,Milaan-Sanremo,ADDED,CATTANEO Mattia,rider/mattia-cattaneo
2026-03-20T18:52:43.230447Z,Ronde van Vlaanderen,REMOVED,STANNARD Robert,rider/robert-stannard
2026-03-20T18:52:43.230447Z,Milaan-Sanremo,ADDED,MUÑOZ Francisco,rider/francisco-munoz-llana
2026-03-20T18:52:43.230447Z,Milaan-Sanremo,ADDED,KLUCKERS Arthur,rider/arthur-kluckers
2026-03-20T18:52:43.230447Z,Milaan-Sanremo,ADDED,PIETROBON Andrea,rider/andrea-pietrobon
2026-03-20T18:52:43.230447Z,Milaan-Sanremo,REMOVED,VAN DIJKE Tim,rider/tim-van-dijke
2026-03-20T18:52:43.230447Z,Milaan-Sanremo,ADDED,KOPECKÝ Tomáš,rider/tomas-kopecky
2026-03-20T18:52:43.230447Z,Milaan-Sanremo,ADDED,LONARDI Giovanni,rider/giovanni-lonardi
2026-03-20T18:52:43.230447Z,Milaan-Sanremo,ADDED,ERIKSSON Jacob,rider/jacob-eriksson
2026-03-20T18:52:43.230447Z,Milaan-Sanremo,ADDED,RACCAGNI Gabriele,rider/gabriele-raccagni
2026-03-20T18:52:43.230447Z,Milaan-Sanremo,ADDED,BAIS Mattia,rider/mattia-bais
2026-03-21T12:52:29.129782Z,Waalse Pijl,ADDED,DEL TORO Isaac,rider/isaac-del-toro
2026-03-21T12:52:29.129782Z,Luik-Bastenaken-Luik,ADDED,DEL TORO Isaac,rider/isaac-del-toro
2026-03-21T12:52:29.129782Z,In Flanders Fields,REMOVED,KUDUS Merhawi,rider/merhawi-kudus
2026-03-21T12:52:29.129782Z,In Flanders Fields,REMOVED,ISIDORE Noa,rider/noa-isidore
2026-03-22T02:25:01.089251Z,E3 Saxo Classic,REMOVED,PEDERSEN Martin,rider/martin-pedersen1
2026-03-22T12:54:53.884859Z,Brabantse Pijl,REMOVED,CHRISTEN Jan,rider/jan-christen
2026-03-22T12:54:53.884859Z,Amstel Gold Race,REMOVED,CHRISTEN Jan,rider/jan-christen
2026-03-22T12:54:53.884859Z,Waalse Pijl,REMOVED,CHRISTEN Jan,rider/jan-christen
2026-03-22T12:54:53.884859Z,E3 Saxo Classic,REMOVED,VENTURINI Clément,rider/clement-venturini
2026-03-22T12:54:53.884859Z,Amstel Gold Race,ADDED,VENDRAME Andrea,rider/andrea-vendrame
2026-03-22T18:39:13.104742Z,Ronde van Brugge,ADDED,DEHAIRS Simon,rider/simon-dehairs
2026-03-22T18:39:13.104742Z,Ronde van Brugge,ADDED,MAAS Jan,rider/jan-maas
2026-03-22T18:39:13.104742Z,Ronde van Brugge,ADDED,CHARRET Camille,rider/camille-charret
2026-03-22T18:39:13.104742Z,Ronde van Brugge,ADDED,BIERMANS Jenthe,rider/jenthe-biermans
2026-03-23T02:25:51.742981Z,Amstel Gold Race,REMOVED,SKUJIŅŠ Toms,rider/toms-skujins
2026-03-23T02:25:51.742981Z,E3 Saxo Classic,REMOVED,SKUJIŅŠ Toms,rider/toms-skujins
2026-03-23T02:25:51.742981Z,In Flanders Fields,REMOVED,SKUJIŅŠ Toms,rider/toms-skujins
2026-03-23T02:25:51.742981Z,Ronde van Vlaanderen,REMOVED,SKUJIŅŠ Toms,rider/toms-skujins
2026-03-23T02:25:51.742981Z,Dwars door Vlaanderen,REMOVED,SKUJIŅŠ Toms,rider/toms-skujins
2026-03-23T13:10:46.210281Z,Luik-Bastenaken-Luik,ADDED,BOUWMAN Koen,rider/koen-bouwman
2026-03-23T13:10:46.210281Z,In Flanders Fields,REMOVED,VAN POPPEL Danny,rider/danny-van-poppel
2026-03-23T18:56:59.805875Z,Ronde van Brugge,ADDED,GARCÍA CORTINA Iván,rider/ivan-garcia-cortina
2026-03-23T18:56:59.805875Z,Ronde van Brugge,ADDED,CANAL Carlos,rider/carlos-canal
2026-03-23T18:56:59.805875Z,E3 Saxo Classic,ADDED,ANDRESEN Tobias Lund,rider/tobias-lund-andresen
2026-03-23T18:56:59.805875Z,Ronde van Brugge,REMOVED,ANDRESEN Tobias Lund,rider/tobias-lund-andresen
2026-03-23T18:56:59.805875Z,Ronde van Brugge,ADDED,BOL Cees,rider/cees-bol
2026-03-23T18:56:59.805875Z,Ronde van Brugge,ADDED,RICKAERT Jonas,rider/jonas-rickaert
2026-03-23T18:56:59.805875Z,Ronde van Brugge,ADDED,VAN LERBERGHE Bert,rider/bert-van-lerberghe
2026-03-23T18:56:59.805875Z,Ronde van Brugge,ADDED,DE PESTEL Sander,rider/sander-de-pestel
2026-03-23T18:56:59.805875Z,Ronde van Brugge,ADDED,SERRANO Gonzalo,rider/gonzalo-serrano
2026-03-23T18:56:59.805875Z,Ronde van Brugge,ADDED,MILESI Lorenzo,rider/lorenzo-milesi
2026-03-23T18:56:59.805875Z,Ronde van Brugge,ADDED,VAN GESTEL Dries,rider/dries-van-gestel
2026-03-23T18:56:59.805875Z,Ronde van Brugge,ADDED,LAMPAERT Yves,rider/yves-lampaert
2026-03-23T18:56:59.805875Z,Ronde van Brugge,ADDED,GAUTHERAT Pierre,rider/pierre-gautherat
2026-03-23T18:56:59.805875Z,Ronde van Brugge,ADDED,REX Laurenz,rider/laurenz-rex
2026-03-23T18:56:59.805875Z,Ronde van Brugge,ADDED,VANGHELUWE Warre,rider/warre-vangheluwe
2026-03-23T18:56:59.805875Z,Ronde van Brugge,ADDED,GUDMESTAD Tord,rider/tord-gudmestad
2026-03-23T18:56:59.805875Z,In Flanders Fields,ADDED,HOOLE Daan,rider/daan-hoole
2026-03-23T18:56:59.805875Z,E3 Saxo Classic,ADDED,HOOLE Daan,rider/daan-hoole
2026-03-23T18:56:59.805875Z,Ronde van Brugge,REMOVED,MERLIER Tim,rider/tim-merlier
2026-03-23T18:56:59.805875Z,Ronde van Brugge,ADDED,VERVENNE Jonathan,rider/jonathan-vervenne
2026-03-23T18:56:59.805875Z,Ronde van Brugge,ADDED,MACIEJUK Filip,rider/filip-maciejuk
2026-03-23T18:56:59.805875Z,Ronde van Brugge,ADDED,VAN DEN BOSSCHE Fabio,rider/fabio-van-den-bossche
2026-03-23T18:56:59.805875Z,Ronde van Brugge,ADDED,DEWULF Stan,rider/stan-dewulf
2026-03-23T18:56:59.805875Z,Ronde van Brugge,REMOVED,PEDERSEN Rasmus Søjberg,rider/rasmus-sojbergpedersen
2026-03-23T18:56:59.805875Z,Ronde van Brugge,ADDED,TORRES Albert,rider/albert-torres
2026-03-23T18:56:59.805875Z,Ronde van Brugge,ADDED,POLLEFLIET Gianluca,rider/gianluca-pollefliet
2026-03-23T18:56:59.805875Z,Ronde van Brugge,ADDED,CHAMBERLAIN Oscar,rider/oscar-chamberlain
2026-03-23T18:56:59.805875Z,Ronde van Brugge,ADDED,AULAR Orluis,rider/orluis-aular
2026-03-24T02:10:48.355353Z,Ronde van Brugge,ADDED,BAUHAUS Phil,rider/phil-bauhaus
2026-03-24T02:10:48.355353Z,Ronde van Brugge,ADDED,STOCKWELL Oliver,rider/oliver-stockwell
2026-03-24T02:10:48.355353Z,Ronde van Brugge,ADDED,BORGO Alessandro,rider/alessandro-borgo
2026-03-24T02:10:48.355353Z,Ronde van Brugge,ADDED,VALTER Attila,rider/attila-valter
2026-03-24T02:10:48.355353Z,Ronde van Brugge,ADDED,BRUTTOMESSO Alberto,rider/alberto-bruttomesso
2026-03-24T02:10:48.355353Z,Ronde van Brugge,ADDED,ERŽEN Žak,rider/zak-erzen
2026-03-24T02:10:48.355353Z,Ronde van Brugge,ADDED,SKERL Daniel,rider/daniel-skerl
2026-03-24T13:15:05.995617Z,Ronde van Brugge,ADDED,MOLANO Juan Sebastián,rider/juan-sebastian-molano
2026-03-24T13:15:05.995617Z,Ronde van Brugge,REMOVED,MIHKELS Madis,rider/madis-mihkels
2026-03-24T13:15:05.995617Z,Ronde van Brugge,ADDED,THIERRY Pierre,rider/pierre-thierry
2026-03-24T13:15:05.995617Z,Ronde van Brugge,ADDED,HOFSTETTER Hugo,rider/hugo-hofstetter
2026-03-24T13:15:05.995617Z,Ronde van Brugge,ADDED,OLIVEIRA Rui,rider/rui-oliveira
2026-03-24T13:15:05.995617Z,Ronde van Brugge,ADDED,LEROUX Samuel,rider/samuel-leroux
2026-03-24T13:15:05.995617Z,Ronde van Brugge,ADDED,JOHANSEN Julius,rider/julius-johansen
2026-03-24T13:15:05.995617Z,E3 Saxo Classic,REMOVED,JOHANSEN Julius,rider/julius-johansen
2026-03-24T13:15:05.995617Z,Ronde van Brugge,ADDED,HEIDUK Kim,rider/kim-heiduk
2026-03-24T13:15:05.995617Z,Ronde van Brugge,ADDED,DURBRIDGE Luke,rider/luke-durbridge
2026-03-24T13:15:05.995617Z,Ronde van Brugge,ADDED,SÖDERQVIST Jakob,rider/jakob-soderqvist
2026-03-24T13:15:05.995617Z,Ronde van Brugge,ADDED,JEANNIÈRE Emilien,rider/emilien-jeanniere
2026-03-24T13:15:05.995617Z,Ronde van Brugge,ADDED,VAN TRICHT Floris,rider/floris-van-tricht
2026-03-24T13:15:05.995617Z,Ronde van Brugge,ADDED,TESSON Jason,rider/jason-tesson
2026-03-24T13:15:05.995617Z,Ronde van Brugge,ADDED,DE POOTER Dries,rider/dries-de-pooter
2026-03-24T13:15:05.995617Z,Ronde van Brugge,ADDED,THIJSSEN Gerben,rider/gerben-thijssen
2026-03-24T13:15:05.995617Z,Ronde van Brugge,ADDED,JACOBS Johan,rider/johan-jacobs
2026-03-24T13:15:05.995617Z,Ronde van Brugge,ADDED,O'BRIEN Kelland,rider/kelland-brien
2026-03-24T13:15:05.995617Z,Ronde van Brugge,ADDED,BRAET Vito,rider/vito-braet
2026-03-24T13:15:05.995617Z,Ronde van Brugge,ADDED,MAYER Alexandre,rider/alexandre-mayer
2026-03-24T13:15:05.995617Z,Ronde van Brugge,ADDED,MÜLLER Tobias,rider/tobias-muller1
2026-03-24T13:15:05.995617Z,Ronde van Brugge,ADDED,MARSMAN Tim,rider/tim-marsman
2026-03-24T13:15:05.995617Z,Ronde van Brugge,ADDED,RAISBERG Nadav,rider/nadav-raisberg
2026-03-24T13:15:05.995617Z,Ronde van Brugge,ADDED,SUTER Joel,rider/joel-suter
2026-03-24T13:15:05.995617Z,Ronde van Brugge,ADDED,CONSONNI Simone,rider/simone-consonni
2026-03-24T13:15:05.995617Z,Ronde van Brugge,ADDED,HERREGODTS Rune,rider/rune-herregodts
2026-03-24T13:15:05.995617Z,Ronde van Brugge,ADDED,WALSCHEID Max,rider/max-walscheid
2026-03-24T13:15:05.995617Z,Ronde van Brugge,ADDED,SHMIDT Artem,rider/artem-shmidt
2026-03-24T13:15:05.995617Z,Ronde van Brugge,ADDED,LIVYNS Arjen,rider/arjen-livyns
2026-03-24T13:15:05.995617Z,Ronde van Brugge,ADDED,BÉVORT Carl-Frederik,rider/carl-frederik-bevort
2026-03-24T13:15:05.995617Z,Ronde van Brugge,ADDED,FROIDEVAUX Robin,rider/robin-froidevaux
2026-03-24T13:15:05.995617Z,Ronde van Brugge,ADDED,STOCKMAN Abram,rider/abram-stockman
2026-03-24T13:15:05.995617Z,Ronde van Brugge,ADDED,MIKUTIS Aivaras,rider/aivaras-mikutis
2026-03-24T13:15:05.995617Z,Ronde van Brugge,ADDED,KOGUT Oded,rider/oded-kogut
2026-03-24T13:15:05.995617Z,Ronde van Brugge,ADDED,SYRITSA Gleb,rider/gleb-syritsa
2026-03-24T13:15:05.995617Z,Ronde van Brugge,ADDED,WATSON Samuel,rider/samuel-watson
2026-03-24T13:15:05.995617Z,Ronde van Brugge,ADDED,KANTER Max,rider/max-kanter
2026-03-24T13:15:05.995617Z,Ronde van Brugge,ADDED,FEDOROV Yevgeniy,rider/yevgeniy-fedorov
2026-03-24T13:15:05.995617Z,Ronde van Brugge,ADDED,KOYAMA Tomoya,rider/tomoya-koyama
2026-03-24T13:15:05.995617Z,Ronde van Brugge,ADDED,VALGREN Michael,rider/michael-valgren-andersen
2026-03-24T13:15:05.995617Z,Ronde van Brugge,ADDED,BOUGLAS Georgios,rider/georgios-bouglas
2026-03-24T13:15:05.995617Z,Ronde van Brugge,REMOVED,DE LIE Arnaud,rider/arnaud-de-lie
2026-03-24T13:15:05.995617Z,Ronde van Brugge,ADDED,DONALDSON Robert,rider/robert-donaldson
2026-03-24T13:15:05.995617Z,Ronde van Brugge,ADDED,FONTAINE Titouan,rider/titouan-fontaine
2026-03-24T13:15:05.995617Z,E3 Saxo Classic,ADDED,GIAIMI Luca,rider/luca-giaimi
2026-03-24T13:15:05.995617Z,Ronde van Brugge,ADDED,GIAIMI Luca,rider/luca-giaimi
2026-03-24T13:15:05.995617Z,Ronde van Brugge,ADDED,DE KLEIJN Arvid,rider/arvid-de-kleijn
2026-03-24T13:15:05.995617Z,Ronde van Brugge,ADDED,MACÍAS César,rider/cesar-macias-estrada
2026-03-24T13:15:05.995617Z,Ronde van Brugge,ADDED,MEZGEC Luka,rider/luka-mezgec
2026-03-24T13:15:05.995617Z,Ronde van Brugge,ADDED,MILAN Matteo,rider/matteo-milan
2026-03-24T13:15:05.995617Z,Ronde van Brugge,ADDED,EINHORN Itamar,rider/itamar-einhorn
2026-03-24T13:15:05.995617Z,E3 Saxo Classic,ADDED,MORGADO António,rider/antonio-morgado
2026-03-24T13:15:05.995617Z,Ronde van Brugge,ADDED,HUENS Axel,rider/axel-huens
2026-03-24T13:15:05.995617Z,Ronde van Brugge,ADDED,INGEBRIGTSEN Storm,rider/storm-ingebrigtsen
2026-03-24T13:15:05.995617Z,Ronde van Brugge,ADDED,GATE Aaron,rider/aaron-gate
2026-03-24T13:15:05.995617Z,Ronde van Brugge,ADDED,WELSFORD Sam,rider/sam-welsford
2026-03-24T13:15:05.995617Z,Ronde van Brugge,ADDED,PENHOËT Paul,rider/paul-penhoet
2026-03-24T13:15:05.995617Z,Ronde van Brugge,ADDED,RENARD-HAQUIN Henri-François,rider/henri-francois-renard-haquin
2026-03-24T13:15:05.995617Z,Ronde van Brugge,ADDED,BARTHE Cyril,rider/cyril-barthe
2026-03-24T13:15:05.995617Z,Ronde van Brugge,ADDED,TAMINIAUX Lionel,rider/lionel-taminiaux
2026-03-24T13:15:05.995617Z,Ronde van Brugge,ADDED,SWIFT Connor,rider/connor-swift
2026-03-24T13:15:05.995617Z,Ronde van Brugge,ADDED,ORINS Robin,rider/robin-orins
2026-03-24T13:15:05.995617Z,Ronde van Brugge,ADDED,DAUPHIN Florian,rider/florian-dauphin
2026-03-24T13:15:05.995617Z,Ronde van Brugge,ADDED,FELDMANN Karsten Larsen,rider/karsten-larsen-feldmann
2026-03-24T13:15:05.995617Z,Ronde van Brugge,ADDED,FREDHEIM Stian,rider/stian-fredheim
2026-03-24T13:15:05.995617Z,Ronde van Brugge,ADDED,THEUNS Edward,rider/edward-theuns
2026-03-24T13:15:05.995617Z,Ronde van Brugge,ADDED,ÁLVAREZ Rodrigo,rider/rodrigo-alvarez-rogriguez
2026-03-24T13:15:05.995617Z,Ronde van Brugge,ADDED,BOWER Lewis,rider/lewis-bower
2026-03-24T13:15:05.995617Z,E3 Saxo Classic,REMOVED,VERVAEKE Louis,rider/louis-vervaeke
2026-03-24T13:15:05.995617Z,Dwars door Vlaanderen,REMOVED,VERVAEKE Louis,rider/louis-vervaeke
2026-03-24T13:15:05.995617Z,Ronde van Brugge,ADDED,TONEATTI Davide,rider/davide-toneatti
2026-03-24T13:15:05.995617Z,Ronde van Brugge,ADDED,KMÍNEK Vojtěch,rider/vojtech-kminek
2026-03-24T13:15:05.995617Z,Ronde van Brugge,ADDED,GIDDINGS Joshua,rider/joshua-giddings
2026-03-24T13:15:05.995617Z,Ronde van Brugge,ADDED,CAVIA Daniel,rider/daniel-cavia-sanz
2026-03-24T13:15:05.995617Z,Ronde van Brugge,ADDED,DE SCHUYTENEER Steffen,rider/steffen-de-schuyteneer
2026-03-24T13:15:05.995617Z,Ronde van Brugge,ADDED,VAN DEN BERG Marijn,rider/marijn-van-den-berg
2026-03-24T13:15:05.995617Z,Ronde van Brugge,ADDED,TENE Rotem,rider/rotem-tene
2026-03-24T13:15:05.995617Z,Ronde van Brugge,ADDED,GEENS Jonas,rider/jonas-geens
2026-03-24T13:15:05.995617Z,Ronde van Brugge,ADDED,WITHEN PHILIPSEN Albert,rider/albert-withen-philipsen
2026-03-24T13:15:05.995617Z,Ronde van Brugge,ADDED,LARSEN Niklas,rider/niklas-larsen
2026-03-24T13:15:05.995617Z,Ronde van Brugge,ADDED,MOURIS Wessel,rider/wessel-mouris
2026-03-24T13:15:05.995617Z,Ronde van Brugge,ADDED,SIMMONS Colby,rider/colby-simmons
2026-03-24T13:15:05.995617Z,Ronde van Brugge,ADDED,BEULLENS Cedric,rider/cedric-beullens
2026-03-24T13:15:05.995617Z,Ronde van Brugge,ADDED,VERGAERDE Otto,rider/otto-vergaerde
2026-03-24T13:15:05.995617Z,Ronde van Brugge,ADDED,VAN DEN BERG Julius,rider/julius-van-den-berg
2026-03-24T13:15:05.995617Z,Ronde van Brugge,ADDED,TEUTENBERG Tim Torn,rider/tim-torn-teutenberg
2026-03-24T13:15:05.995617Z,Ronde van Brugge,ADDED,MÄRKL Niklas,rider/niklas-markl
2026-03-24T13:15:05.995617Z,Ronde van Brugge,ADDED,VAN SINTMAARTENSDIJK Roel,rider/roel-van-sintmaartensdijk
2026-03-24T13:15:05.995617Z,Ronde van Brugge,ADDED,MOZZATO Luca,rider/luca-mozzato
2026-03-24T13:15:05.995617Z,Ronde van Brugge,ADDED,SCHWARZBACHER Matthias,rider/matthias-schwarzbacher
2026-03-24T13:15:05.995617Z,Ronde van Brugge,ADDED,MANZIN Lorrenzo,rider/lorrenzo-manzin
2026-03-24T13:15:05.995617Z,Ronde van Brugge,ADDED,PEDERSEN Henrik,rider/henrik-pedersen
2026-03-24T13:15:05.995617Z,Ronde van Brugge,ADDED,MACKELLAR Alastair,rider/alastair-mackellar
2026-03-24T13:15:05.995617Z,Ronde van Brugge,ADDED,KELEMEN Petr,rider/petr-kelemen
2026-03-24T13:15:05.995617Z,Ronde van Brugge,ADDED,RESELL Erik Nordsæter,rider/erik-nordsaeter-resell
2026-03-24T13:15:05.995617Z,Ronde van Brugge,ADDED,TURNER Ben,rider/ben-turner
2026-03-24T13:15:05.995617Z,Dwars door Vlaanderen,REMOVED,WELLENS Tim,rider/tim-wellens
2026-03-24T13:15:05.995617Z,E3 Saxo Classic,REMOVED,WELLENS Tim,rider/tim-wellens
2026-03-24T13:15:05.995617Z,Ronde van Brugge,ADDED,LAENGEN Vegard Stake,rider/vegard-stake-laengen
2026-03-24T13:15:05.995617Z,Ronde van Brugge,ADDED,NABERMAN Tim,rider/tim-naberman
2026-03-24T13:15:05.995617Z,Ronde van Brugge,ADDED,HAMILTON Lucas,rider/lucas-hamilton
2026-03-24T13:15:05.995617Z,Ronde van Brugge,ADDED,MULLEN Ryan,rider/ryan-mullen
2026-03-24T13:15:05.995617Z,Ronde van Brugge,ADDED,FLYNN Sean,rider/sean-flynn
2026-03-24T13:15:05.995617Z,Ronde van Brugge,ADDED,MARCEROU Nicola,rider/nicola-marcerou
2026-03-24T19:05:03.732046Z,Ronde van Brugge,REMOVED,DE KLEIJN Arvid,rider/arvid-de-kleijn
2026-03-24T19:05:03.732046Z,Dwars door Vlaanderen,ADDED,ROMELE Alessandro,rider/alessandro-romele
2026-03-24T19:05:03.732046Z,E3 Saxo Classic,REMOVED,CORKERY Dillon,rider/dillon-corkery
2026-03-24T19:05:03.732046Z,Ronde van Brugge,REMOVED,CHAMBERLAIN Oscar,rider/oscar-chamberlain
2026-03-24T19:05:03.732046Z,Dwars door Vlaanderen,REMOVED,GONOV Lev,rider/lev-gonov
2026-03-24T19:05:03.732046Z,Dwars door Vlaanderen,ADDED,ERŽEN Žak,rider/zak-erzen
2026-03-24T19:05:03.732046Z,Ronde van Brugge,REMOVED,WITHEN PHILIPSEN Albert,rider/albert-withen-philipsen
2026-03-24T19:05:03.732046Z,Ronde van Brugge,ADDED,LIENHARD Fabian,rider/fabian-lienhard
2026-03-24T19:05:03.732046Z,Ronde van Brugge,ADDED,HONORÉ Mikkel Frølich,rider/mikkel-honore
2026-03-24T19:05:03.732046Z,Ronde van Brugge,ADDED,MIHKELS Madis,rider/madis-mihkels
2026-03-24T19:05:03.732046Z,Dwars door Vlaanderen,REMOVED,VAN MECHELEN Vlad,rider/vlad-van-mechelen
2026-03-24T19:05:03.732046Z,E3 Saxo Classic,ADDED,JAKOBSEN Fabio,rider/fabio-jakobsen
2026-03-24T19:05:03.732046Z,Ronde van Brugge,ADDED,GRADEK Kamil,rider/kamil-gradek
2026-03-24T19:05:03.732046Z,Ronde van Brugge,REMOVED,VALGREN Michael,rider/michael-valgren-andersen
2026-03-24T19:05:03.732046Z,Ronde van Brugge,REMOVED,BORGO Alessandro,rider/alessandro-borgo
2026-03-24T19:05:03.732046Z,Ronde van Brugge,REMOVED,MACKELLAR Alastair,rider/alastair-mackellar
2026-03-24T19:05:03.732046Z,Ronde van Brugge,ADDED,GHYS Robbe,rider/robbe-ghys
2026-03-24T19:05:03.732046Z,Ronde van Brugge,ADDED,SUNEKÆR NORSGAARD Mathias,rider/mathias-norsgaard
2026-03-24T19:05:03.732046Z,Amstel Gold Race,REMOVED,VAN GILS Maxim,rider/maxim-van-gils
2026-03-24T19:05:03.732046Z,Luik-Bastenaken-Luik,REMOVED,VAN GILS Maxim,rider/maxim-van-gils
2026-03-24T19:05:03.732046Z,Waalse Pijl,REMOVED,VAN GILS Maxim,rider/maxim-van-gils
2026-03-25T02:23:12.293656Z,Ronde van Vlaanderen,ADDED,GOVEKAR Matevž,rider/matevz-govekar
2026-03-25T02:23:12.293656Z,Ronde van Vlaanderen,REMOVED,LARSEN Niklas,rider/niklas-larsen
2026-03-25T02:23:12.293656Z,Ronde van Vlaanderen,REMOVED,FELDMANN Karsten Larsen,rider/karsten-larsen-feldmann
2026-03-25T02:23:12.293656Z,Ronde van Vlaanderen,REMOVED,MATTHEWS Michael,rider/michael-matthews
2026-03-25T02:23:12.293656Z,Ronde van Vlaanderen,REMOVED,MOURIS Wessel,rider/wessel-mouris
2026-03-25T02:23:12.293656Z,Ronde van Vlaanderen,REMOVED,VALTER Attila,rider/attila-valter
2026-03-25T02:23:12.293656Z,Ronde van Vlaanderen,ADDED,SÜTTERLIN Jasha,rider/jasha-sutterlin
2026-03-25T02:23:12.293656Z,Ronde van Vlaanderen,ADDED,RASENBERG Martijn,rider/martijn-rasenberg
2026-03-25T02:23:12.293656Z,Ronde van Vlaanderen,ADDED,STOCKMAN Abram,rider/abram-stockman
2026-03-25T02:23:12.293656Z,Ronde van Vlaanderen,ADDED,MEZGEC Luka,rider/luka-mezgec
2026-03-25T02:23:12.293656Z,Ronde van Vlaanderen,ADDED,BAUHAUS Phil,rider/phil-bauhaus
2026-03-25T02:23:12.293656Z,Ronde van Vlaanderen,REMOVED,KRIJNSEN Jelte,rider/jelte-krijnsen
2026-03-25T02:23:12.293656Z,Ronde van Vlaanderen,REMOVED,VAN MECHELEN Vlad,rider/vlad-van-mechelen
2026-03-25T02:23:12.293656Z,Parijs-Roubaix,ADDED,LEROUX Samuel,rider/samuel-leroux
2026-03-25T13:13:50.160475Z,E3 Saxo Classic,ADDED,MAYER Alexandre,rider/alexandre-mayer
2026-03-25T13:13:50.160475Z,E3 Saxo Classic,REMOVED,MORO Manlio,rider/manlio-moro
2026-03-25T13:13:50.160475Z,E3 Saxo Classic,REMOVED,GATE Aaron,rider/aaron-gate
2026-03-25T13:13:50.160475Z,E3 Saxo Classic,REMOVED,QUARTUCCI Lorenzo,rider/lorenzo-quartucci
2026-03-25T13:13:50.160475Z,E3 Saxo Classic,REMOVED,BONNET Thomas,rider/thomas-bonnet
2026-03-25T13:13:50.160475Z,E3 Saxo Classic,REMOVED,ZIJLAARD Maikel,rider/maikel-zijlaard
2026-03-25T13:13:50.160475Z,E3 Saxo Classic,ADDED,SERRANO Gonzalo,rider/gonzalo-serrano
2026-03-25T13:13:50.160475Z,E3 Saxo Classic,REMOVED,CHAMBERLAIN Oscar,rider/oscar-chamberlain
2026-03-25T13:13:50.160475Z,E3 Saxo Classic,ADDED,MEURISSE Xandro,rider/xandro-meurisse
2026-03-25T13:13:50.160475Z,E3 Saxo Classic,ADDED,VANGHELUWE Warre,rider/warre-vangheluwe
2026-03-25T13:13:50.160475Z,E3 Saxo Classic,REMOVED,VERVENNE Jonathan,rider/jonathan-vervenne
2026-03-25T13:13:50.160475Z,E3 Saxo Classic,REMOVED,SHEEHAN Riley,rider/riley-sheehan
2026-03-25T13:13:50.160475Z,In Flanders Fields,REMOVED,MACKELLAR Alastair,rider/alastair-mackellar
2026-03-25T13:13:50.160475Z,E3 Saxo Classic,REMOVED,MACKELLAR Alastair,rider/alastair-mackellar
2026-03-25T13:13:50.160475Z,E3 Saxo Classic,ADDED,SYRITSA Gleb,rider/gleb-syritsa
2026-03-25T13:13:50.160475Z,E3 Saxo Classic,ADDED,GAUTHERAT Pierre,rider/pierre-gautherat
2026-03-25T13:13:50.160475Z,E3 Saxo Classic,REMOVED,CAVIA Daniel,rider/daniel-cavia-sanz
2026-03-25T13:13:50.160475Z,E3 Saxo Classic,ADDED,TORRES Albert,rider/albert-torres
2026-03-25T13:13:50.160475Z,E3 Saxo Classic,ADDED,RAISBERG Nadav,rider/nadav-raisberg
2026-03-25T13:13:50.160475Z,E3 Saxo Classic,REMOVED,LIEPIŅŠ Emīls,rider/emils-liepins
2026-03-25T13:13:50.160475Z,E3 Saxo Classic,ADDED,TEUTENBERG Tim Torn,rider/tim-torn-teutenberg
2026-03-25T13:13:50.160475Z,E3 Saxo Classic,ADDED,WALSCHEID Max,rider/max-walscheid
2026-03-25T13:13:50.160475Z,E3 Saxo Classic,ADDED,SAINBAYAR Jambaljamts,rider/jambaljamts-sainbayar
2026-03-25T13:13:50.160475Z,E3 Saxo Classic,REMOVED,MILESI Lorenzo,rider/lorenzo-milesi
2026-03-25T13:13:50.160475Z,E3 Saxo Classic,ADDED,BASTIAENS Ayco,rider/ayco-bastiaens
2026-03-25T13:13:50.160475Z,E3 Saxo Classic,ADDED,LIENHARD Fabian,rider/fabian-lienhard
2026-03-25T13:13:50.160475Z,E3 Saxo Classic,ADDED,FROIDEVAUX Robin,rider/robin-froidevaux
2026-03-25T13:13:50.160475Z,E3 Saxo Classic,REMOVED,MOZZATO Luca,rider/luca-mozzato
2026-03-25T13:13:50.160475Z,E3 Saxo Classic,REMOVED,KRIJNSEN Jelte,rider/jelte-krijnsen
2026-03-25T13:13:50.160475Z,E3 Saxo Classic,REMOVED,SÖDERQVIST Jakob,rider/jakob-soderqvist
2026-03-25T13:13:50.160475Z,E3 Saxo Classic,ADDED,MACIEJUK Filip,rider/filip-maciejuk
2026-03-25T13:13:50.160475Z,In Flanders Fields,ADDED,DE PESTEL Sander,rider/sander-de-pestel
2026-03-25T13:13:50.160475Z,E3 Saxo Classic,REMOVED,DE PESTEL Sander,rider/sander-de-pestel
2026-03-25T13:13:50.160475Z,E3 Saxo Classic,REMOVED,PEDERSEN Rasmus Søjberg,rider/rasmus-sojbergpedersen
2026-03-25T13:13:50.160475Z,E3 Saxo Classic,ADDED,WALKER Max,rider/max-walker
2026-03-25T13:13:50.160475Z,E3 Saxo Classic,ADDED,TONEATTI Davide,rider/davide-toneatti
2026-03-25T13:13:50.160475Z,E3 Saxo Classic,ADDED,MIKUTIS Aivaras,rider/aivaras-mikutis
2026-03-25T13:13:50.160475Z,E3 Saxo Classic,REMOVED,AULAR Orluis,rider/orluis-aular
2026-03-25T13:13:50.160475Z,E3 Saxo Classic,REMOVED,VAN DEN BERG Marijn,rider/marijn-van-den-berg
2026-03-25T13:13:50.160475Z,E3 Saxo Classic,ADDED,MARCEROU Nicola,rider/nicola-marcerou
2026-03-25T13:13:50.160475Z,E3 Saxo Classic,REMOVED,LAMPERTI Luke,rider/luke-lamperti
2026-03-25T13:13:50.160475Z,E3 Saxo Classic,REMOVED,GONOV Lev,rider/lev-gonov
2026-03-25T18:57:17.473900Z,Amstel Gold Race,ADDED,LOOCKX Lander,rider/lander-loockx
2026-03-25T18:57:17.473900Z,Brabantse Pijl,ADDED,LOOCKX Lander,rider/lander-loockx
2026-03-25T18:57:17.473900Z,E3 Saxo Classic,ADDED,KRIJNSEN Jelte,rider/jelte-krijnsen
2026-03-25T18:57:17.473900Z,In Flanders Fields,REMOVED,REINDERS Elmar,rider/elmar-reinders
2026-03-25T18:57:17.473900Z,Ronde van Vlaanderen,REMOVED,CAPIOT Amaury,rider/amaury-capiot
2026-03-25T18:57:17.473900Z,E3 Saxo Classic,REMOVED,CAPIOT Amaury,rider/amaury-capiot
2026-03-25T18:57:17.473900Z,Parijs-Roubaix,REMOVED,CAPIOT Amaury,rider/amaury-capiot
2026-03-25T18:57:17.473900Z,Ronde van Limburg,REMOVED,CAPIOT Amaury,rider/amaury-capiot
2026-03-25T18:57:17.473900Z,Dwars door Vlaanderen,REMOVED,CAPIOT Amaury,rider/amaury-capiot
2026-03-25T18:57:17.473900Z,In Flanders Fields,REMOVED,CAPIOT Amaury,rider/amaury-capiot
2026-03-26T13:19:19.158547Z,E3 Saxo Classic,REMOVED,BASTIAENS Ayco,rider/ayco-bastiaens
2026-03-26T13:19:19.158547Z,E3 Saxo Classic,ADDED,BOUGLAS Georgios,rider/georgios-bouglas
2026-03-26T13:19:19.158547Z,Ronde van Vlaanderen,REMOVED,ALBANESE Vincenzo,rider/vincenzo-albanese
2026-03-26T13:19:19.158547Z,Parijs-Roubaix,REMOVED,ALBANESE Vincenzo,rider/vincenzo-albanese
2026-03-26T13:19:19.158547Z,In Flanders Fields,REMOVED,ALBANESE Vincenzo,rider/vincenzo-albanese
2026-03-26T13:19:19.158547Z,E3 Saxo Classic,REMOVED,ALBANESE Vincenzo,rider/vincenzo-albanese
2026-03-26T13:19:19.158547Z,E3 Saxo Classic,ADDED,VERVENNE Jonathan,rider/jonathan-vervenne
2026-03-26T13:19:19.158547Z,E3 Saxo Classic,REMOVED,SAINBAYAR Jambaljamts,rider/jambaljamts-sainbayar
2026-03-26T13:19:19.158547Z,Ronde van Vlaanderen,REMOVED,ROOSEN Timo,rider/timo-roosen
2026-03-26T13:19:19.158547Z,Ronde van Vlaanderen,REMOVED,BAUHAUS Phil,rider/phil-bauhaus
2026-03-26T13:19:19.158547Z,Ronde van Vlaanderen,ADDED,BORGO Alessandro,rider/alessandro-borgo
2026-03-26T13:19:19.158547Z,Ronde van Vlaanderen,REMOVED,ZINGLE Axel,rider/axel-zingle
2026-03-26T19:08:15.045174Z,E3 Saxo Classic,ADDED,JOHANSEN Julius,rider/julius-johansen
2026-03-26T19:08:15.045174Z,E3 Saxo Classic,REMOVED,ASGREEN Kasper,rider/kasper-asgreen
2026-03-26T19:08:15.045174Z,In Flanders Fields,REMOVED,KIRSCH Alex,rider/alex-kirsch
2026-03-26T19:08:15.045174Z,Dwars door Vlaanderen,REMOVED,KIRSCH Alex,rider/alex-kirsch
2026-03-26T19:08:15.045174Z,Parijs-Roubaix,REMOVED,KIRSCH Alex,rider/alex-kirsch
2026-03-26T19:08:15.045174Z,Ronde van Vlaanderen,REMOVED,KIRSCH Alex,rider/alex-kirsch
2026-03-26T19:08:15.045174Z,E3 Saxo Classic,ADDED,HOFSTETTER Hugo,rider/hugo-hofstetter
2026-03-26T19:08:15.045174Z,E3 Saxo Classic,REMOVED,BISSEGGER Stefan,rider/stefan-bissegger
2026-03-26T19:08:15.045174Z,E3 Saxo Classic,ADDED,FLYNN Sean,rider/sean-flynn
2026-03-26T19:08:15.045174Z,E3 Saxo Classic,REMOVED,GIAIMI Luca,rider/luca-giaimi
2026-03-26T19:08:15.045174Z,In Flanders Fields,ADDED,ZAMPERINI Edoardo,rider/edoardo-zamperini
2026-03-26T19:08:15.045174Z,E3 Saxo Classic,ADDED,MIHKELS Madis,rider/madis-mihkels
2026-03-26T19:08:15.045174Z,E3 Saxo Classic,ADDED,THEUNS Edward,rider/edward-theuns
2026-03-26T19:08:15.045174Z,E3 Saxo Classic,REMOVED,DE JONG Timo,rider/timo-de-jong
2026-03-26T19:08:15.045174Z,E3 Saxo Classic,ADDED,O'BRIEN Kelland,rider/kelland-brien
2026-03-26T19:08:15.045174Z,E3 Saxo Classic,REMOVED,KRAGH ANDERSEN Søren,rider/soren-kragh-andersen
2026-03-26T19:08:15.045174Z,E3 Saxo Classic,ADDED,DE PESTEL Sander,rider/sander-de-pestel
2026-03-26T19:08:15.045174Z,E3 Saxo Classic,ADDED,LAMPERTI Luke,rider/luke-lamperti
2026-03-26T19:08:15.045174Z,E3 Saxo Classic,REMOVED,ASKEY Lewis,rider/lewis-askey
2026-03-27T02:31:05.288971Z,Ronde van Limburg,ADDED,BOUGLAS Georgios,rider/georgios-bouglas
2026-03-27T02:31:05.288971Z,In Flanders Fields,ADDED,BOUGLAS Georgios,rider/georgios-bouglas
2026-03-27T02:31:05.288971Z,Dwars door Vlaanderen,ADDED,BOUGLAS Georgios,rider/georgios-bouglas
2026-03-27T02:31:05.288971Z,Brabantse Pijl,ADDED,BOUGLAS Georgios,rider/georgios-bouglas
2026-03-27T02:31:05.288971Z,Ronde van Limburg,ADDED,VAN BOVEN Luca,rider/luca-van-boven
2026-03-27T02:31:05.288971Z,Brabantse Pijl,ADDED,VAN BOVEN Luca,rider/luca-van-boven
2026-03-27T02:31:05.288971Z,Scheldeprijs,ADDED,LEROUX Samuel,rider/samuel-leroux
2026-03-27T02:31:05.288971Z,Brabantse Pijl,ADDED,CHRISTEN Fabio,rider/fabio-christen
2026-03-27T02:31:05.288971Z,Amstel Gold Race,ADDED,CHRISTEN Fabio,rider/fabio-christen
2026-03-27T02:31:05.288971Z,Scheldeprijs,ADDED,VAN DE WYNKELE Lorenz,rider/lorenz-van-de-wynkele
2026-03-27T02:31:05.288971Z,Amstel Gold Race,ADDED,JOHANNESSEN Anders Halland,rider/anders-halland-johannessen
2026-03-27T02:31:05.288971Z,Brabantse Pijl,ADDED,TEUGELS Lennert,rider/lennert-teugels
2026-03-27T02:31:05.288971Z,Amstel Gold Race,ADDED,PALENI Enzo,rider/enzo-paleni
2026-03-27T02:31:05.288971Z,Brabantse Pijl,ADDED,AGOSTINACCHIO Mattia,rider/mattia-agostinacchio
2026-03-27T02:31:05.288971Z,Scheldeprijs,ADDED,LARSEN Niklas,rider/niklas-larsen
2026-03-27T02:31:05.288971Z,Scheldeprijs,ADDED,EENKHOORN Pascal,rider/pascal-eenkhoorn
2026-03-27T02:31:05.288971Z,Amstel Gold Race,REMOVED,LANGELLOTTI Victor,rider/victor-langellotti
2026-03-27T02:31:05.288971Z,Scheldeprijs,ADDED,MAGAGNOTTI Alessio,rider/alessio-magagnotti
2026-03-27T02:31:05.288971Z,Ronde van Limburg,ADDED,VERBRUGGHE Jens,rider/jens-verbrugghe
2026-03-27T02:31:05.288971Z,Scheldeprijs,ADDED,VERBRUGGHE Jens,rider/jens-verbrugghe
2026-03-27T02:31:05.288971Z,Scheldeprijs,ADDED,RICKAERT Jonas,rider/jonas-rickaert
2026-03-27T02:31:05.288971Z,Brabantse Pijl,ADDED,CHARMIG Anthon,rider/anthon-charmig
2026-03-27T02:31:05.288971Z,Amstel Gold Race,ADDED,CHARMIG Anthon,rider/anthon-charmig
2026-03-27T02:31:05.288971Z,Ronde van Limburg,ADDED,MACÍAS César,rider/cesar-macias-estrada
2026-03-27T02:31:05.288971Z,Dwars door Vlaanderen,ADDED,MACÍAS César,rider/cesar-macias-estrada
2026-03-27T02:31:05.288971Z,Brabantse Pijl,ADDED,MACÍAS César,rider/cesar-macias-estrada
2026-03-27T02:31:05.288971Z,Amstel Gold Race,ADDED,TURNER Ben,rider/ben-turner
2026-03-27T02:31:05.288971Z,Scheldeprijs,ADDED,O'BRIEN Kelland,rider/kelland-brien
2026-03-27T02:31:05.288971Z,Brabantse Pijl,ADDED,SWEENY Harry,rider/harry-sweeny
2026-03-27T02:31:05.288971Z,Amstel Gold Race,ADDED,SWEENY Harry,rider/harry-sweeny
2026-03-27T02:31:05.288971Z,Amstel Gold Race,ADDED,POLLEFLIET Gianluca,rider/gianluca-pollefliet
2026-03-27T02:31:05.288971Z,Amstel Gold Race,ADDED,ERIKSSON Jacob,rider/jacob-eriksson
2026-03-27T02:31:05.288971Z,Ronde van Limburg,ADDED,SKERL Daniel,rider/daniel-skerl
2026-03-27T02:31:05.288971Z,Scheldeprijs,ADDED,SKERL Daniel,rider/daniel-skerl
2026-03-27T02:31:05.288971Z,Amstel Gold Race,ADDED,HEIDUK Kim,rider/kim-heiduk
2026-03-27T02:31:05.288971Z,Brabantse Pijl,ADDED,CHRISTOPHERSEN Cedrik Bakke,rider/cedrik-bakke-christophersen
2026-03-27T02:31:05.288971Z,Amstel Gold Race,ADDED,CHRISTOPHERSEN Cedrik Bakke,rider/cedrik-bakke-christophersen
2026-03-27T02:31:05.288971Z,Scheldeprijs,ADDED,VAN DIJKE Tim,rider/tim-van-dijke
2026-03-27T02:31:05.288971Z,Ronde van Limburg,ADDED,VAN STRIJTHEM Matijs,rider/matijs-van-strijthem
2026-03-27T02:31:05.288971Z,Scheldeprijs,ADDED,FAGÚNDEZ Eric Antonio,rider/eric-antonio-fagundez
2026-03-27T02:31:05.288971Z,Parijs-Roubaix,ADDED,PIDCOCK Joseph,rider/joseph-pidcock
2026-03-27T02:31:05.288971Z,Ronde van Limburg,ADDED,PIDCOCK Joseph,rider/joseph-pidcock
2026-03-27T02:31:05.288971Z,Amstel Gold Race,REMOVED,NOVAK Domen,rider/domen-novak
2026-03-27T02:31:05.288971Z,Ronde van Limburg,ADDED,FERNÁNDEZ Sinuhé,rider/sinuhe-fernandez-rodriguez
2026-03-27T02:31:05.288971Z,Brabantse Pijl,ADDED,FERNÁNDEZ Sinuhé,rider/sinuhe-fernandez-rodriguez
2026-03-27T02:31:05.288971Z,Ronde van Limburg,ADDED,TORNEY Artuur,rider/artuur-torney
2026-03-27T02:31:05.288971Z,Scheldeprijs,ADDED,TORNEY Artuur,rider/artuur-torney
2026-03-27T02:31:05.288971Z,Scheldeprijs,ADDED,ÁLVAREZ Héctor,rider/hector-alvarez-martinez
2026-03-27T02:31:05.288971Z,Amstel Gold Race,ADDED,GAUTHERAT Pierre,rider/pierre-gautherat
2026-03-27T02:31:05.288971Z,Amstel Gold Race,REMOVED,GODON Dorian,rider/dorian-godon
2026-03-27T02:31:05.288971Z,Ronde van Limburg,ADDED,BRAET Vito,rider/vito-braet
2026-03-27T02:31:05.288971Z,Brabantse Pijl,ADDED,BRAET Vito,rider/vito-braet
2026-03-27T02:31:05.288971Z,Amstel Gold Race,ADDED,BRAET Vito,rider/vito-braet
2026-03-27T02:31:05.288971Z,Ronde van Limburg,ADDED,BAUWENS Siebe,rider/siebe-bauwens
2026-03-27T02:31:05.288971Z,Scheldeprijs,ADDED,BAUWENS Siebe,rider/siebe-bauwens
2026-03-27T02:31:05.288971Z,Scheldeprijs,ADDED,ROMMELAERE Iben,rider/iben-rommelaere
2026-03-27T02:31:05.288971Z,Amstel Gold Race,ADDED,MERIS Sergio,rider/sergio-meris
2026-03-27T02:31:05.288971Z,Amstel Gold Race,REMOVED,JOHANNESSEN Tobias Halland,rider/tobias-halland-johannessen
2026-03-27T02:31:05.288971Z,Amstel Gold Race,ADDED,NOVÁK Pavel,rider/pavel-novak
2026-03-27T02:31:05.288971Z,Brabantse Pijl,ADDED,VANDEN WIJNGAERT Matteo,rider/matteo-vanden-wijngaert
2026-03-27T02:31:05.288971Z,Ronde van Limburg,ADDED,STERCK Joppe,rider/joppe-sterck
2026-03-27T02:31:05.288971Z,Brabantse Pijl,ADDED,STERCK Joppe,rider/joppe-sterck
2026-03-27T02:31:05.288971Z,Amstel Gold Race,ADDED,L'HOTE Antoine,rider/antoine-l-hote
2026-03-27T02:31:05.288971Z,Scheldeprijs,ADDED,VERVENNE Jonathan,rider/jonathan-vervenne
2026-03-27T02:31:05.288971Z,Ronde van Limburg,ADDED,CAUDELL Ezra,rider/ezra-caudell
2026-03-27T02:31:05.288971Z,Scheldeprijs,ADDED,CAUDELL Ezra,rider/ezra-caudell
2026-03-27T02:31:05.288971Z,Scheldeprijs,ADDED,ANIOŁKOWSKI Stanisław,rider/stanislaw-aniolkowski
2026-03-27T02:31:05.288971Z,Brabantse Pijl,ADDED,ŤOUPALÍK Adam,rider/adam-toupalik
2026-03-27T02:31:05.288971Z,Amstel Gold Race,ADDED,ŤOUPALÍK Adam,rider/adam-toupalik
2026-03-27T02:31:05.288971Z,Brabantse Pijl,ADDED,GERMANI Lorenzo,rider/lorenzo-germani
2026-03-27T02:31:05.288971Z,Amstel Gold Race,ADDED,GERMANI Lorenzo,rider/lorenzo-germani
2026-03-27T02:31:05.288971Z,Brabantse Pijl,ADDED,DEBRUYNE Ramses,rider/ramses-debruyne
2026-03-27T02:31:05.288971Z,Brabantse Pijl,ADDED,VAN HEMELEN Vincent,rider/vincent-van-hemelen
2026-03-27T02:31:05.288971Z,Amstel Gold Race,ADDED,VAN HEMELEN Vincent,rider/vincent-van-hemelen
2026-03-27T02:31:05.288971Z,Scheldeprijs,ADDED,VAN DIJKE Mick,rider/mick-van-dijke
2026-03-27T02:31:05.288971Z,Brabantse Pijl,ADDED,COSTIOU Ewen,rider/ewen-costiou
2026-03-27T02:31:05.288971Z,Ronde van Limburg,ADDED,DUPONT Timothy,rider/timothy-dupont
2026-03-27T02:31:05.288971Z,Scheldeprijs,ADDED,DUPONT Timothy,rider/timothy-dupont
2026-03-27T02:31:05.288971Z,Amstel Gold Race,ADDED,FAURE PROST Alexy,rider/alexy-faure-prost
2026-03-27T02:31:05.288971Z,Brabantse Pijl,ADDED,LAURYSSEN Yorben,rider/yorben-lauryssen
2026-03-27T02:31:05.288971Z,Amstel Gold Race,REMOVED,PARET-PEINTRE Aurélien,rider/aurelien-paret-peintre
2026-03-27T02:31:05.288971Z,Brabantse Pijl,ADDED,KERCKHAERT Jochem,rider/jochem-kerckhaert
2026-03-27T02:31:05.288971Z,Ronde van Limburg,ADDED,KNIGHT Oliver,rider/oliver-knight
2026-03-27T02:31:05.288971Z,Brabantse Pijl,ADDED,KNIGHT Oliver,rider/oliver-knight
2026-03-27T02:31:05.288971Z,Brabantse Pijl,ADDED,LEKNESSUND Andreas,rider/andreas-leknessund
2026-03-27T02:31:05.288971Z,Amstel Gold Race,ADDED,LEKNESSUND Andreas,rider/andreas-leknessund
2026-03-27T02:31:05.288971Z,Amstel Gold Race,ADDED,BAYER Tobias,rider/tobias-bayer
2026-03-27T02:31:05.288971Z,Scheldeprijs,ADDED,ĐURIĆ Đorđe,rider/dorde-duric
2026-03-27T02:31:05.288971Z,Amstel Gold Race,ADDED,DELBOVE Joris,rider/joris-delbove
2026-03-27T02:31:05.288971Z,Brabantse Pijl,ADDED,MATTHEWS Michael,rider/michael-matthews
2026-03-27T02:31:05.288971Z,Amstel Gold Race,ADDED,MATTHEWS Michael,rider/michael-matthews
2026-03-27T02:31:05.288971Z,Brabantse Pijl,ADDED,DVERSNES LAVIK Fredrik,rider/fredrik-dversnes
2026-03-27T02:31:05.288971Z,Brabantse Pijl,ADDED,JOHANNINK Jelle,rider/jelle-johannink
2026-03-27T02:31:05.288971Z,Amstel Gold Race,ADDED,JOHANNINK Jelle,rider/jelle-johannink
2026-03-27T02:31:05.288971Z,Ronde van Limburg,ADDED,APPEL Stijn,rider/stijn-appel
2026-03-27T02:31:05.288971Z,Scheldeprijs,ADDED,APPEL Stijn,rider/stijn-appel
2026-03-27T02:31:05.288971Z,Brabantse Pijl,ADDED,APPEL Stijn,rider/stijn-appel
2026-03-27T02:31:05.288971Z,Brabantse Pijl,ADDED,ZAMBANINI Edoardo,rider/edoardo-zambanini
2026-03-27T02:31:05.288971Z,Amstel Gold Race,ADDED,ZAMBANINI Edoardo,rider/edoardo-zambanini
2026-03-27T02:31:05.288971Z,Ronde van Limburg,ADDED,PRADES Eduard,rider/eduard-prades
2026-03-27T02:31:05.288971Z,Brabantse Pijl,ADDED,PRADES Eduard,rider/eduard-prades
2026-03-27T02:31:05.288971Z,Amstel Gold Race,ADDED,PRADES Eduard,rider/eduard-prades
2026-03-27T02:31:05.288971Z,Brabantse Pijl,ADDED,LANHOVE Milan,rider/milan-lanhove
2026-03-27T02:31:05.288971Z,Amstel Gold Race,ADDED,LANHOVE Milan,rider/milan-lanhove
2026-03-27T02:31:05.288971Z,Brabantse Pijl,ADDED,PORTER Rudy,rider/rudy-porter
2026-03-27T02:31:05.288971Z,Amstel Gold Race,REMOVED,ULISSI Diego,rider/diego-ulissi
2026-03-27T02:31:05.288971Z,Scheldeprijs,ADDED,RASENBERG Martijn,rider/martijn-rasenberg
2026-03-27T02:31:05.288971Z,Ronde van Limburg,ADDED,MÜLLER Tobias,rider/tobias-muller1
2026-03-27T02:31:05.288971Z,Amstel Gold Race,ADDED,GARCÍA PIERNA Raúl,rider/raul-garcia-pierna
2026-03-27T02:31:05.288971Z,Scheldeprijs,ADDED,DRIZNERS Jarrad,rider/jarrad-drizners
2026-03-27T02:31:05.288971Z,In Flanders Fields,REMOVED,QUARTUCCI Lorenzo,rider/lorenzo-quartucci
2026-03-27T02:31:05.288971Z,Dwars door Vlaanderen,REMOVED,QUARTUCCI Lorenzo,rider/lorenzo-quartucci
2026-03-27T02:31:05.288971Z,Amstel Gold Race,ADDED,HUISING Menno,rider/menno-huising
2026-03-27T02:31:05.288971Z,Ronde van Limburg,ADDED,CAPRA Thomas,rider/thomas-capra
2026-03-27T02:31:05.288971Z,Brabantse Pijl,ADDED,MARTÍ Pau,rider/pau-marti-soriano
2026-03-27T02:31:05.288971Z,Amstel Gold Race,ADDED,MARTÍ Pau,rider/pau-marti-soriano
2026-03-27T02:31:05.288971Z,Brabantse Pijl,ADDED,COVI Alessandro,rider/alessandro-covi
2026-03-27T02:31:05.288971Z,Scheldeprijs,ADDED,KOGUT Oded,rider/oded-kogut
2026-03-27T02:31:05.288971Z,Scheldeprijs,ADDED,ÁLVAREZ Rodrigo,rider/rodrigo-alvarez-rogriguez
2026-03-27T02:31:05.288971Z,Ronde van Limburg,ADDED,LEFEVRE Fabrice,rider/fabrice-lefevre
2026-03-27T02:31:05.288971Z,Brabantse Pijl,ADDED,GRISEL Matys,rider/matys-grisel
2026-03-27T02:31:05.288971Z,Scheldeprijs,ADDED,MENTEN Milan,rider/milan-menten
2026-03-27T02:31:05.288971Z,Amstel Gold Race,ADDED,MILESI Lorenzo,rider/lorenzo-milesi
2026-03-27T02:31:05.288971Z,Brabantse Pijl,ADDED,URIANSTAD BUGGE Martin,rider/martin-urianstad
2026-03-27T02:31:05.288971Z,Amstel Gold Race,ADDED,OURSELIN Paul,rider/paul-ourselin
2026-03-27T02:31:05.288971Z,Scheldeprijs,ADDED,VAN DEN BOER Seppe,rider/seppe-van-den-boer
2026-03-27T02:31:05.288971Z,Scheldeprijs,ADDED,PICKRELL Riley,rider/riley-pickrell
2026-03-27T02:31:05.288971Z,Brabantse Pijl,ADDED,CAMPRUBÍ Marcel,rider/marcel-camprubi
2026-03-27T02:31:05.288971Z,Amstel Gold Race,ADDED,CAMPRUBÍ Marcel,rider/marcel-camprubi
2026-03-27T02:31:05.288971Z,Scheldeprijs,ADDED,GRADEK Kamil,rider/kamil-gradek
2026-03-27T02:31:05.288971Z,Ronde van Limburg,ADDED,BELMANS Lennert,rider/lennert-belmans
2026-03-27T02:31:05.288971Z,Scheldeprijs,ADDED,BELMANS Lennert,rider/lennert-belmans
2026-03-27T02:31:05.288971Z,Brabantse Pijl,ADDED,BELMANS Lennert,rider/lennert-belmans
2026-03-27T02:31:05.288971Z,Amstel Gold Race,ADDED,BELMANS Lennert,rider/lennert-belmans
2026-03-27T02:31:05.288971Z,Ronde van Limburg,ADDED,DISSEL Bram,rider/bram-dissel
2026-03-27T02:31:05.288971Z,Brabantse Pijl,ADDED,FRIGO Marco,rider/marco-frigo
2026-03-27T02:31:05.288971Z,Amstel Gold Race,ADDED,FRIGO Marco,rider/marco-frigo
2026-03-27T02:31:05.288971Z,Ronde van Limburg,ADDED,VAN DEN BOSSCHE Fabio,rider/fabio-van-den-bossche
2026-03-27T02:31:05.288971Z,Scheldeprijs,ADDED,VAN DEN BOSSCHE Fabio,rider/fabio-van-den-bossche
2026-03-27T02:31:05.288971Z,Scheldeprijs,ADDED,KELEMEN Petr,rider/petr-kelemen
2026-03-27T02:31:05.288971Z,Scheldeprijs,ADDED,CONSONNI Simone,rider/simone-consonni
2026-03-27T02:31:05.288971Z,Scheldeprijs,ADDED,VAN SINTMAARTENSDIJK Roel,rider/roel-van-sintmaartensdijk
2026-03-27T02:31:05.288971Z,Scheldeprijs,ADDED,TENE Rotem,rider/rotem-tene
2026-03-27T02:31:05.288971Z,Scheldeprijs,ADDED,ZIJLAARD Maikel,rider/maikel-zijlaard
2026-03-27T02:31:05.288971Z,Amstel Gold Race,ADDED,MOHORIČ Matej,rider/matej-mohoric
2026-03-27T02:31:05.288971Z,Scheldeprijs,ADDED,VAN DEN BERG Julius,rider/julius-van-den-berg
2026-03-27T02:31:05.288971Z,Brabantse Pijl,ADDED,NERURKAR Lukas,rider/lukas-nerurkar
2026-03-27T02:31:05.288971Z,Amstel Gold Race,ADDED,NERURKAR Lukas,rider/lukas-nerurkar
2026-03-27T02:31:05.288971Z,Ronde van Limburg,ADDED,SCHAPER Joeri,rider/joeri-schaper
2026-03-27T02:31:05.288971Z,Scheldeprijs,ADDED,BORGO Alessandro,rider/alessandro-borgo
2026-03-27T02:31:05.288971Z,Brabantse Pijl,ADDED,BORGO Alessandro,rider/alessandro-borgo
2026-03-27T02:31:05.288971Z,Ronde van Limburg,ADDED,MAAS Marijn,rider/marijn-maas
2026-03-27T02:31:05.288971Z,Scheldeprijs,ADDED,MAAS Marijn,rider/marijn-maas
2026-03-27T02:31:05.288971Z,Brabantse Pijl,ADDED,MAAS Marijn,rider/marijn-maas
2026-03-27T02:31:05.288971Z,Ronde van Limburg,ADDED,REINDERS Elmar,rider/elmar-reinders
2026-03-27T02:31:05.288971Z,Brabantse Pijl,ADDED,CRAPS Lars,rider/lars-craps
2026-03-27T02:31:05.288971Z,Ronde van Limburg,ADDED,DE VRIES Hartthijs,rider/hartthijs-de-vries
2026-03-27T02:31:05.288971Z,Brabantse Pijl,ADDED,SKAARSETH Anders,rider/anders-skaarseth
2026-03-27T02:31:05.288971Z,Amstel Gold Race,ADDED,SKAARSETH Anders,rider/anders-skaarseth
2026-03-27T02:31:05.288971Z,Ronde van Limburg,ADDED,SUNEKÆR NORSGAARD Mathias,rider/mathias-norsgaard
2026-03-27T02:31:05.288971Z,Scheldeprijs,ADDED,SUNEKÆR NORSGAARD Mathias,rider/mathias-norsgaard
2026-03-27T02:31:05.288971Z,Scheldeprijs,ADDED,BAUHAUS Phil,rider/phil-bauhaus
2026-03-27T02:31:05.288971Z,Amstel Gold Race,REMOVED,DEL GROSSO Tibor,rider/tibor-del-grosso
2026-03-27T02:31:05.288971Z,Ronde van Limburg,ADDED,DESAL Ceriel,rider/ceriel-desal
2026-03-27T02:31:05.288971Z,Scheldeprijs,ADDED,DESAL Ceriel,rider/ceriel-desal
2026-03-27T02:31:05.288971Z,Brabantse Pijl,ADDED,BONNET Thomas,rider/thomas-bonnet
2026-03-27T02:31:05.288971Z,Amstel Gold Race,ADDED,BONNET Thomas,rider/thomas-bonnet
2026-03-27T02:31:05.288971Z,Ronde van Limburg,ADDED,SWENNE Delano,rider/delano-swenne
2026-03-27T02:31:05.288971Z,Amstel Gold Race,ADDED,GACHIGNARD Thomas,rider/thomas-gachignard
2026-03-27T02:31:05.288971Z,Ronde van Limburg,ADDED,CHESINI Cesare,rider/cesare-chesini
2026-03-27T02:31:05.288971Z,Brabantse Pijl,ADDED,MOLARD Rudy,rider/rudy-molard
2026-03-27T02:31:05.288971Z,Amstel Gold Race,ADDED,MOLARD Rudy,rider/rudy-molard
2026-03-27T02:31:05.288971Z,Scheldeprijs,ADDED,ALLEGAERT Piet,rider/piet-allegaert
2026-03-27T02:31:05.288971Z,Brabantse Pijl,ADDED,BURGAUDEAU Mathieu,rider/mathieu-burgaudeau
2026-03-27T02:31:05.288971Z,Brabantse Pijl,ADDED,VANDENSTORME Dylan,rider/dylan-vandenstorme
2026-03-27T02:31:05.288971Z,Amstel Gold Race,ADDED,TESFATSION Natnael,rider/natnael-tesfatsion
2026-03-27T02:31:05.288971Z,Luik-Bastenaken-Luik,ADDED,BATTISTELLA Samuele,rider/samuele-battistella
2026-03-27T02:31:05.288971Z,Brabantse Pijl,ADDED,BATTISTELLA Samuele,rider/samuele-battistella
2026-03-27T02:31:05.288971Z,Amstel Gold Race,ADDED,BATTISTELLA Samuele,rider/samuele-battistella
2026-03-27T02:31:05.288971Z,Waalse Pijl,ADDED,BATTISTELLA Samuele,rider/samuele-battistella
2026-03-27T02:31:05.288971Z,Scheldeprijs,ADDED,CAVIA Daniel,rider/daniel-cavia-sanz
2026-03-27T02:31:05.288971Z,Scheldeprijs,ADDED,FINKŠT Tilen,rider/tilen-finkst
2026-03-27T02:31:05.288971Z,Brabantse Pijl,ADDED,FOLDAGER Anders,rider/anders-foldager
2026-03-27T02:31:05.288971Z,Amstel Gold Race,ADDED,FOLDAGER Anders,rider/anders-foldager
2026-03-27T02:31:05.288971Z,Scheldeprijs,ADDED,VAN MOER Brent,rider/brent-van-moer
2026-03-27T02:31:05.288971Z,Amstel Gold Race,ADDED,DEWEIRDT Siebe,rider/siebe-deweirdt
2026-03-27T02:31:05.288971Z,Ronde van Limburg,ADDED,CHRISTIAN Sean,rider/sean-christian
2026-03-27T02:31:05.288971Z,Scheldeprijs,ADDED,CHRISTIAN Sean,rider/sean-christian
2026-03-27T02:31:05.288971Z,Scheldeprijs,ADDED,THEUNS Edward,rider/edward-theuns
2026-03-27T02:31:05.288971Z,Ronde van Limburg,ADDED,BRUTTOMESSO Alberto,rider/alberto-bruttomesso
2026-03-27T02:31:05.288971Z,Ronde van Limburg,ADDED,WEIERINK Jelle,rider/jelle-weierink
2026-03-27T02:31:05.288971Z,Scheldeprijs,ADDED,GRIGNARD Sébastien,rider/sebastien-grignard
2026-03-27T02:31:05.288971Z,Scheldeprijs,ADDED,ALLENO Clément,rider/clement-alleno
2026-03-27T02:31:05.288971Z,Scheldeprijs,ADDED,ZAMPERINI Edoardo,rider/edoardo-zamperini
2026-03-27T02:31:05.288971Z,Ronde van Limburg,ADDED,NICOLAU Joel,rider/joel-nicolau
2026-03-27T02:31:05.288971Z,Brabantse Pijl,ADDED,NICOLAU Joel,rider/joel-nicolau
2026-03-27T02:31:05.288971Z,Amstel Gold Race,ADDED,NICOLAU Joel,rider/joel-nicolau
2026-03-27T02:31:05.288971Z,Ronde van Limburg,ADDED,WALSCHEID Max,rider/max-walscheid
2026-03-27T02:31:05.288971Z,Scheldeprijs,ADDED,WALSCHEID Max,rider/max-walscheid
2026-03-27T02:31:05.288971Z,Ronde van Limburg,ADDED,MCGILL Scott,rider/scott-mcgill
2026-03-27T02:31:05.288971Z,Scheldeprijs,ADDED,MARCEROU Nicola,rider/nicola-marcerou
2026-03-27T02:31:05.288971Z,Scheldeprijs,ADDED,LAMBRECHT Michiel,rider/michiel-lambrecht
2026-03-27T02:31:05.288971Z,Brabantse Pijl,ADDED,LAMBRECHT Michiel,rider/michiel-lambrecht
2026-03-27T02:31:05.288971Z,Amstel Gold Race,ADDED,LAMBRECHT Michiel,rider/michiel-lambrecht
2026-03-27T02:31:05.288971Z,Amstel Gold Race,ADDED,VELASCO Simone,rider/simone-velasco
2026-03-27T02:31:05.288971Z,Brabantse Pijl,ADDED,AERTS Toon,rider/toon-aerts
2026-03-27T02:31:05.288971Z,Amstel Gold Race,ADDED,AERTS Toon,rider/toon-aerts
2026-03-27T02:31:05.288971Z,Ronde van Limburg,ADDED,MEURISSE Xandro,rider/xandro-meurisse
2026-03-27T02:31:05.288971Z,Brabantse Pijl,ADDED,MEURISSE Xandro,rider/xandro-meurisse
2026-03-27T02:31:05.288971Z,Amstel Gold Race,ADDED,MEURISSE Xandro,rider/xandro-meurisse
2026-03-27T02:31:05.288971Z,Ronde van Limburg,ADDED,VERCOUILLIE Victor,rider/victor-vercouillie
2026-03-27T02:31:05.288971Z,Scheldeprijs,ADDED,VAN SINTMAARTENSDIJK Daan,rider/daan-van-sintmaartensdijk
2026-03-27T02:31:05.288971Z,Ronde van Limburg,ADDED,MEZGEC Luka,rider/luka-mezgec
2026-03-27T02:31:05.288971Z,Scheldeprijs,ADDED,MEZGEC Luka,rider/luka-mezgec
2026-03-27T02:31:05.288971Z,Brabantse Pijl,ADDED,VERCHER Mattéo,rider/matheo-vercher
2026-03-27T02:31:05.288971Z,Ronde van Limburg,ADDED,SANTY Arne,rider/arne-santy
2026-03-27T02:31:05.288971Z,Scheldeprijs,ADDED,SANTY Arne,rider/arne-santy
2026-03-27T02:31:05.288971Z,Ronde van Limburg,ADDED,AMBROSINI Matteo,rider/matteo-ambrosini
2026-03-27T02:31:05.288971Z,Amstel Gold Race,ADDED,TONEATTI Davide,rider/davide-toneatti
2026-03-27T02:31:05.288971Z,Ronde van Limburg,ADDED,STOLIĆ Mihajlo,rider/mihajlo-stolic
2026-03-27T02:31:05.288971Z,Brabantse Pijl,ADDED,DE PRETTO Davide,rider/davide-de-pretto
2026-03-27T02:31:05.288971Z,Amstel Gold Race,ADDED,DE PRETTO Davide,rider/davide-de-pretto
2026-03-27T02:31:05.288971Z,Ronde van Limburg,ADDED,OLDANI Stefano,rider/stefano-oldani
2026-03-27T02:31:05.288971Z,Brabantse Pijl,ADDED,OLDANI Stefano,rider/stefano-oldani
2026-03-27T02:31:05.288971Z,Amstel Gold Race,ADDED,OLDANI Stefano,rider/stefano-oldani
2026-03-27T02:31:05.288971Z,Scheldeprijs,ADDED,DE GENDT Aimé,rider/aime-de-gendt
2026-03-27T02:31:05.288971Z,Brabantse Pijl,ADDED,MAISONOBE Sam,rider/sam-maisonobe
2026-03-27T02:31:05.288971Z,Amstel Gold Race,ADDED,MAISONOBE Sam,rider/sam-maisonobe
2026-03-27T02:31:05.288971Z,Ronde van Limburg,ADDED,IZQUIERDO Clément,rider/clement-izquierdo
2026-03-27T02:31:05.288971Z,Brabantse Pijl,ADDED,IZQUIERDO Clément,rider/clement-izquierdo
2026-03-27T02:31:05.288971Z,Ronde van Limburg,ADDED,CARPENTER Robin,rider/robin-carpenter
2026-03-27T02:31:05.288971Z,Scheldeprijs,ADDED,CARPENTER Robin,rider/robin-carpenter
2026-03-27T02:31:05.288971Z,Ronde van Limburg,ADDED,FOX Matthew,rider/matthew-fox2
2026-03-27T02:31:05.288971Z,Amstel Gold Race,ADDED,SÜTTERLIN Jasha,rider/jasha-sutterlin
2026-03-27T02:31:05.288971Z,Scheldeprijs,ADDED,MEO Felix James,rider/felix-james-meo
2026-03-27T02:31:05.288971Z,Ronde van Limburg,ADDED,COPPENS Michiel,rider/michiel-coppens
2026-03-27T02:31:05.288971Z,Scheldeprijs,ADDED,COPPENS Michiel,rider/michiel-coppens
2026-03-27T02:31:05.288971Z,Brabantse Pijl,ADDED,COPPENS Michiel,rider/michiel-coppens
2026-03-27T02:31:05.288971Z,Ronde van Limburg,ADDED,FELDMANN Karsten Larsen,rider/karsten-larsen-feldmann
2026-03-27T02:31:05.288971Z,Scheldeprijs,ADDED,FELDMANN Karsten Larsen,rider/karsten-larsen-feldmann
2026-03-27T02:31:05.288971Z,Brabantse Pijl,ADDED,NARVÁEZ Jhonatan,rider/jhonatan-narvaez
2026-03-27T02:31:05.288971Z,Amstel Gold Race,ADDED,NARVÁEZ Jhonatan,rider/jhonatan-narvaez
2026-03-27T02:31:05.288971Z,Scheldeprijs,ADDED,ERŽEN Žak,rider/zak-erzen
2026-03-27T02:31:05.288971Z,Scheldeprijs,ADDED,STEWART Mark,rider/mark-stewart
2026-03-27T02:31:05.288971Z,Ronde van Limburg,ADDED,STOCKMAN Abram,rider/abram-stockman
2026-03-27T02:31:05.288971Z,Scheldeprijs,ADDED,STOCKMAN Abram,rider/abram-stockman
2026-03-27T02:31:05.288971Z,Amstel Gold Race,ADDED,STOCKMAN Abram,rider/abram-stockman
2026-03-27T02:31:05.288971Z,Scheldeprijs,ADDED,PRICE-PEJTERSEN Johan,rider/johan-price-pejtersen
2026-03-27T02:31:05.288971Z,Ronde van Limburg,ADDED,VERGAERDE Otto,rider/otto-vergaerde
2026-03-27T02:31:05.288971Z,Scheldeprijs,ADDED,VERGAERDE Otto,rider/otto-vergaerde
2026-03-27T02:31:05.288971Z,Amstel Gold Race,ADDED,ZIMMERMANN Georg,rider/georg-zimmermann
2026-03-27T02:31:05.288971Z,Ronde van Limburg,ADDED,LÓPEZ Joseba,rider/joseba-lopez-cuesta
2026-03-27T02:31:05.288971Z,Brabantse Pijl,ADDED,LÓPEZ Joseba,rider/joseba-lopez-cuesta
2026-03-27T02:31:05.288971Z,Amstel Gold Race,ADDED,LÓPEZ Joseba,rider/joseba-lopez-cuesta
2026-03-27T02:31:05.288971Z,Brabantse Pijl,ADDED,JOUSSEAUME Alan,rider/alan-jousseaume
2026-03-27T02:31:05.288971Z,Scheldeprijs,ADDED,MOONEN Zeno,rider/zeno-moonen
2026-03-27T02:31:05.288971Z,Amstel Gold Race,ADDED,DINHAM Matthew,rider/matthew-dinham
2026-03-27T02:31:05.288971Z,Ronde van Limburg,ADDED,MOLENAAR Alex,rider/alex-molenaar
2026-03-27T02:31:05.288971Z,Brabantse Pijl,ADDED,MOLENAAR Alex,rider/alex-molenaar
2026-03-27T02:31:05.288971Z,Amstel Gold Race,ADDED,MOLENAAR Alex,rider/alex-molenaar
2026-03-27T02:31:05.288971Z,Amstel Gold Race,ADDED,LAPORTE Christophe,rider/christophe-laporte
2026-03-27T02:31:05.288971Z,Ronde van Limburg,ADDED,HEWES Alex,rider/alex-hewes
2026-03-27T02:31:05.288971Z,Scheldeprijs,ADDED,THIERRY Pierre,rider/pierre-thierry
2026-03-27T02:31:05.288971Z,Brabantse Pijl,ADDED,HARTEEL Jelle,rider/jelle-harteel
2026-03-27T02:31:05.288971Z,Brabantse Pijl,ADDED,THONNON Senne,rider/senne-thonnon
2026-03-27T02:31:05.288971Z,Amstel Gold Race,ADDED,THONNON Senne,rider/senne-thonnon
2026-03-27T02:31:05.288971Z,Ronde van Limburg,ADDED,VADER Milan,rider/milan-vader
2026-03-27T02:31:05.288971Z,Brabantse Pijl,ADDED,VADER Milan,rider/milan-vader
2026-03-27T02:31:05.288971Z,Amstel Gold Race,ADDED,VADER Milan,rider/milan-vader
2026-03-27T02:31:05.288971Z,Ronde van Limburg,ADDED,FAJARDO Adrián,rider/adrian-fajardo
2026-03-27T02:31:05.288971Z,Brabantse Pijl,ADDED,FAJARDO Adrián,rider/adrian-fajardo
2026-03-27T02:31:05.288971Z,Amstel Gold Race,ADDED,DELETTRE Alexandre,rider/alexandre-delettre
2026-03-27T02:31:05.288971Z,Ronde van Limburg,ADDED,FERRON Valentin,rider/valentin-ferron
2026-03-27T02:31:05.288971Z,Brabantse Pijl,ADDED,FERRON Valentin,rider/valentin-ferron
2026-03-27T02:31:05.288971Z,Ronde van Limburg,ADDED,GADEMAN Sam,rider/sam-gademan
2026-03-27T02:31:05.288971Z,Ronde van Limburg,ADDED,DEKKER David,rider/david-dekker
2026-03-27T02:31:05.288971Z,Scheldeprijs,ADDED,DEKKER David,rider/david-dekker
2026-03-27T02:31:05.288971Z,Brabantse Pijl,ADDED,DEKKER David,rider/david-dekker
2026-03-27T02:31:05.288971Z,Amstel Gold Race,ADDED,SUTER Joel,rider/joel-suter
2026-03-27T02:31:05.288971Z,Ronde van Limburg,ADDED,MAYER Alexandre,rider/alexandre-mayer
2026-03-27T02:31:05.288971Z,Brabantse Pijl,ADDED,MAYER Alexandre,rider/alexandre-mayer
2026-03-27T02:31:05.288971Z,Ronde van Limburg,ADDED,WRIGHT Paul,rider/paul-wright
2026-03-27T02:31:05.288971Z,Amstel Gold Race,ADDED,GARCÍA CORTINA Iván,rider/ivan-garcia-cortina
2026-03-27T02:31:05.288971Z,Ronde van Limburg,ADDED,VANHOOF Ward,rider/ward-vanhoof
2026-03-27T02:31:05.288971Z,Scheldeprijs,ADDED,VADIC Baptiste,rider/baptiste-vadic
2026-03-27T02:31:05.288971Z,Brabantse Pijl,ADDED,VADIC Baptiste,rider/baptiste-vadic
2026-03-27T02:31:05.288971Z,Brabantse Pijl,ADDED,PACHER Quentin,rider/quentin-pacher
2026-03-27T02:31:05.288971Z,Amstel Gold Race,ADDED,PACHER Quentin,rider/quentin-pacher
2026-03-27T02:31:05.288971Z,Amstel Gold Race,ADDED,ROTA Lorenzo,rider/lorenzo-rota
2026-03-27T02:31:05.288971Z,Scheldeprijs,ADDED,BIESTERBOS Frits,rider/frits-biesterbos
2026-03-27T02:31:05.288971Z,Ronde van Limburg,ADDED,SMØRÅS Filip,rider/filip-smoras
2026-03-27T02:31:05.288971Z,Brabantse Pijl,ADDED,MADOUAS Valentin,rider/valentin-madouas
2026-03-27T02:31:05.288971Z,Scheldeprijs,ADDED,GRANGER Ben,rider/ben-granger
2026-03-27T02:31:05.288971Z,Ronde van Limburg,ADDED,JUUL-JENSEN Christopher,rider/christopher-juul-jensen
2026-03-27T02:31:05.288971Z,Scheldeprijs,ADDED,JUUL-JENSEN Christopher,rider/christopher-juul-jensen
2026-03-27T02:31:05.288971Z,Ronde van Limburg,ADDED,BURATTI Nicolò,rider/nicolo-buratti
2026-03-27T02:31:05.288971Z,Ronde van Limburg,ADDED,ACKERMANN Pascal,rider/pascal-ackermann
2026-03-27T02:31:05.288971Z,Scheldeprijs,ADDED,ACKERMANN Pascal,rider/pascal-ackermann
2026-03-27T02:31:05.288971Z,Ronde van Limburg,ADDED,BRINKMAN Joost,rider/joost-brinkman
2026-03-27T02:31:05.288971Z,Scheldeprijs,ADDED,DAUPHIN Florian,rider/florian-dauphin
2026-03-27T02:31:05.288971Z,Ronde van Limburg,ADDED,MARCHAND Gianni,rider/gianni-marchand
2026-03-27T02:31:05.288971Z,Brabantse Pijl,ADDED,MARCHAND Gianni,rider/gianni-marchand
2026-03-27T02:31:05.288971Z,Brabantse Pijl,ADDED,VAN MECHELEN Vlad,rider/vlad-van-mechelen
2026-03-27T02:31:05.288971Z,Ronde van Limburg,ADDED,KMÍNEK Vojtěch,rider/vojtech-kminek
2026-03-27T02:31:05.288971Z,Scheldeprijs,ADDED,KMÍNEK Vojtěch,rider/vojtech-kminek
2026-03-27T02:31:05.288971Z,Brabantse Pijl,ADDED,KMÍNEK Vojtěch,rider/vojtech-kminek
2026-03-27T02:31:05.288971Z,Amstel Gold Race,ADDED,DOUBEY Fabien,rider/fabien-doubey
2026-03-27T02:31:05.288971Z,Ronde van Limburg,ADDED,EISING Tijmen,rider/tijmen-eising
2026-03-27T02:31:05.288971Z,Scheldeprijs,ADDED,EISING Tijmen,rider/tijmen-eising
2026-03-27T02:31:05.288971Z,Scheldeprijs,ADDED,MIKUTIS Aivaras,rider/aivaras-mikutis
2026-03-27T02:31:05.288971Z,Ronde van Limburg,ADDED,DAINESE Alberto,rider/alberto-dainese
2026-03-27T02:31:05.288971Z,Ronde van Limburg,ADDED,BIBIC Dylan,rider/dylan-bibic
2026-03-27T02:31:05.288971Z,Ronde van Limburg,ADDED,VANDENBRANDEN Noah,rider/noah-vandenbranden
2026-03-27T02:31:05.288971Z,Scheldeprijs,ADDED,VANDENBRANDEN Noah,rider/noah-vandenbranden
2026-03-27T02:31:05.288971Z,Ronde van Limburg,ADDED,KILLY Jonah,rider/jonah-killy
2026-03-27T02:31:05.288971Z,Brabantse Pijl,ADDED,KILLY Jonah,rider/jonah-killy
2026-03-27T02:31:05.288971Z,Ronde van Limburg,ADDED,HESTERS Jules,rider/jules-hesters
2026-03-27T02:31:05.288971Z,Scheldeprijs,ADDED,HESTERS Jules,rider/jules-hesters
2026-03-27T02:31:05.288971Z,Scheldeprijs,ADDED,SIERRA Juan David,rider/juan-david-sierra
2026-03-27T02:31:05.288971Z,Scheldeprijs,ADDED,DE POOTER Dries,rider/dries-de-pooter
2026-03-27T02:31:05.288971Z,Brabantse Pijl,ADDED,DE POOTER Dries,rider/dries-de-pooter
2026-03-27T02:31:05.288971Z,Scheldeprijs,ADDED,CORKERY Dillon,rider/dillon-corkery
2026-03-27T02:31:05.288971Z,Amstel Gold Race,ADDED,MCNULTY Brandon,rider/brandon-mcnulty
2026-03-27T02:31:05.288971Z,Brabantse Pijl,ADDED,STRONG Corbin,rider/corbin-strong
2026-03-27T02:31:05.288971Z,Scheldeprijs,ADDED,GEERAERTS Ferre,rider/ferre-geeraerts
2026-03-27T02:31:05.288971Z,Ronde van Limburg,ADDED,ORINS Robin,rider/robin-orins
2026-03-27T02:31:05.288971Z,Amstel Gold Race,ADDED,ORINS Robin,rider/robin-orins
2026-03-27T02:31:05.288971Z,Brabantse Pijl,ADDED,AUGÉ Ronan,rider/ronan-auge
2026-03-27T02:31:05.288971Z,Scheldeprijs,ADDED,LIEPIŅŠ Emīls,rider/emils-liepins
2026-03-27T02:31:05.288971Z,Ronde van Limburg,ADDED,MOURIS Wessel,rider/wessel-mouris
2026-03-27T02:31:05.288971Z,Scheldeprijs,ADDED,MOURIS Wessel,rider/wessel-mouris
2026-03-27T02:31:05.288971Z,Ronde van Limburg,ADDED,FRISON Frederik,rider/frederik-frison
2026-03-27T02:31:05.288971Z,Scheldeprijs,ADDED,FRISON Frederik,rider/frederik-frison
2026-03-27T02:31:05.288971Z,Brabantse Pijl,ADDED,VANDENABEELE Henri,rider/henri-vandenabeele
2026-03-27T02:31:05.288971Z,Amstel Gold Race,ADDED,VANDENABEELE Henri,rider/henri-vandenabeele
2026-03-27T02:31:05.288971Z,Amstel Gold Race,ADDED,GLIVAR Gal,rider/gal-glivar
2026-03-27T02:31:05.288971Z,Ronde van Limburg,ADDED,VAN HEESWIJK Bas,rider/bas-van-heeswijk
2026-03-27T02:31:05.288971Z,Brabantse Pijl,ADDED,MARIS Elias,rider/elias-maris
2026-03-27T02:31:05.288971Z,Amstel Gold Race,ADDED,MARIS Elias,rider/elias-maris
2026-03-27T02:31:05.288971Z,Amstel Gold Race,ADDED,KAMP Alexander,rider/alexander-kamp
2026-03-27T02:31:05.288971Z,Scheldeprijs,ADDED,VAN POPPEL Danny,rider/danny-van-poppel
2026-03-27T02:31:05.288971Z,Amstel Gold Race,ADDED,MAAS Jan,rider/jan-maas
2026-03-27T02:31:05.288971Z,Amstel Gold Race,ADDED,DEL TORO Isaac,rider/isaac-del-toro
2026-03-27T02:31:05.288971Z,Ronde van Limburg,ADDED,DEBEAUMARCHÉ Nicolas,rider/nicolas-debeaumarche
2026-03-27T02:31:05.288971Z,Brabantse Pijl,ADDED,DEBEAUMARCHÉ Nicolas,rider/nicolas-debeaumarche
2026-03-27T02:31:05.288971Z,Scheldeprijs,ADDED,KESSLER Cole,rider/cole-kessler
2026-03-27T02:31:05.288971Z,Ronde van Limburg,ADDED,BIERMANS Jenthe,rider/jenthe-biermans
2026-03-27T02:31:05.288971Z,Brabantse Pijl,ADDED,KRON Andreas,rider/andreas-kron
2026-03-27T02:31:05.288971Z,Amstel Gold Race,ADDED,KRON Andreas,rider/andreas-kron
2026-03-27T02:31:05.288971Z,Amstel Gold Race,ADDED,KOERDT Bjorn,rider/bjoern-koerdt
2026-03-27T02:31:05.288971Z,Ronde van Limburg,ADDED,WATTS Kiaan,rider/kiaan-watts
2026-03-27T02:31:05.288971Z,Scheldeprijs,ADDED,WATTS Kiaan,rider/kiaan-watts
2026-03-27T02:31:05.288971Z,Brabantse Pijl,ADDED,ARNDT Nikias,rider/nikias-arndt
2026-03-27T02:31:05.288971Z,Amstel Gold Race,ADDED,ARNDT Nikias,rider/nikias-arndt
2026-03-27T02:31:05.288971Z,Brabantse Pijl,ADDED,HONORÉ Mikkel Frølich,rider/mikkel-honore
2026-03-27T02:31:05.288971Z,Amstel Gold Race,ADDED,HONORÉ Mikkel Frølich,rider/mikkel-honore
2026-03-27T02:31:05.288971Z,Brabantse Pijl,ADDED,BLOEM Joren,rider/joren-bloem2
2026-03-27T02:31:05.288971Z,Scheldeprijs,ADDED,VANHEEL Elias,rider/elias-vanheel
2026-03-27T02:31:05.288971Z,Brabantse Pijl,ADDED,HOLTER Ådne,rider/adne-holter
2026-03-27T02:31:05.288971Z,Amstel Gold Race,ADDED,HOLTER Ådne,rider/adne-holter
2026-03-27T02:31:05.288971Z,Amstel Gold Race,ADDED,ISIDORE Noa,rider/noa-isidore
2026-03-27T02:31:05.288971Z,Scheldeprijs,ADDED,KROONEN Max,rider/max-kroonen
2026-03-27T02:31:05.288971Z,Brabantse Pijl,ADDED,KROONEN Max,rider/max-kroonen
2026-03-27T02:31:05.288971Z,Amstel Gold Race,ADDED,NEILANDS Krists,rider/krists-neilands
2026-03-27T02:31:05.288971Z,Ronde van Limburg,ADDED,MAKRAI Bálint,rider/balint-makrai
2026-03-27T02:31:05.288971Z,Scheldeprijs,ADDED,VAN DEN HAUTE Milan,rider/milan-van-den-haute
2026-03-27T02:31:05.288971Z,Brabantse Pijl,ADDED,MIQUEL Pau,rider/pau-miquel-delgado
2026-03-27T02:31:05.288971Z,Amstel Gold Race,ADDED,DEWULF Stan,rider/stan-dewulf
2026-03-27T02:31:05.288971Z,Amstel Gold Race,ADDED,LUTSENKO Alexey,rider/aleksey-lutsenko
2026-03-27T02:31:05.288971Z,Scheldeprijs,ADDED,VAN TRICHT Floris,rider/floris-van-tricht
2026-03-27T02:31:05.288971Z,Amstel Gold Race,REMOVED,KWIATKOWSKI Michał,rider/michal-kwiatkowski
2026-03-27T02:31:05.288971Z,Brabantse Pijl,ADDED,DUJARDIN Sandy,rider/sandy-dujardin
2026-03-27T02:31:05.288971Z,Amstel Gold Race,ADDED,DUJARDIN Sandy,rider/sandy-dujardin
2026-03-27T02:31:05.288971Z,Brabantse Pijl,ADDED,SCHMID Mauro,rider/mauro-schmid
2026-03-27T02:31:05.288971Z,Ronde van Limburg,ADDED,CHARRET Camille,rider/camille-charret
2026-03-27T02:31:05.288971Z,Scheldeprijs,ADDED,CHARRET Camille,rider/camille-charret
2026-03-27T02:31:05.288971Z,Scheldeprijs,ADDED,VAN LERBERGHE Bert,rider/bert-van-lerberghe
2026-03-27T02:31:05.288971Z,Ronde van Limburg,ADDED,TEUTENBERG Tim Torn,rider/tim-torn-teutenberg
2026-03-27T02:31:05.288971Z,Scheldeprijs,ADDED,TEUTENBERG Tim Torn,rider/tim-torn-teutenberg
2026-03-27T02:31:05.288971Z,Ronde van Limburg,ADDED,GAVIRIA Fernando,rider/fernando-gaviria
2026-03-27T02:31:05.288971Z,Brabantse Pijl,ADDED,GAVIRIA Fernando,rider/fernando-gaviria
2026-03-27T02:31:05.288971Z,Brabantse Pijl,ADDED,BARONCINI Filippo,rider/filippo-baroncini
2026-03-27T02:31:05.288971Z,Amstel Gold Race,ADDED,MIHOLJEVIĆ Fran,rider/fran-miholjevic
2026-03-27T02:31:05.288971Z,Ronde van Limburg,ADDED,VAN DER HOORN Taco,rider/taco-van-der-hoorn
2026-03-27T02:31:05.288971Z,Amstel Gold Race,ADDED,CHRISTEN Jan,rider/jan-christen
2026-03-27T02:31:05.288971Z,Scheldeprijs,ADDED,BALLERSTEDT Maurice,rider/maurice-ballerstedt
2026-03-27T02:31:05.288971Z,In Flanders Fields,ADDED,SAINBAYAR Jambaljamts,rider/jambaljamts-sainbayar
2026-03-27T02:31:05.288971Z,Dwars door Vlaanderen,REMOVED,SAINBAYAR Jambaljamts,rider/jambaljamts-sainbayar
2026-03-27T02:31:05.288971Z,Ronde van Limburg,ADDED,HOUCOU Emmanuel,rider/emmanuel-houcou
2026-03-27T02:31:05.288971Z,Ronde van Limburg,ADDED,SKUJIŅŠ Toms,rider/toms-skujins
2026-03-27T02:31:05.288971Z,Brabantse Pijl,ADDED,DOCKX Aaron,rider/aaron-dockx
2026-03-27T02:31:05.288971Z,Scheldeprijs,ADDED,KOLZE CHANGIZI Sebastian,rider/sebastian-kolze-changizi
2026-03-27T02:31:05.288971Z,Amstel Gold Race,ADDED,HIGUITA Sergio,rider/sergio-higuita
2026-03-27T02:31:05.288971Z,Amstel Gold Race,REMOVED,OTRUBA Jakub,rider/jakub-otruba
2026-03-27T02:31:05.288971Z,Scheldeprijs,ADDED,VAN DER WERFF Thom,rider/thom-van-der-werff
2026-03-27T02:31:05.288971Z,Brabantse Pijl,ADDED,BAUDIN Alex,rider/alex-baudin
2026-03-27T02:31:05.288971Z,Ronde van Limburg,ADDED,PERSICO Davide,rider/davide-persico
2026-03-27T02:31:05.288971Z,Amstel Gold Race,ADDED,WILKSCH Hannes,rider/hannes-wilksch
2026-03-27T02:31:05.288971Z,Amstel Gold Race,ADDED,WEISS Fabian,rider/fabian-weiss
2026-03-27T02:31:05.288971Z,Scheldeprijs,ADDED,VAN REES Christiaan,rider/christiaan-van-rees
2026-03-27T02:31:05.288971Z,Ronde van Limburg,ADDED,RAMON Omer,rider/omer-ramon
2026-03-27T02:31:05.288971Z,Scheldeprijs,ADDED,KLUCKERS Arthur,rider/arthur-kluckers
2026-03-27T02:31:05.288971Z,Amstel Gold Race,ADDED,BOU Joan,rider/joan-bou
2026-03-27T02:31:05.288971Z,Scheldeprijs,ADDED,GEENS Jonas,rider/jonas-geens
2026-03-27T02:31:05.288971Z,Luik-Bastenaken-Luik,ADDED,SCHACHMANN Maximilian,rider/maximilian-schachmann
2026-03-27T02:31:05.288971Z,Amstel Gold Race,ADDED,SCHACHMANN Maximilian,rider/maximilian-schachmann
2026-03-27T02:31:05.288971Z,Waalse Pijl,ADDED,SCHACHMANN Maximilian,rider/maximilian-schachmann
2026-03-27T02:31:05.288971Z,Scheldeprijs,ADDED,BURNETT Josh,rider/josh-burnett
2026-03-27T02:31:05.288971Z,Ronde van Limburg,ADDED,SVRČEK Martin,rider/martin-svrcek
2026-03-27T02:31:05.288971Z,Ronde van Limburg,ADDED,SÉNÉCHAL Florian,rider/florian-senechal
2026-03-27T02:31:05.288971Z,Ronde van Limburg,ADDED,CRABBE Tom,rider/tom-crabbe
2026-03-27T02:31:05.288971Z,Amstel Gold Race,ADDED,WATSON Samuel,rider/samuel-watson
2026-03-27T02:31:05.288971Z,Scheldeprijs,ADDED,WRIGHT Fred,rider/alfred-wright
2026-03-27T02:31:05.288971Z,Brabantse Pijl,ADDED,RYAN Archie,rider/archie-ryan
2026-03-27T02:31:05.288971Z,Ronde van Limburg,ADDED,VANGHELUWE Warre,rider/warre-vangheluwe
2026-03-27T02:31:05.288971Z,Scheldeprijs,ADDED,VANGHELUWE Warre,rider/warre-vangheluwe
2026-03-27T02:31:05.288971Z,Ronde van Limburg,ADDED,DURBRIDGE Luke,rider/luke-durbridge
2026-03-27T02:31:05.288971Z,Amstel Gold Race,ADDED,CONCI Nicola,rider/nicola-conci
2026-03-27T02:31:05.288971Z,Ronde van Limburg,ADDED,THIJSSEN Gerben,rider/gerben-thijssen
2026-03-27T02:31:05.288971Z,Scheldeprijs,ADDED,BOULAHOITE Rayan,rider/rayan-boulahoite
2026-03-27T02:31:05.288971Z,Ronde van Limburg,ADDED,HUYSMANS Nolan,rider/nolan-huysmans
2026-03-27T02:31:05.288971Z,Ronde van Limburg,ADDED,BARCELÓ Fernando,rider/fernando-barcelo
2026-03-27T02:31:05.288971Z,Brabantse Pijl,ADDED,BARCELÓ Fernando,rider/fernando-barcelo
2026-03-27T02:31:05.288971Z,Amstel Gold Race,ADDED,BARCELÓ Fernando,rider/fernando-barcelo
2026-03-27T02:31:05.288971Z,Brabantse Pijl,ADDED,VALTER Attila,rider/attila-valter
2026-03-27T02:31:05.288971Z,Amstel Gold Race,ADDED,VALTER Attila,rider/attila-valter
2026-03-27T02:31:05.288971Z,Ronde van Limburg,ADDED,OLIVER Ben,rider/ben-oliver
2026-03-27T02:31:05.288971Z,Scheldeprijs,ADDED,OLIVER Ben,rider/ben-oliver
2026-03-27T02:31:05.288971Z,Scheldeprijs,ADDED,EINHORN Itamar,rider/itamar-einhorn
2026-03-27T02:31:05.288971Z,Amstel Gold Race,ADDED,SHEFFIELD Magnus,rider/magnus-sheffield
2026-03-27T02:31:05.288971Z,Scheldeprijs,ADDED,BALMER Alexandre,rider/alexandre-balmer
2026-03-27T02:31:05.288971Z,Ronde van Limburg,ADDED,DE LA CALLE Hugo,rider/hugo-de-la-calle-arango
2026-03-27T02:31:05.288971Z,Scheldeprijs,ADDED,DE LA CALLE Hugo,rider/hugo-de-la-calle-arango
2026-03-27T02:31:05.288971Z,Brabantse Pijl,ADDED,DE LA CALLE Hugo,rider/hugo-de-la-calle-arango
2026-03-27T02:31:05.288971Z,Ronde van Limburg,ADDED,DE DOBBELAERE Born,rider/born-de-dobbelaere
2026-03-27T02:31:05.288971Z,Amstel Gold Race,ADDED,SWIFT Connor,rider/connor-swift
2026-03-27T02:31:05.288971Z,Brabantse Pijl,ADDED,BLACKMORE Joseph,rider/joseph-blackmore
2026-03-27T02:31:05.288971Z,Ronde van Limburg,ADDED,DUNWOODY Seth,rider/seth-dunwoody
2026-03-27T02:31:05.288971Z,Scheldeprijs,ADDED,MOSCHETTI Matteo,rider/matteo-moschetti
2026-03-27T02:31:05.288971Z,Brabantse Pijl,ADDED,GILMORE Brady,rider/brady-gilmore
2026-03-27T02:31:05.288971Z,Amstel Gold Race,ADDED,GILMORE Brady,rider/brady-gilmore
2026-03-27T02:31:05.288971Z,Brabantse Pijl,ADDED,RETAILLEAU Valentin,rider/valentin-retailleau
2026-03-27T02:31:05.288971Z,Amstel Gold Race,ADDED,RETAILLEAU Valentin,rider/valentin-retailleau
2026-03-27T02:31:05.288971Z,Amstel Gold Race,ADDED,FLYNN Sean,rider/sean-flynn
2026-03-27T02:31:05.288971Z,Ronde van Limburg,ADDED,BABOVICH Mikita,rider/mikita-babovich
2026-03-27T02:31:05.288971Z,Amstel Gold Race,ADDED,SERRANO Gonzalo,rider/gonzalo-serrano
2026-03-27T02:31:05.288971Z,Scheldeprijs,ADDED,GAZZOLI Michele,rider/michele-gazzoli
2026-03-27T02:31:05.288971Z,Ronde van Limburg,ADDED,PIRINEN Miko,rider/miko-pirinen
2026-03-27T02:31:05.288971Z,Ronde van Limburg,ADDED,REMIJN Senna,rider/senna-remijn
2026-03-27T02:31:05.288971Z,Brabantse Pijl,ADDED,REMIJN Senna,rider/senna-remijn
2026-03-27T02:31:05.288971Z,Amstel Gold Race,ADDED,REMIJN Senna,rider/senna-remijn
2026-03-27T02:31:05.288971Z,Scheldeprijs,ADDED,MCKENZIE Hamish,rider/hamish-mckenzie
2026-03-27T02:31:05.288971Z,Ronde van Limburg,ADDED,BENNETT Sam,rider/sam-bennett
2026-03-27T02:31:05.288971Z,Ronde van Limburg,ADDED,PEÁK Barnabás,rider/barnabas-peak
2026-03-27T02:31:05.288971Z,Scheldeprijs,ADDED,GIDDINGS Joshua,rider/joshua-giddings
2026-03-27T02:31:05.288971Z,Brabantse Pijl,ADDED,HERREGODTS Rune,rider/rune-herregodts
2026-03-27T02:31:05.288971Z,Scheldeprijs,ADDED,RAJOVIĆ Dušan,rider/dusan-rajovic
2026-03-27T02:31:05.288971Z,Amstel Gold Race,REMOVED,LAURANCE Axel,rider/axel-laurance
2026-03-27T02:31:05.288971Z,Brabantse Pijl,ADDED,GENIETS Kevin,rider/kevin-geniets
2026-03-27T02:31:05.288971Z,Amstel Gold Race,ADDED,GENIETS Kevin,rider/kevin-geniets
2026-03-27T02:31:05.288971Z,Amstel Gold Race,ADDED,PEACE Oliver,rider/oliver-peace
2026-03-27T02:31:05.288971Z,Scheldeprijs,ADDED,VAN PETEGEM Axandre,rider/axandre-van-petegem
2026-03-27T02:31:05.288971Z,Brabantse Pijl,ADDED,VAN PETEGEM Axandre,rider/axandre-van-petegem
2026-03-27T02:31:05.288971Z,Dwars door Vlaanderen,REMOVED,DE JONG Timo,rider/timo-de-jong
2026-03-27T02:31:05.288971Z,Ronde van Vlaanderen,REMOVED,DE JONG Timo,rider/timo-de-jong
2026-03-27T02:31:05.288971Z,Brabantse Pijl,ADDED,AZPARREN Xabier Mikel,rider/xabier-mikel-azparren-irurzun
2026-03-27T02:31:05.288971Z,Amstel Gold Race,ADDED,AZPARREN Xabier Mikel,rider/xabier-mikel-azparren-irurzun
2026-03-27T02:31:05.288971Z,Ronde van Limburg,ADDED,TAMINIAUX Lionel,rider/lionel-taminiaux
2026-03-27T02:31:05.288971Z,Scheldeprijs,ADDED,TAMINIAUX Lionel,rider/lionel-taminiaux
2026-03-27T02:31:05.288971Z,Ronde van Limburg,ADDED,MAŁECKI Kamil,rider/kamil-malecki
2026-03-27T02:31:05.288971Z,Scheldeprijs,ADDED,MAŁECKI Kamil,rider/kamil-malecki
2026-03-27T02:31:05.288971Z,Ronde van Limburg,ADDED,VERLEYSEN Thor,rider/thor-verleysen
2026-03-27T02:31:05.288971Z,Ronde van Limburg,ADDED,BAGATIN Christian,rider/christian-bagatin
2026-03-27T02:31:05.288971Z,Ronde van Limburg,ADDED,MCDONALD Brody,rider/brody-mcdonald
2026-03-27T02:31:05.288971Z,Scheldeprijs,ADDED,JEANNIÈRE Emilien,rider/emilien-jeanniere
2026-03-27T13:09:48.634178Z,In Flanders Fields,REMOVED,BJERG Mikkel,rider/mikkel-bjerg
2026-03-27T13:09:48.634178Z,In Flanders Fields,ADDED,LAENGEN Vegard Stake,rider/vegard-stake-laengen
2026-03-27T13:09:48.634178Z,In Flanders Fields,ADDED,MEZGEC Luka,rider/luka-mezgec
2026-03-27T13:09:48.634178Z,In Flanders Fields,ADDED,TORRES Albert,rider/albert-torres
2026-03-27T13:09:48.634178Z,In Flanders Fields,REMOVED,BAUHAUS Phil,rider/phil-bauhaus
2026-03-27T13:09:48.634178Z,In Flanders Fields,ADDED,TRATNIK Jan,rider/jan-tratnik
2026-03-27T13:09:48.634178Z,In Flanders Fields,ADDED,MIQUEL Pau,rider/pau-miquel-delgado
2026-03-27T13:09:48.634178Z,In Flanders Fields,ADDED,STOCKWELL Oliver,rider/oliver-stockwell
2026-03-27T13:09:48.634178Z,In Flanders Fields,ADDED,AUGÉ Ronan,rider/ronan-auge
2026-03-27T13:09:48.634178Z,In Flanders Fields,REMOVED,MADOUAS Valentin,rider/valentin-madouas
2026-03-27T13:09:48.634178Z,In Flanders Fields,ADDED,SÜTTERLIN Jasha,rider/jasha-sutterlin
2026-03-27T13:09:48.634178Z,Amstel Gold Race,ADDED,FOSS Tobias,rider/tobias-foss
2026-03-27T13:09:48.634178Z,In Flanders Fields,REMOVED,DE POOTER Dries,rider/dries-de-pooter
2026-03-27T13:09:48.634178Z,In Flanders Fields,ADDED,LIENHARD Fabian,rider/fabian-lienhard
2026-03-27T13:09:48.634178Z,In Flanders Fields,ADDED,FOLDAGER Anders,rider/anders-foldager
2026-03-27T13:09:48.634178Z,In Flanders Fields,ADDED,VERVENNE Jonathan,rider/jonathan-vervenne
2026-03-27T13:09:48.634178Z,In Flanders Fields,ADDED,O'BRIEN Kelland,rider/kelland-brien
2026-03-27T13:09:48.634178Z,In Flanders Fields,REMOVED,MARIT Arne,rider/arne-marit
2026-03-27T13:09:48.634178Z,In Flanders Fields,REMOVED,STOCKMAN Abram,rider/abram-stockman
2026-03-27T13:09:48.634178Z,In Flanders Fields,ADDED,VAN DEN BOSSCHE Fabio,rider/fabio-van-den-bossche
2026-03-27T13:09:48.634178Z,In Flanders Fields,ADDED,MARSMAN Tim,rider/tim-marsman
2026-03-27T13:09:48.634178Z,In Flanders Fields,ADDED,GIAIMI Luca,rider/luca-giaimi
2026-03-27T13:09:48.634178Z,In Flanders Fields,REMOVED,MORGADO António,rider/antonio-morgado
2026-03-27T13:09:48.634178Z,In Flanders Fields,REMOVED,MAŁECKI Kamil,rider/kamil-malecki
2026-03-27T13:09:48.634178Z,In Flanders Fields,REMOVED,KRIJNSEN Jelte,rider/jelte-krijnsen
2026-03-27T13:09:48.634178Z,In Flanders Fields,REMOVED,BASTIAENS Ayco,rider/ayco-bastiaens
2026-03-27T13:09:48.634178Z,Dwars door Vlaanderen,REMOVED,DEBEAUMARCHÉ Nicolas,rider/nicolas-debeaumarche
2026-03-27T13:09:48.634178Z,Dwars door Vlaanderen,ADDED,TEUNS Dylan,rider/dylan-teuns
2026-03-27T13:09:48.634178Z,In Flanders Fields,REMOVED,DURBRIDGE Luke,rider/luke-durbridge
2026-03-27T13:09:48.634178Z,Dwars door Vlaanderen,ADDED,FRETIN Milan,rider/milan-fretin
2026-03-27T13:09:48.634178Z,In Flanders Fields,REMOVED,DE BUYST Jasper,rider/jasper-de-buyst
2026-03-27T13:09:48.634178Z,In Flanders Fields,REMOVED,THORNLEY Callum,rider/callum-thornley
2026-03-27T13:09:48.634178Z,In Flanders Fields,REMOVED,MAYRHOFER Marius,rider/marius-mayrhofer
2026-03-27T13:09:48.634178Z,In Flanders Fields,REMOVED,MIKUTIS Aivaras,rider/aivaras-mikutis
2026-03-27T13:09:48.634178Z,In Flanders Fields,ADDED,SKERL Daniel,rider/daniel-skerl
2026-03-27T13:09:48.634178Z,In Flanders Fields,REMOVED,VAN MECHELEN Vlad,rider/vlad-van-mechelen
2026-03-27T13:09:48.634178Z,In Flanders Fields,ADDED,PARISINI Nicolò,rider/nicolo-parisini
2026-03-27T13:09:48.634178Z,In Flanders Fields,REMOVED,BONNET Thomas,rider/thomas-bonnet
2026-03-27T13:09:48.634178Z,In Flanders Fields,REMOVED,MORO Manlio,rider/manlio-moro
2026-03-27T13:09:48.634178Z,In Flanders Fields,REMOVED,GROVES Kaden,rider/kaden-groves
2026-03-27T13:09:48.634178Z,In Flanders Fields,REMOVED,SHEFFIELD Magnus,rider/magnus-sheffield
2026-03-27T13:09:48.634178Z,In Flanders Fields,ADDED,KLUCKERS Arthur,rider/arthur-kluckers
2026-03-27T13:09:48.634178Z,In Flanders Fields,REMOVED,BALLERSTEDT Maurice,rider/maurice-ballerstedt
2026-03-28T07:04:41.019698Z,Brabantse Pijl,REMOVED,KROONEN Max,rider/max-kroonen
2026-03-28T07:04:41.019698Z,Samyn Classic,REMOVED,KROONEN Max,rider/max-kroonen
2026-03-28T07:04:41.019698Z,Scheldeprijs,REMOVED,KROONEN Max,rider/max-kroonen
2026-03-28T07:04:41.019698Z,Bredene Koksijde Classic,REMOVED,KROONEN Max,rider/max-kroonen
2026-03-28T07:04:41.019698Z,Brabantse Pijl,REMOVED,VAN PETEGEM Axandre,rider/axandre-van-petegem
2026-03-28T07:04:41.019698Z,Samyn Classic,REMOVED,VAN PETEGEM Axandre,rider/axandre-van-petegem
2026-03-28T07:04:41.019698Z,Scheldeprijs,REMOVED,VAN PETEGEM Axandre,rider/axandre-van-petegem
2026-03-28T07:04:41.019698Z,Ronde van Vlaanderen,REMOVED,SCHMID Mauro,rider/mauro-schmid
2026-03-28T07:04:41.019698Z,Luik-Bastenaken-Luik,REMOVED,SCHMID Mauro,rider/mauro-schmid
2026-03-28T07:04:41.019698Z,Amstel Gold Race,REMOVED,SCHMID Mauro,rider/mauro-schmid
2026-03-28T07:04:41.019698Z,Brabantse Pijl,REMOVED,SCHMID Mauro,rider/mauro-schmid
2026-03-28T07:04:41.019698Z,Waalse Pijl,REMOVED,SCHMID Mauro,rider/mauro-schmid
2026-03-28T07:04:41.019698Z,Milaan-Sanremo,REMOVED,SCHMID Mauro,rider/mauro-schmid
2026-03-28T07:04:41.019698Z,Strade Bianche,REMOVED,BENITO Adrián,rider/adrian-benito-gonzalez
2026-03-28T07:04:41.019698Z,Ronde van Vlaanderen,REMOVED,RASENBERG Martijn,rider/martijn-rasenberg
2026-03-28T07:04:41.019698Z,Scheldeprijs,REMOVED,RASENBERG Martijn,rider/martijn-rasenberg
2026-03-28T07:04:41.019698Z,Nokere Koerse,REMOVED,RASENBERG Martijn,rider/martijn-rasenberg
2026-03-28T07:04:41.019698Z,Omloop Nieuwsblad,REMOVED,RASENBERG Martijn,rider/martijn-rasenberg
2026-03-28T07:04:41.019698Z,Kuurne-Brussel-Kuurne,REMOVED,RASENBERG Martijn,rider/martijn-rasenberg
2026-03-28T07:04:41.019698Z,Bredene Koksijde Classic,REMOVED,RASENBERG Martijn,rider/martijn-rasenberg
2026-03-28T07:04:41.019698Z,Ronde van Vlaanderen,REMOVED,LIVYNS Arjen,rider/arjen-livyns
2026-03-28T07:04:41.019698Z,Nokere Koerse,REMOVED,LIVYNS Arjen,rider/arjen-livyns
2026-03-28T07:04:41.019698Z,Omloop Nieuwsblad,REMOVED,LIVYNS Arjen,rider/arjen-livyns
2026-03-28T07:04:41.019698Z,Bredene Koksijde Classic,REMOVED,LIVYNS Arjen,rider/arjen-livyns
2026-03-28T07:04:41.019698Z,E3 Saxo Classic,REMOVED,LIVYNS Arjen,rider/arjen-livyns
2026-03-28T07:04:41.019698Z,Dwars door Vlaanderen,REMOVED,LIVYNS Arjen,rider/arjen-livyns
2026-03-28T07:04:41.019698Z,Ronde van Brugge,REMOVED,LIVYNS Arjen,rider/arjen-livyns
2026-03-28T07:04:41.019698Z,In Flanders Fields,REMOVED,LIVYNS Arjen,rider/arjen-livyns
2026-03-28T07:04:41.019698Z,Brabantse Pijl,REMOVED,REMIJN Senna,rider/senna-remijn
2026-03-28T07:04:41.019698Z,Amstel Gold Race,REMOVED,REMIJN Senna,rider/senna-remijn
2026-03-28T07:04:41.019698Z,Ronde van Limburg,REMOVED,REMIJN Senna,rider/senna-remijn
2026-03-28T07:04:41.019698Z,Omloop Nieuwsblad,REMOVED,KÜNG Stefan,rider/stefan-kung
2026-03-28T07:04:41.019698Z,Strade Bianche,REMOVED,SILVA Guillermo Thomas,rider/guillermo-thomas-silva-coussan
2026-03-28T07:04:41.019698Z,Milaan-Sanremo,REMOVED,SILVA Guillermo Thomas,rider/guillermo-thomas-silva-coussan
2026-03-28T07:04:41.019698Z,Brabantse Pijl,REMOVED,MOLENAAR Alex,rider/alex-molenaar
2026-03-28T07:04:41.019698Z,Luik-Bastenaken-Luik,REMOVED,MOLENAAR Alex,rider/alex-molenaar
2026-03-28T07:04:41.019698Z,Amstel Gold Race,REMOVED,MOLENAAR Alex,rider/alex-molenaar
2026-03-28T07:04:41.019698Z,Ronde van Limburg,REMOVED,MOLENAAR Alex,rider/alex-molenaar
2026-03-28T07:04:41.019698Z,Kuurne-Brussel-Kuurne,REMOVED,BARTHE Cyril,rider/cyril-barthe
2026-03-28T07:04:41.019698Z,Nokere Koerse,REMOVED,BARTHE Cyril,rider/cyril-barthe
2026-03-28T07:04:41.019698Z,Omloop Nieuwsblad,REMOVED,BARTHE Cyril,rider/cyril-barthe
2026-03-28T07:04:41.019698Z,Ronde van Brugge,REMOVED,BARTHE Cyril,rider/cyril-barthe
2026-03-28T07:04:41.019698Z,Samyn Classic,REMOVED,BARTHE Cyril,rider/cyril-barthe
2026-03-28T07:04:41.019698Z,In Flanders Fields,REMOVED,BARTHE Cyril,rider/cyril-barthe
2026-03-28T07:04:41.019698Z,Bredene Koksijde Classic,REMOVED,BARTHE Cyril,rider/cyril-barthe
2026-03-28T07:04:41.019698Z,Ronde van Brugge,REMOVED,NABERMAN Tim,rider/tim-naberman
2026-03-28T07:04:41.019698Z,Kuurne-Brussel-Kuurne,REMOVED,NABERMAN Tim,rider/tim-naberman
2026-03-28T07:04:41.019698Z,In Flanders Fields,REMOVED,NABERMAN Tim,rider/tim-naberman
2026-03-28T07:04:41.019698Z,Scheldeprijs,REMOVED,GRANGER Ben,rider/ben-granger
2026-03-28T07:04:41.019698Z,Strade Bianche,REMOVED,GRANGER Ben,rider/ben-granger
2026-03-28T07:04:41.019698Z,Ronde van Vlaanderen,REMOVED,TRATNIK Jan,rider/jan-tratnik
2026-03-28T07:04:41.019698Z,Dwars door Vlaanderen,REMOVED,TRATNIK Jan,rider/jan-tratnik
2026-03-28T07:04:41.019698Z,Luik-Bastenaken-Luik,REMOVED,TRATNIK Jan,rider/jan-tratnik
2026-03-28T07:04:41.019698Z,Amstel Gold Race,REMOVED,TRATNIK Jan,rider/jan-tratnik
2026-03-28T07:04:41.019698Z,In Flanders Fields,REMOVED,TRATNIK Jan,rider/jan-tratnik
2026-03-28T07:04:41.019698Z,E3 Saxo Classic,REMOVED,TRATNIK Jan,rider/jan-tratnik
2026-03-28T07:04:41.019698Z,Dwars door Vlaanderen,REMOVED,RAISBERG Nadav,rider/nadav-raisberg
2026-03-28T07:04:41.019698Z,Nokere Koerse,REMOVED,RAISBERG Nadav,rider/nadav-raisberg
2026-03-28T07:04:41.019698Z,Ronde van Brugge,REMOVED,RAISBERG Nadav,rider/nadav-raisberg
2026-03-28T07:04:41.019698Z,Bredene Koksijde Classic,REMOVED,RAISBERG Nadav,rider/nadav-raisberg
2026-03-28T07:04:41.019698Z,E3 Saxo Classic,REMOVED,RAISBERG Nadav,rider/nadav-raisberg
2026-03-28T07:04:41.019698Z,Ronde van Vlaanderen,REMOVED,LEROUX Samuel,rider/samuel-leroux
2026-03-28T07:04:41.019698Z,Omloop Nieuwsblad,REMOVED,LEROUX Samuel,rider/samuel-leroux
2026-03-28T07:04:41.019698Z,Parijs-Roubaix,REMOVED,LEROUX Samuel,rider/samuel-leroux
2026-03-28T07:04:41.019698Z,Bredene Koksijde Classic,REMOVED,LEROUX Samuel,rider/samuel-leroux
2026-03-28T07:04:41.019698Z,Dwars door Vlaanderen,REMOVED,LEROUX Samuel,rider/samuel-leroux
2026-03-28T07:04:41.019698Z,Scheldeprijs,REMOVED,LEROUX Samuel,rider/samuel-leroux
2026-03-28T07:04:41.019698Z,Ronde van Brugge,REMOVED,LEROUX Samuel,rider/samuel-leroux
2026-03-28T07:04:41.019698Z,Kuurne-Brussel-Kuurne,REMOVED,LEROUX Samuel,rider/samuel-leroux
2026-03-28T07:04:41.019698Z,In Flanders Fields,REMOVED,LEROUX Samuel,rider/samuel-leroux
2026-03-28T07:04:41.019698Z,Ronde van Brugge,REMOVED,BLIKRA Erlend,rider/erlend-blikra
2026-03-28T07:04:41.019698Z,Nokere Koerse,REMOVED,BLIKRA Erlend,rider/erlend-blikra
2026-03-28T07:04:41.019698Z,Bredene Koksijde Classic,REMOVED,BLIKRA Erlend,rider/erlend-blikra
2026-03-28T07:04:41.019698Z,Samyn Classic,REMOVED,MCKAY James,rider/james-mckay
2026-03-28T07:04:41.019698Z,Brabantse Pijl,REMOVED,ARNDT Nikias,rider/nikias-arndt
2026-03-28T07:04:41.019698Z,Amstel Gold Race,REMOVED,ARNDT Nikias,rider/nikias-arndt
2026-03-28T07:04:41.019698Z,Samyn Classic,REMOVED,VERBRUGGHE Jens,rider/jens-verbrugghe
2026-03-28T07:04:41.019698Z,Nokere Koerse,REMOVED,VERBRUGGHE Jens,rider/jens-verbrugghe
2026-03-28T07:04:41.019698Z,Ronde van Limburg,REMOVED,VERBRUGGHE Jens,rider/jens-verbrugghe
2026-03-28T07:04:41.019698Z,Scheldeprijs,REMOVED,VERBRUGGHE Jens,rider/jens-verbrugghe
2026-03-28T07:04:41.019698Z,Scheldeprijs,REMOVED,VAN DE WYNKELE Lorenz,rider/lorenz-van-de-wynkele
2026-03-28T07:04:41.019698Z,Milaan-Sanremo,REMOVED,SMITH Dion,rider/dion-smith
2026-03-28T07:04:41.019698Z,Brabantse Pijl,REMOVED,BURGAUDEAU Mathieu,rider/mathieu-burgaudeau
2026-03-28T07:04:41.019698Z,Samyn Classic,REMOVED,NOIRHOMME Arnaud,rider/arnaud-noirhomme
2026-03-28T07:04:41.019698Z,Kuurne-Brussel-Kuurne,REMOVED,MAAS Jan,rider/jan-maas
2026-03-28T07:04:41.019698Z,Nokere Koerse,REMOVED,MAAS Jan,rider/jan-maas
2026-03-28T07:04:41.019698Z,Amstel Gold Race,REMOVED,MAAS Jan,rider/jan-maas
2026-03-28T07:04:41.019698Z,Ronde van Brugge,REMOVED,MAAS Jan,rider/jan-maas
2026-03-28T07:04:41.019698Z,Samyn Classic,REMOVED,MAAS Jan,rider/jan-maas
2026-03-28T07:04:41.019698Z,Bredene Koksijde Classic,REMOVED,MAAS Jan,rider/jan-maas
2026-03-28T07:04:41.019698Z,Ronde van Limburg,REMOVED,BABOVICH Mikita,rider/mikita-babovich
2026-03-28T07:04:41.019698Z,Brabantse Pijl,REMOVED,URIANSTAD BUGGE Martin,rider/martin-urianstad
2026-03-28T07:04:41.019698Z,Nokere Koerse,REMOVED,URIANSTAD BUGGE Martin,rider/martin-urianstad
2026-03-28T07:04:41.019698Z,Bredene Koksijde Classic,REMOVED,URIANSTAD BUGGE Martin,rider/martin-urianstad
2026-03-28T07:04:41.019698Z,Dwars door Vlaanderen,REMOVED,GANNA Filippo,rider/filippo-ganna
2026-03-28T07:04:41.019698Z,Parijs-Roubaix,REMOVED,GANNA Filippo,rider/filippo-ganna
2026-03-28T07:04:41.019698Z,In Flanders Fields,REMOVED,GANNA Filippo,rider/filippo-ganna
2026-03-28T07:04:41.019698Z,Milaan-Sanremo,REMOVED,GANNA Filippo,rider/filippo-ganna
2026-03-28T07:04:41.019698Z,Ronde van Vlaanderen,REMOVED,MULLEN Ryan,rider/ryan-mullen
2026-03-28T07:04:41.019698Z,Omloop Nieuwsblad,REMOVED,MULLEN Ryan,rider/ryan-mullen
2026-03-28T07:04:41.019698Z,Ronde van Brugge,REMOVED,MULLEN Ryan,rider/ryan-mullen
2026-03-28T07:04:41.019698Z,Kuurne-Brussel-Kuurne,REMOVED,MULLEN Ryan,rider/ryan-mullen
2026-03-28T07:04:41.019698Z,In Flanders Fields,REMOVED,MULLEN Ryan,rider/ryan-mullen
2026-03-28T07:04:41.019698Z,Ronde van Brugge,REMOVED,HAMILTON Lucas,rider/lucas-hamilton
2026-03-28T07:04:41.019698Z,Strade Bianche,REMOVED,HAMILTON Lucas,rider/lucas-hamilton
2026-03-28T07:04:41.019698Z,Nokere Koerse,REMOVED,THIJSSEN Gerben,rider/gerben-thijssen
2026-03-28T07:04:41.019698Z,Ronde van Limburg,REMOVED,THIJSSEN Gerben,rider/gerben-thijssen
2026-03-28T07:04:41.019698Z,Ronde van Brugge,REMOVED,THIJSSEN Gerben,rider/gerben-thijssen
2026-03-28T07:04:41.019698Z,Samyn Classic,REMOVED,THIJSSEN Gerben,rider/gerben-thijssen
2026-03-28T07:04:41.019698Z,Bredene Koksijde Classic,REMOVED,THIJSSEN Gerben,rider/gerben-thijssen
2026-03-28T07:04:41.019698Z,Samyn Classic,REMOVED,AVOINE Kévin,rider/kevin-avoine
2026-03-28T07:04:41.019698Z,Brabantse Pijl,REMOVED,DVERSNES LAVIK Fredrik,rider/fredrik-dversnes
2026-03-28T07:04:41.019698Z,Strade Bianche,REMOVED,DVERSNES LAVIK Fredrik,rider/fredrik-dversnes
2026-03-28T07:04:41.019698Z,Brabantse Pijl,REMOVED,KILLY Jonah,rider/jonah-killy
2026-03-28T07:04:41.019698Z,Nokere Koerse,REMOVED,KILLY Jonah,rider/jonah-killy
2026-03-28T07:04:41.019698Z,Bredene Koksijde Classic,REMOVED,KILLY Jonah,rider/jonah-killy
2026-03-28T07:04:41.019698Z,Ronde van Limburg,REMOVED,KILLY Jonah,rider/jonah-killy
2026-03-28T07:04:41.019698Z,Milaan-Sanremo,REMOVED,LOZANO David,rider/david-lozano
2026-03-28T07:04:41.019698Z,Ronde van Vlaanderen,REMOVED,GACHIGNARD Thomas,rider/thomas-gachignard
2026-03-28T07:04:41.019698Z,Omloop Nieuwsblad,REMOVED,GACHIGNARD Thomas,rider/thomas-gachignard
2026-03-28T07:04:41.019698Z,Amstel Gold Race,REMOVED,GACHIGNARD Thomas,rider/thomas-gachignard
2026-03-28T07:04:41.019698Z,Samyn Classic,REMOVED,GACHIGNARD Thomas,rider/thomas-gachignard
2026-03-28T07:04:41.019698Z,Bredene Koksijde Classic,REMOVED,GACHIGNARD Thomas,rider/thomas-gachignard
2026-03-28T07:04:41.019698Z,E3 Saxo Classic,REMOVED,GACHIGNARD Thomas,rider/thomas-gachignard
2026-03-28T07:04:41.019698Z,Dwars door Vlaanderen,REMOVED,GACHIGNARD Thomas,rider/thomas-gachignard
2026-03-28T07:04:41.019698Z,In Flanders Fields,REMOVED,GACHIGNARD Thomas,rider/thomas-gachignard
2026-03-28T07:04:41.019698Z,Ronde van Vlaanderen,REMOVED,VANDENSTORME Dylan,rider/dylan-vandenstorme
2026-03-28T07:04:41.019698Z,Nokere Koerse,REMOVED,VANDENSTORME Dylan,rider/dylan-vandenstorme
2026-03-28T07:04:41.019698Z,Omloop Nieuwsblad,REMOVED,VANDENSTORME Dylan,rider/dylan-vandenstorme
2026-03-28T07:04:41.019698Z,Brabantse Pijl,REMOVED,VANDENSTORME Dylan,rider/dylan-vandenstorme
2026-03-28T07:04:41.019698Z,E3 Saxo Classic,REMOVED,VANDENSTORME Dylan,rider/dylan-vandenstorme
2026-03-28T07:04:41.019698Z,Nokere Koerse,REMOVED,LEITÃO Iúri,rider/iuri-leitao
2026-03-28T07:04:41.019698Z,Bredene Koksijde Classic,REMOVED,LEITÃO Iúri,rider/iuri-leitao
2026-03-28T07:04:41.019698Z,Ronde van Limburg,REMOVED,PERSICO Davide,rider/davide-persico
2026-03-28T07:04:41.019698Z,Strade Bianche,REMOVED,TOLIO Alex,rider/alex-tolio
2026-03-28T07:04:41.019698Z,Scheldeprijs,REMOVED,COPPENS Michiel,rider/michiel-coppens
2026-03-28T07:04:41.019698Z,Ronde van Limburg,REMOVED,COPPENS Michiel,rider/michiel-coppens
2026-03-28T07:04:41.019698Z,Brabantse Pijl,REMOVED,COPPENS Michiel,rider/michiel-coppens
2026-03-28T07:04:41.019698Z,Samyn Classic,REMOVED,COPPENS Michiel,rider/michiel-coppens
2026-03-28T07:04:41.019698Z,Bredene Koksijde Classic,REMOVED,COPPENS Michiel,rider/michiel-coppens
2026-03-28T07:04:41.019698Z,Ronde van Vlaanderen,REMOVED,REINDERINK Pepijn,rider/pepijn-reinderink
2026-03-28T07:04:41.019698Z,Dwars door Vlaanderen,REMOVED,REINDERINK Pepijn,rider/pepijn-reinderink
2026-03-28T07:04:41.019698Z,Milaan-Sanremo,REMOVED,REINDERINK Pepijn,rider/pepijn-reinderink
2026-03-28T07:04:41.019698Z,Omloop Nieuwsblad,REMOVED,REINDERINK Pepijn,rider/pepijn-reinderink
2026-03-28T07:04:41.019698Z,Strade Bianche,REMOVED,REINDERINK Pepijn,rider/pepijn-reinderink
2026-03-28T07:04:41.019698Z,E3 Saxo Classic,REMOVED,REINDERINK Pepijn,rider/pepijn-reinderink
2026-03-28T07:04:41.019698Z,Strade Bianche,REMOVED,DONNENWIRTH Tom,rider/tom-donnenwirth
2026-03-28T07:04:41.019698Z,Strade Bianche,REMOVED,ZWIEHOFF Ben,rider/ben-zwiehoff
2026-03-28T07:04:41.019698Z,Ronde van Vlaanderen,REMOVED,SUNEKÆR NORSGAARD Mathias,rider/mathias-norsgaard
2026-03-28T07:04:41.019698Z,Ronde van Limburg,REMOVED,SUNEKÆR NORSGAARD Mathias,rider/mathias-norsgaard
2026-03-28T07:04:41.019698Z,Parijs-Roubaix,REMOVED,SUNEKÆR NORSGAARD Mathias,rider/mathias-norsgaard
2026-03-28T07:04:41.019698Z,E3 Saxo Classic,REMOVED,SUNEKÆR NORSGAARD Mathias,rider/mathias-norsgaard
2026-03-28T07:04:41.019698Z,Dwars door Vlaanderen,REMOVED,SUNEKÆR NORSGAARD Mathias,rider/mathias-norsgaard
2026-03-28T07:04:41.019698Z,Scheldeprijs,REMOVED,SUNEKÆR NORSGAARD Mathias,rider/mathias-norsgaard
2026-03-28T07:04:41.019698Z,Ronde van Brugge,REMOVED,SUNEKÆR NORSGAARD Mathias,rider/mathias-norsgaard
2026-03-28T07:04:41.019698Z,Kuurne-Brussel-Kuurne,REMOVED,SUNEKÆR NORSGAARD Mathias,rider/mathias-norsgaard
2026-03-28T07:04:41.019698Z,In Flanders Fields,REMOVED,SUNEKÆR NORSGAARD Mathias,rider/mathias-norsgaard
2026-03-28T07:04:41.019698Z,Milaan-Sanremo,REMOVED,SUNEKÆR NORSGAARD Mathias,rider/mathias-norsgaard
2026-03-28T07:04:41.019698Z,Dwars door Vlaanderen,REMOVED,BLUME LEVY William,rider/william-blume-levy
2026-03-28T07:04:41.019698Z,E3 Saxo Classic,REMOVED,BLUME LEVY William,rider/william-blume-levy
2026-03-28T07:04:41.019698Z,Ronde van Vlaanderen,REMOVED,BLUME LEVY William,rider/william-blume-levy
2026-03-28T07:04:41.019698Z,Milaan-Sanremo,REMOVED,BLUME LEVY William,rider/william-blume-levy
2026-03-28T07:04:41.019698Z,Ronde van Vlaanderen,REMOVED,VERMEERSCH Florian,rider/florian-vermeersch
2026-03-28T07:04:41.019698Z,Omloop Nieuwsblad,REMOVED,VERMEERSCH Florian,rider/florian-vermeersch
2026-03-28T07:04:41.019698Z,Parijs-Roubaix,REMOVED,VERMEERSCH Florian,rider/florian-vermeersch
2026-03-28T07:04:41.019698Z,Strade Bianche,REMOVED,VERMEERSCH Florian,rider/florian-vermeersch
2026-03-28T07:04:41.019698Z,E3 Saxo Classic,REMOVED,VERMEERSCH Florian,rider/florian-vermeersch
2026-03-28T07:04:41.019698Z,Dwars door Vlaanderen,REMOVED,VERMEERSCH Florian,rider/florian-vermeersch
2026-03-28T07:04:41.019698Z,Ronde van Brugge,REMOVED,VERMEERSCH Florian,rider/florian-vermeersch
2026-03-28T07:04:41.019698Z,Kuurne-Brussel-Kuurne,REMOVED,VERMEERSCH Florian,rider/florian-vermeersch
2026-03-28T07:04:41.019698Z,In Flanders Fields,REMOVED,VERMEERSCH Florian,rider/florian-vermeersch
2026-03-28T07:04:41.019698Z,Milaan-Sanremo,REMOVED,VERMEERSCH Florian,rider/florian-vermeersch
2026-03-28T07:04:41.019698Z,Ronde van Vlaanderen,REMOVED,BRENNAN Matthew,rider/matthew-brennan
2026-03-28T07:04:41.019698Z,Dwars door Vlaanderen,REMOVED,BRENNAN Matthew,rider/matthew-brennan
2026-03-28T07:04:41.019698Z,Omloop Nieuwsblad,REMOVED,BRENNAN Matthew,rider/matthew-brennan
2026-03-28T07:04:41.019698Z,Kuurne-Brussel-Kuurne,REMOVED,BRENNAN Matthew,rider/matthew-brennan
2026-03-28T07:04:41.019698Z,Parijs-Roubaix,REMOVED,BRENNAN Matthew,rider/matthew-brennan
2026-03-28T07:04:41.019698Z,In Flanders Fields,REMOVED,BRENNAN Matthew,rider/matthew-brennan
2026-03-28T07:04:41.019698Z,Ronde van Vlaanderen,REMOVED,BLOEM Joren,rider/joren-bloem2
2026-03-28T07:04:41.019698Z,Dwars door Vlaanderen,REMOVED,BLOEM Joren,rider/joren-bloem2
2026-03-28T07:04:41.019698Z,Nokere Koerse,REMOVED,BLOEM Joren,rider/joren-bloem2
2026-03-28T07:04:41.019698Z,Omloop Nieuwsblad,REMOVED,BLOEM Joren,rider/joren-bloem2
2026-03-28T07:04:41.019698Z,Brabantse Pijl,REMOVED,BLOEM Joren,rider/joren-bloem2
2026-03-28T07:04:41.019698Z,Samyn Classic,REMOVED,BLOEM Joren,rider/joren-bloem2
2026-03-28T07:04:41.019698Z,In Flanders Fields,REMOVED,BLOEM Joren,rider/joren-bloem2
2026-03-28T07:04:41.019698Z,Nokere Koerse,REMOVED,WIGGINS Ben,rider/ben-wiggins
2026-03-28T07:04:41.019698Z,Milaan-Sanremo,REMOVED,GOGL Michael,rider/michael-gogl
2026-03-28T07:04:41.019698Z,Strade Bianche,REMOVED,GOGL Michael,rider/michael-gogl
2026-03-28T07:04:41.019698Z,E3 Saxo Classic,REMOVED,GOGL Michael,rider/michael-gogl
2026-03-28T07:04:41.019698Z,Strade Bianche,REMOVED,VERRE Alessandro,rider/alessandro-verre
2026-03-28T07:04:41.019698Z,Ronde van Vlaanderen,REMOVED,THEUNS Edward,rider/edward-theuns
2026-03-28T07:04:41.019698Z,Omloop Nieuwsblad,REMOVED,THEUNS Edward,rider/edward-theuns
2026-03-28T07:04:41.019698Z,Bredene Koksijde Classic,REMOVED,THEUNS Edward,rider/edward-theuns
2026-03-28T07:04:41.019698Z,E3 Saxo Classic,REMOVED,THEUNS Edward,rider/edward-theuns
2026-03-28T07:04:41.019698Z,Dwars door Vlaanderen,REMOVED,THEUNS Edward,rider/edward-theuns
2026-03-28T07:04:41.019698Z,Scheldeprijs,REMOVED,THEUNS Edward,rider/edward-theuns
2026-03-28T07:04:41.019698Z,Ronde van Brugge,REMOVED,THEUNS Edward,rider/edward-theuns
2026-03-28T07:04:41.019698Z,Kuurne-Brussel-Kuurne,REMOVED,THEUNS Edward,rider/edward-theuns
2026-03-28T07:04:41.019698Z,In Flanders Fields,REMOVED,THEUNS Edward,rider/edward-theuns
2026-03-28T07:04:41.019698Z,Amstel Gold Race,REMOVED,GENIETS Kevin,rider/kevin-geniets
2026-03-28T07:04:41.019698Z,Brabantse Pijl,REMOVED,GENIETS Kevin,rider/kevin-geniets
2026-03-28T07:04:41.019698Z,Strade Bianche,REMOVED,GENIETS Kevin,rider/kevin-geniets
2026-03-28T07:04:41.019698Z,Milaan-Sanremo,REMOVED,GENIETS Kevin,rider/kevin-geniets
2026-03-28T07:04:41.019698Z,Scheldeprijs,REMOVED,MCKENZIE Hamish,rider/hamish-mckenzie
2026-03-28T07:04:41.019698Z,Nokere Koerse,REMOVED,MCKENZIE Hamish,rider/hamish-mckenzie
2026-03-28T07:04:41.019698Z,Bredene Koksijde Classic,REMOVED,MCKENZIE Hamish,rider/hamish-mckenzie
2026-03-28T07:04:41.019698Z,Samyn Classic,REMOVED,JACQUES Lucas,rider/lucas-jacques
2026-03-28T07:04:41.019698Z,Strade Bianche,REMOVED,CATTANEO Mattia,rider/mattia-cattaneo
2026-03-28T07:04:41.019698Z,Milaan-Sanremo,REMOVED,CATTANEO Mattia,rider/mattia-cattaneo
2026-03-28T07:04:41.019698Z,Ronde van Vlaanderen,REMOVED,HERREGODTS Rune,rider/rune-herregodts
2026-03-28T07:04:41.019698Z,Dwars door Vlaanderen,REMOVED,HERREGODTS Rune,rider/rune-herregodts
2026-03-28T07:04:41.019698Z,Omloop Nieuwsblad,REMOVED,HERREGODTS Rune,rider/rune-herregodts
2026-03-28T07:04:41.019698Z,Ronde van Brugge,REMOVED,HERREGODTS Rune,rider/rune-herregodts
2026-03-28T07:04:41.019698Z,Brabantse Pijl,REMOVED,HERREGODTS Rune,rider/rune-herregodts
2026-03-28T07:04:41.019698Z,Kuurne-Brussel-Kuurne,REMOVED,HERREGODTS Rune,rider/rune-herregodts
2026-03-28T07:04:41.019698Z,E3 Saxo Classic,REMOVED,HERREGODTS Rune,rider/rune-herregodts
2026-03-28T07:04:41.019698Z,Samyn Classic,REMOVED,NIELSEN Magnus Lorents,rider/magnus-lorents-nielsen
2026-03-28T07:04:41.019698Z,Luik-Bastenaken-Luik,REMOVED,ROLLAND Brieuc,rider/brieuc-rolland
2026-03-28T07:04:41.019698Z,Strade Bianche,REMOVED,ROLLAND Brieuc,rider/brieuc-rolland
2026-03-28T07:04:41.019698Z,Strade Bianche,REMOVED,GLIVAR Gal,rider/gal-glivar
2026-03-28T07:04:41.019698Z,Amstel Gold Race,REMOVED,GLIVAR Gal,rider/gal-glivar
2026-03-28T07:04:41.019698Z,Ronde van Vlaanderen,REMOVED,MADOUAS Valentin,rider/valentin-madouas
2026-03-28T07:04:41.019698Z,Dwars door Vlaanderen,REMOVED,MADOUAS Valentin,rider/valentin-madouas
2026-03-28T07:04:41.019698Z,Omloop Nieuwsblad,REMOVED,MADOUAS Valentin,rider/valentin-madouas
2026-03-28T07:04:41.019698Z,Brabantse Pijl,REMOVED,MADOUAS Valentin,rider/valentin-madouas
2026-03-28T07:04:41.019698Z,Strade Bianche,REMOVED,MADOUAS Valentin,rider/valentin-madouas
2026-03-28T07:04:41.019698Z,E3 Saxo Classic,REMOVED,MADOUAS Valentin,rider/valentin-madouas
2026-03-28T07:04:41.019698Z,Ronde van Vlaanderen,REMOVED,VALGREN Michael,rider/michael-valgren-andersen
2026-03-28T07:04:41.019698Z,Milaan-Sanremo,REMOVED,VALGREN Michael,rider/michael-valgren-andersen
2026-03-28T07:04:41.019698Z,In Flanders Fields,REMOVED,VALGREN Michael,rider/michael-valgren-andersen
2026-03-28T07:04:41.019698Z,Parijs-Roubaix,REMOVED,VALGREN Michael,rider/michael-valgren-andersen
2026-03-28T07:04:41.019698Z,Strade Bianche,REMOVED,VALGREN Michael,rider/michael-valgren-andersen
2026-03-28T07:04:41.019698Z,E3 Saxo Classic,REMOVED,VALGREN Michael,rider/michael-valgren-andersen
2026-03-28T07:04:41.019698Z,Dwars door Vlaanderen,REMOVED,PEDERSEN Rasmus Søjberg,rider/rasmus-sojbergpedersen
2026-03-28T07:04:41.019698Z,Kuurne-Brussel-Kuurne,REMOVED,PEDERSEN Rasmus Søjberg,rider/rasmus-sojbergpedersen
2026-03-28T07:04:41.019698Z,In Flanders Fields,REMOVED,PEDERSEN Rasmus Søjberg,rider/rasmus-sojbergpedersen
2026-03-28T07:04:41.019698Z,Omloop Nieuwsblad,REMOVED,PEDERSEN Rasmus Søjberg,rider/rasmus-sojbergpedersen
2026-03-28T07:04:41.019698Z,Luik-Bastenaken-Luik,REMOVED,UIJTDEBROEKS Cian,rider/cian-uijtdebroeks
2026-03-28T07:04:41.019698Z,Waalse Pijl,REMOVED,UIJTDEBROEKS Cian,rider/cian-uijtdebroeks
2026-03-28T07:04:41.019698Z,Luik-Bastenaken-Luik,REMOVED,WIDAR Jarno,rider/jarno-widar
2026-03-28T07:04:41.019698Z,Waalse Pijl,REMOVED,WIDAR Jarno,rider/jarno-widar
2026-03-28T07:04:41.019698Z,Strade Bianche,REMOVED,KNOX James,rider/james-knox
2026-03-28T07:04:41.019698Z,Nokere Koerse,REMOVED,LAMBRECHT Michiel,rider/michiel-lambrecht
2026-03-28T07:04:41.019698Z,Omloop Nieuwsblad,REMOVED,LAMBRECHT Michiel,rider/michiel-lambrecht
2026-03-28T07:04:41.019698Z,Amstel Gold Race,REMOVED,LAMBRECHT Michiel,rider/michiel-lambrecht
2026-03-28T07:04:41.019698Z,Samyn Classic,REMOVED,LAMBRECHT Michiel,rider/michiel-lambrecht
2026-03-28T07:04:41.019698Z,E3 Saxo Classic,REMOVED,LAMBRECHT Michiel,rider/michiel-lambrecht
2026-03-28T07:04:41.019698Z,Scheldeprijs,REMOVED,LAMBRECHT Michiel,rider/michiel-lambrecht
2026-03-28T07:04:41.019698Z,Brabantse Pijl,REMOVED,LAMBRECHT Michiel,rider/michiel-lambrecht
2026-03-28T07:04:41.019698Z,In Flanders Fields,REMOVED,LAMBRECHT Michiel,rider/michiel-lambrecht
2026-03-28T07:04:41.019698Z,Amstel Gold Race,REMOVED,VADER Milan,rider/milan-vader
2026-03-28T07:04:41.019698Z,Brabantse Pijl,REMOVED,VADER Milan,rider/milan-vader
2026-03-28T07:04:41.019698Z,Strade Bianche,REMOVED,VADER Milan,rider/milan-vader
2026-03-28T07:04:41.019698Z,Ronde van Limburg,REMOVED,VADER Milan,rider/milan-vader
2026-03-28T07:04:41.019698Z,Samyn Classic,REMOVED,PIRINEN Miko,rider/miko-pirinen
2026-03-28T07:04:41.019698Z,Ronde van Limburg,REMOVED,PIRINEN Miko,rider/miko-pirinen
2026-03-28T07:04:41.019698Z,Ronde van Vlaanderen,REMOVED,ASKEY Lewis,rider/lewis-askey
2026-03-28T07:04:41.019698Z,Dwars door Vlaanderen,REMOVED,ASKEY Lewis,rider/lewis-askey
2026-03-28T07:04:41.019698Z,Omloop Nieuwsblad,REMOVED,ASKEY Lewis,rider/lewis-askey
2026-03-28T07:04:41.019698Z,Kuurne-Brussel-Kuurne,REMOVED,ASKEY Lewis,rider/lewis-askey
2026-03-28T07:04:41.019698Z,Parijs-Roubaix,REMOVED,ASKEY Lewis,rider/lewis-askey
2026-03-28T07:04:41.019698Z,In Flanders Fields,REMOVED,ASKEY Lewis,rider/lewis-askey
2026-03-28T07:04:41.019698Z,Milaan-Sanremo,REMOVED,ASKEY Lewis,rider/lewis-askey
2026-03-28T07:04:41.019698Z,Kuurne-Brussel-Kuurne,REMOVED,GONOV Lev,rider/lev-gonov
2026-03-28T07:04:41.019698Z,Nokere Koerse,REMOVED,GONOV Lev,rider/lev-gonov
2026-03-28T07:04:41.019698Z,Omloop Nieuwsblad,REMOVED,GONOV Lev,rider/lev-gonov
2026-03-28T07:04:41.019698Z,Amstel Gold Race,REMOVED,VERSTRYNGE Emiel,rider/emiel-verstrynge
2026-03-28T07:04:41.019698Z,Luik-Bastenaken-Luik,REMOVED,VERSTRYNGE Emiel,rider/emiel-verstrynge
2026-03-28T07:04:41.019698Z,Strade Bianche,REMOVED,VERSTRYNGE Emiel,rider/emiel-verstrynge
2026-03-28T07:04:41.019698Z,Milaan-Sanremo,REMOVED,VERSTRYNGE Emiel,rider/emiel-verstrynge
2026-03-28T07:04:41.019698Z,Strade Bianche,REMOVED,GELEIJN Owen,rider/owen-geleijn
2026-03-28T07:04:41.019698Z,E3 Saxo Classic,REMOVED,GELEIJN Owen,rider/owen-geleijn
2026-03-28T07:04:41.019698Z,Ronde van Brugge,REMOVED,MÄRKL Niklas,rider/niklas-markl
2026-03-28T07:04:41.019698Z,Kuurne-Brussel-Kuurne,REMOVED,MÄRKL Niklas,rider/niklas-markl
2026-03-28T07:04:41.019698Z,In Flanders Fields,REMOVED,MÄRKL Niklas,rider/niklas-markl
2026-03-28T07:04:41.019698Z,Strade Bianche,REMOVED,THOMPSON Reuben,rider/reuben-thompson
2026-03-28T07:04:41.019698Z,Scheldeprijs,REMOVED,BALMER Alexandre,rider/alexandre-balmer
2026-03-28T07:04:41.019698Z,Strade Bianche,REMOVED,BALMER Alexandre,rider/alexandre-balmer
2026-03-28T07:04:41.019698Z,Kuurne-Brussel-Kuurne,REMOVED,MOSCHETTI Matteo,rider/matteo-moschetti
2026-03-28T07:04:41.019698Z,Nokere Koerse,REMOVED,MOSCHETTI Matteo,rider/matteo-moschetti
2026-03-28T07:04:41.019698Z,Bredene Koksijde Classic,REMOVED,MOSCHETTI Matteo,rider/matteo-moschetti
2026-03-28T07:04:41.019698Z,Scheldeprijs,REMOVED,MOSCHETTI Matteo,rider/matteo-moschetti
2026-03-28T07:04:41.019698Z,Ronde van Vlaanderen,REMOVED,MEZGEC Luka,rider/luka-mezgec
2026-03-28T07:04:41.019698Z,Nokere Koerse,REMOVED,MEZGEC Luka,rider/luka-mezgec
2026-03-28T07:04:41.019698Z,Ronde van Limburg,REMOVED,MEZGEC Luka,rider/luka-mezgec
2026-03-28T07:04:41.019698Z,Bredene Koksijde Classic,REMOVED,MEZGEC Luka,rider/luka-mezgec
2026-03-28T07:04:41.019698Z,Scheldeprijs,REMOVED,MEZGEC Luka,rider/luka-mezgec
2026-03-28T07:04:41.019698Z,Ronde van Brugge,REMOVED,MEZGEC Luka,rider/luka-mezgec
2026-03-28T07:04:41.019698Z,Kuurne-Brussel-Kuurne,REMOVED,MEZGEC Luka,rider/luka-mezgec
2026-03-28T07:04:41.019698Z,In Flanders Fields,REMOVED,MEZGEC Luka,rider/luka-mezgec
2026-03-28T07:04:41.019698Z,Scheldeprijs,REMOVED,VAN TRICHT Floris,rider/floris-van-tricht
2026-03-28T07:04:41.019698Z,Nokere Koerse,REMOVED,VAN TRICHT Floris,rider/floris-van-tricht
2026-03-28T07:04:41.019698Z,Ronde van Brugge,REMOVED,VAN TRICHT Floris,rider/floris-van-tricht
2026-03-28T07:04:41.019698Z,Samyn Classic,REMOVED,VAN TRICHT Floris,rider/floris-van-tricht
2026-03-28T07:04:41.019698Z,Strade Bianche,REMOVED,VAN TRICHT Floris,rider/floris-van-tricht
2026-03-28T07:04:41.019698Z,Bredene Koksijde Classic,REMOVED,VAN TRICHT Floris,rider/floris-van-tricht
2026-03-28T07:04:41.019698Z,E3 Saxo Classic,REMOVED,VAN TRICHT Floris,rider/floris-van-tricht
2026-03-28T07:04:41.019698Z,Kuurne-Brussel-Kuurne,REMOVED,REINDERS Elmar,rider/elmar-reinders
2026-03-28T07:04:41.019698Z,Scheldeprijs,REMOVED,REINDERS Elmar,rider/elmar-reinders
2026-03-28T07:04:41.019698Z,Ronde van Limburg,REMOVED,REINDERS Elmar,rider/elmar-reinders
2026-03-28T07:04:41.019698Z,Ronde van Brugge,REMOVED,REINDERS Elmar,rider/elmar-reinders
2026-03-28T07:04:41.019698Z,Samyn Classic,REMOVED,REINDERS Elmar,rider/elmar-reinders
2026-03-28T07:04:41.019698Z,Bredene Koksijde Classic,REMOVED,REINDERS Elmar,rider/elmar-reinders
2026-03-28T07:04:41.019698Z,Brabantse Pijl,REMOVED,FERNÁNDEZ Sinuhé,rider/sinuhe-fernandez-rodriguez
2026-03-28T07:04:41.019698Z,Ronde van Limburg,REMOVED,FERNÁNDEZ Sinuhé,rider/sinuhe-fernandez-rodriguez
2026-03-28T07:04:41.019698Z,Omloop Nieuwsblad,REMOVED,VAN BOVEN Luca,rider/luca-van-boven
2026-03-28T07:04:41.019698Z,Ronde van Limburg,REMOVED,VAN BOVEN Luca,rider/luca-van-boven
2026-03-28T07:04:41.019698Z,Amstel Gold Race,REMOVED,VAN BOVEN Luca,rider/luca-van-boven
2026-03-28T07:04:41.019698Z,E3 Saxo Classic,REMOVED,VAN BOVEN Luca,rider/luca-van-boven
2026-03-28T07:04:41.019698Z,Brabantse Pijl,REMOVED,VAN BOVEN Luca,rider/luca-van-boven
2026-03-28T07:04:41.019698Z,Kuurne-Brussel-Kuurne,REMOVED,VAN BOVEN Luca,rider/luca-van-boven
2026-03-28T07:04:41.019698Z,In Flanders Fields,REMOVED,VAN BOVEN Luca,rider/luca-van-boven
2026-03-28T07:04:41.019698Z,Milaan-Sanremo,REMOVED,VAN BOVEN Luca,rider/luca-van-boven
2026-03-28T07:04:41.019698Z,Dwars door Vlaanderen,REMOVED,KOLZE CHANGIZI Sebastian,rider/sebastian-kolze-changizi
2026-03-28T07:04:41.019698Z,Scheldeprijs,REMOVED,KOLZE CHANGIZI Sebastian,rider/sebastian-kolze-changizi
2026-03-28T07:04:41.019698Z,Nokere Koerse,REMOVED,KOLZE CHANGIZI Sebastian,rider/sebastian-kolze-changizi
2026-03-28T07:04:41.019698Z,Ronde van Brugge,REMOVED,KOLZE CHANGIZI Sebastian,rider/sebastian-kolze-changizi
2026-03-28T07:04:41.019698Z,In Flanders Fields,REMOVED,KOLZE CHANGIZI Sebastian,rider/sebastian-kolze-changizi
2026-03-28T07:04:41.019698Z,Bredene Koksijde Classic,REMOVED,KOLZE CHANGIZI Sebastian,rider/sebastian-kolze-changizi
2026-03-28T07:04:41.019698Z,Brabantse Pijl,REMOVED,NICOLAU Joel,rider/joel-nicolau
2026-03-28T07:04:41.019698Z,Amstel Gold Race,REMOVED,NICOLAU Joel,rider/joel-nicolau
2026-03-28T07:04:41.019698Z,Ronde van Limburg,REMOVED,NICOLAU Joel,rider/joel-nicolau
2026-03-28T07:04:41.019698Z,Ronde van Vlaanderen,REMOVED,MILESI Lorenzo,rider/lorenzo-milesi
2026-03-28T07:04:41.019698Z,Dwars door Vlaanderen,REMOVED,MILESI Lorenzo,rider/lorenzo-milesi
2026-03-28T07:04:41.019698Z,Amstel Gold Race,REMOVED,MILESI Lorenzo,rider/lorenzo-milesi
2026-03-28T07:04:41.019698Z,Ronde van Brugge,REMOVED,MILESI Lorenzo,rider/lorenzo-milesi
2026-03-28T07:04:41.019698Z,In Flanders Fields,REMOVED,MILESI Lorenzo,rider/lorenzo-milesi
2026-03-28T07:04:41.019698Z,Milaan-Sanremo,REMOVED,MILESI Lorenzo,rider/lorenzo-milesi
2026-03-28T07:04:41.019698Z,Omloop Nieuwsblad,REMOVED,VALTER Attila,rider/attila-valter
2026-03-28T07:04:41.019698Z,Amstel Gold Race,REMOVED,VALTER Attila,rider/attila-valter
2026-03-28T07:04:41.019698Z,Ronde van Brugge,REMOVED,VALTER Attila,rider/attila-valter
2026-03-28T07:04:41.019698Z,Brabantse Pijl,REMOVED,VALTER Attila,rider/attila-valter
2026-03-28T07:04:41.019698Z,Strade Bianche,REMOVED,VALTER Attila,rider/attila-valter
2026-03-28T07:04:41.019698Z,E3 Saxo Classic,REMOVED,VALTER Attila,rider/attila-valter
2026-03-28T07:04:41.019698Z,Samyn Classic,REMOVED,ABMA Elmar,rider/elmar-abma
2026-03-28T07:04:41.019698Z,Brabantse Pijl,REMOVED,AGOSTINACCHIO Mattia,rider/mattia-agostinacchio
2026-03-28T07:04:41.019698Z,Nokere Koerse,REMOVED,VAN UDEN Casper,rider/casper-van-uden
2026-03-28T07:04:41.019698Z,Waalse Pijl,REMOVED,PIDCOCK Thomas,rider/thomas-pidcock
2026-03-28T07:04:41.019698Z,Luik-Bastenaken-Luik,REMOVED,PIDCOCK Thomas,rider/thomas-pidcock
2026-03-28T07:04:41.019698Z,Amstel Gold Race,REMOVED,PIDCOCK Thomas,rider/thomas-pidcock
2026-03-28T07:04:41.019698Z,Omloop Nieuwsblad,REMOVED,PIDCOCK Thomas,rider/thomas-pidcock
2026-03-28T07:04:41.019698Z,Brabantse Pijl,REMOVED,PIDCOCK Thomas,rider/thomas-pidcock
2026-03-28T07:04:41.019698Z,Strade Bianche,REMOVED,PIDCOCK Thomas,rider/thomas-pidcock
2026-03-28T07:04:41.019698Z,Milaan-Sanremo,REMOVED,PIDCOCK Thomas,rider/thomas-pidcock
2026-03-28T07:04:41.019698Z,Scheldeprijs,REMOVED,DEKKER David,rider/david-dekker
2026-03-28T07:04:41.019698Z,Ronde van Limburg,REMOVED,DEKKER David,rider/david-dekker
2026-03-28T07:04:41.019698Z,Brabantse Pijl,REMOVED,DEKKER David,rider/david-dekker
2026-03-28T07:04:41.019698Z,Samyn Classic,REMOVED,DEKKER David,rider/david-dekker
2026-03-28T07:04:41.019698Z,Bredene Koksijde Classic,REMOVED,DEKKER David,rider/david-dekker
2026-03-28T07:04:41.019698Z,Kuurne-Brussel-Kuurne,REMOVED,BOARDMAN Samuel,rider/samuel-boardman
2026-03-28T07:04:41.019698Z,Nokere Koerse,REMOVED,BOARDMAN Samuel,rider/samuel-boardman
2026-03-28T07:04:41.019698Z,Bredene Koksijde Classic,REMOVED,BOARDMAN Samuel,rider/samuel-boardman
2026-03-28T07:04:41.019698Z,Samyn Classic,REMOVED,BOARDMAN Samuel,rider/samuel-boardman
2026-03-28T07:04:41.019698Z,Samyn Classic,REMOVED,BEHRENS Eike,rider/eike-behrens
2026-03-28T07:04:41.019698Z,Brabantse Pijl,REMOVED,MARCHAND Gianni,rider/gianni-marchand
2026-03-28T07:04:41.019698Z,Bredene Koksijde Classic,REMOVED,MARCHAND Gianni,rider/gianni-marchand
2026-03-28T07:04:41.019698Z,Ronde van Limburg,REMOVED,MARCHAND Gianni,rider/gianni-marchand
2026-03-28T07:04:41.019698Z,Ronde van Vlaanderen,REMOVED,BYSTRØM Sven Erik,rider/sven-erik-bystrom
2026-03-28T07:04:41.019698Z,In Flanders Fields,REMOVED,BYSTRØM Sven Erik,rider/sven-erik-bystrom
2026-03-28T07:04:41.019698Z,Omloop Nieuwsblad,REMOVED,BYSTRØM Sven Erik,rider/sven-erik-bystrom
2026-03-28T07:04:41.019698Z,E3 Saxo Classic,REMOVED,BYSTRØM Sven Erik,rider/sven-erik-bystrom
2026-03-28T07:04:41.019698Z,Scheldeprijs,REMOVED,JUUL-JENSEN Christopher,rider/christopher-juul-jensen
2026-03-28T07:04:41.019698Z,Ronde van Limburg,REMOVED,JUUL-JENSEN Christopher,rider/christopher-juul-jensen
2026-03-28T07:04:41.019698Z,Milaan-Sanremo,REMOVED,JUUL-JENSEN Christopher,rider/christopher-juul-jensen
2026-03-28T07:04:41.019698Z,Kuurne-Brussel-Kuurne,REMOVED,PENHOËT Paul,rider/paul-penhoet
2026-03-28T07:04:41.019698Z,Nokere Koerse,REMOVED,PENHOËT Paul,rider/paul-penhoet
2026-03-28T07:04:41.019698Z,Ronde van Brugge,REMOVED,PENHOËT Paul,rider/paul-penhoet
2026-03-28T07:04:41.019698Z,Samyn Classic,REMOVED,PENHOËT Paul,rider/paul-penhoet
2026-03-28T07:04:41.019698Z,In Flanders Fields,REMOVED,PENHOËT Paul,rider/paul-penhoet
2026-03-28T07:04:41.019698Z,Bredene Koksijde Classic,REMOVED,PENHOËT Paul,rider/paul-penhoet
2026-03-28T07:04:41.019698Z,Ronde van Vlaanderen,REMOVED,DRIZNERS Jarrad,rider/jarrad-drizners
2026-03-28T07:04:41.019698Z,Nokere Koerse,REMOVED,DRIZNERS Jarrad,rider/jarrad-drizners
2026-03-28T07:04:41.019698Z,Omloop Nieuwsblad,REMOVED,DRIZNERS Jarrad,rider/jarrad-drizners
2026-03-28T07:04:41.019698Z,Samyn Classic,REMOVED,DRIZNERS Jarrad,rider/jarrad-drizners
2026-03-28T07:04:41.019698Z,E3 Saxo Classic,REMOVED,DRIZNERS Jarrad,rider/jarrad-drizners
2026-03-28T07:04:41.019698Z,Dwars door Vlaanderen,REMOVED,DRIZNERS Jarrad,rider/jarrad-drizners
2026-03-28T07:04:41.019698Z,Scheldeprijs,REMOVED,DRIZNERS Jarrad,rider/jarrad-drizners
2026-03-28T07:04:41.019698Z,Kuurne-Brussel-Kuurne,REMOVED,DRIZNERS Jarrad,rider/jarrad-drizners
2026-03-28T07:04:41.019698Z,In Flanders Fields,REMOVED,DRIZNERS Jarrad,rider/jarrad-drizners
2026-03-28T07:04:41.019698Z,Samyn Classic,REMOVED,PAARDEKOOPER Thijmen,rider/thijmen-paardekooper
2026-03-28T07:04:41.019698Z,Bredene Koksijde Classic,REMOVED,PAARDEKOOPER Thijmen,rider/thijmen-paardekooper
2026-03-28T07:04:41.019698Z,Ronde van Brugge,REMOVED,DEHAIRS Simon,rider/simon-dehairs
2026-03-28T07:04:41.019698Z,Samyn Classic,REMOVED,DEHAIRS Simon,rider/simon-dehairs
2026-03-28T07:04:41.019698Z,Brabantse Pijl,REMOVED,CAMPRUBÍ Marcel,rider/marcel-camprubi
2026-03-28T07:04:41.019698Z,Amstel Gold Race,REMOVED,CAMPRUBÍ Marcel,rider/marcel-camprubi
2026-03-28T07:04:41.019698Z,Milaan-Sanremo,REMOVED,CAMPRUBÍ Marcel,rider/marcel-camprubi
2026-03-28T07:04:41.019698Z,Ronde van Vlaanderen,REMOVED,BETTIOL Alberto,rider/alberto-bettiol
2026-03-28T07:04:41.019698Z,Dwars door Vlaanderen,REMOVED,BETTIOL Alberto,rider/alberto-bettiol
2026-03-28T07:04:41.019698Z,Milaan-Sanremo,REMOVED,BETTIOL Alberto,rider/alberto-bettiol
2026-03-28T07:04:41.019698Z,Omloop Nieuwsblad,REMOVED,BETTIOL Alberto,rider/alberto-bettiol
2026-03-28T07:04:41.019698Z,Strade Bianche,REMOVED,BETTIOL Alberto,rider/alberto-bettiol
2026-03-28T07:04:41.019698Z,E3 Saxo Classic,REMOVED,BETTIOL Alberto,rider/alberto-bettiol
2026-03-28T07:04:41.019698Z,Samyn Classic,REMOVED,LECROQ Jérémy,rider/jeremy-lecroq
2026-03-28T07:04:41.019698Z,Ronde van Vlaanderen,REMOVED,DE BONDT Dries,rider/dries-de-bondt
2026-03-28T07:04:41.019698Z,Omloop Nieuwsblad,REMOVED,DE BONDT Dries,rider/dries-de-bondt
2026-03-28T07:04:41.019698Z,Ronde van Limburg,REMOVED,DE BONDT Dries,rider/dries-de-bondt
2026-03-28T07:04:41.019698Z,Parijs-Roubaix,REMOVED,DE BONDT Dries,rider/dries-de-bondt
2026-03-28T07:04:41.019698Z,Strade Bianche,REMOVED,DE BONDT Dries,rider/dries-de-bondt
2026-03-28T07:04:41.019698Z,Bredene Koksijde Classic,REMOVED,DE BONDT Dries,rider/dries-de-bondt
2026-03-28T07:04:41.019698Z,E3 Saxo Classic,REMOVED,DE BONDT Dries,rider/dries-de-bondt
2026-03-28T07:04:41.019698Z,Dwars door Vlaanderen,REMOVED,DE BONDT Dries,rider/dries-de-bondt
2026-03-28T07:04:41.019698Z,Kuurne-Brussel-Kuurne,REMOVED,DE BONDT Dries,rider/dries-de-bondt
2026-03-28T07:04:41.019698Z,In Flanders Fields,REMOVED,DE BONDT Dries,rider/dries-de-bondt
2026-03-28T07:04:41.019698Z,Ronde van Limburg,REMOVED,SWENNE Delano,rider/delano-swenne
2026-03-28T07:04:41.019698Z,Brabantse Pijl,REMOVED,KERCKHAERT Jochem,rider/jochem-kerckhaert
2026-03-28T07:04:41.019698Z,Samyn Classic,REMOVED,KERCKHAERT Jochem,rider/jochem-kerckhaert
2026-03-28T07:04:41.019698Z,Bredene Koksijde Classic,REMOVED,KERCKHAERT Jochem,rider/jochem-kerckhaert
2026-03-28T07:04:41.019698Z,Strade Bianche,REMOVED,WEISS Fabian,rider/fabian-weiss
2026-03-28T07:04:41.019698Z,Amstel Gold Race,REMOVED,WEISS Fabian,rider/fabian-weiss
2026-03-28T07:04:41.019698Z,Amstel Gold Race,REMOVED,GARCÍA PIERNA Raúl,rider/raul-garcia-pierna
2026-03-28T07:04:41.019698Z,Dwars door Vlaanderen,REMOVED,SYRITSA Gleb,rider/gleb-syritsa
2026-03-28T07:04:41.019698Z,Milaan-Sanremo,REMOVED,SYRITSA Gleb,rider/gleb-syritsa
2026-03-28T07:04:41.019698Z,Nokere Koerse,REMOVED,SYRITSA Gleb,rider/gleb-syritsa
2026-03-28T07:04:41.019698Z,Ronde van Brugge,REMOVED,SYRITSA Gleb,rider/gleb-syritsa
2026-03-28T07:04:41.019698Z,Kuurne-Brussel-Kuurne,REMOVED,SYRITSA Gleb,rider/gleb-syritsa
2026-03-28T07:04:41.019698Z,In Flanders Fields,REMOVED,SYRITSA Gleb,rider/gleb-syritsa
2026-03-28T07:04:41.019698Z,E3 Saxo Classic,REMOVED,SYRITSA Gleb,rider/gleb-syritsa
2026-03-28T07:04:41.019698Z,Scheldeprijs,REMOVED,ĐURIĆ Đorđe,rider/dorde-duric
2026-03-28T07:04:41.019698Z,Ronde van Vlaanderen,REMOVED,CAVIA Daniel,rider/daniel-cavia-sanz
2026-03-28T07:04:41.019698Z,Dwars door Vlaanderen,REMOVED,CAVIA Daniel,rider/daniel-cavia-sanz
2026-03-28T07:04:41.019698Z,Scheldeprijs,REMOVED,CAVIA Daniel,rider/daniel-cavia-sanz
2026-03-28T07:04:41.019698Z,Omloop Nieuwsblad,REMOVED,CAVIA Daniel,rider/daniel-cavia-sanz
2026-03-28T07:04:41.019698Z,Ronde van Brugge,REMOVED,CAVIA Daniel,rider/daniel-cavia-sanz
2026-03-28T07:04:41.019698Z,Kuurne-Brussel-Kuurne,REMOVED,CAVIA Daniel,rider/daniel-cavia-sanz
2026-03-28T07:04:41.019698Z,In Flanders Fields,REMOVED,CAVIA Daniel,rider/daniel-cavia-sanz
2026-03-28T07:04:41.019698Z,Amstel Gold Race,REMOVED,CHAMPOUSSIN Clément,rider/clement-champoussin
2026-03-28T07:04:41.019698Z,Waalse Pijl,REMOVED,CHAMPOUSSIN Clément,rider/clement-champoussin
2026-03-28T07:04:41.019698Z,Luik-Bastenaken-Luik,REMOVED,CHAMPOUSSIN Clément,rider/clement-champoussin
2026-03-28T07:04:41.019698Z,Strade Bianche,REMOVED,CHAMPOUSSIN Clément,rider/clement-champoussin
2026-03-28T07:04:41.019698Z,Dwars door Vlaanderen,REMOVED,LARSEN Niklas,rider/niklas-larsen
2026-03-28T07:04:41.019698Z,Scheldeprijs,REMOVED,LARSEN Niklas,rider/niklas-larsen
2026-03-28T07:04:41.019698Z,Omloop Nieuwsblad,REMOVED,LARSEN Niklas,rider/niklas-larsen
2026-03-28T07:04:41.019698Z,Ronde van Brugge,REMOVED,LARSEN Niklas,rider/niklas-larsen
2026-03-28T07:04:41.019698Z,Kuurne-Brussel-Kuurne,REMOVED,LARSEN Niklas,rider/niklas-larsen
2026-03-28T07:04:41.019698Z,Luik-Bastenaken-Luik,REMOVED,EULÁLIO Afonso,rider/afonso-eulalio
2026-03-28T07:04:41.019698Z,Strade Bianche,REMOVED,EULÁLIO Afonso,rider/afonso-eulalio
2026-03-28T07:04:41.019698Z,Waalse Pijl,REMOVED,KWIATKOWSKI Michał,rider/michal-kwiatkowski
2026-03-28T07:04:41.019698Z,Luik-Bastenaken-Luik,REMOVED,KWIATKOWSKI Michał,rider/michal-kwiatkowski
2026-03-28T07:04:41.019698Z,Omloop Nieuwsblad,REMOVED,KWIATKOWSKI Michał,rider/michal-kwiatkowski
2026-03-28T07:04:41.019698Z,Milaan-Sanremo,REMOVED,KWIATKOWSKI Michał,rider/michal-kwiatkowski
2026-03-28T07:04:41.019698Z,Kuurne-Brussel-Kuurne,REMOVED,DESAL Ceriel,rider/ceriel-desal
2026-03-28T07:04:41.019698Z,Scheldeprijs,REMOVED,DESAL Ceriel,rider/ceriel-desal
2026-03-28T07:04:41.019698Z,Nokere Koerse,REMOVED,DESAL Ceriel,rider/ceriel-desal
2026-03-28T07:04:41.019698Z,Ronde van Limburg,REMOVED,DESAL Ceriel,rider/ceriel-desal
2026-03-28T07:04:41.019698Z,Samyn Classic,REMOVED,DESAL Ceriel,rider/ceriel-desal
2026-03-28T07:04:41.019698Z,Bredene Koksijde Classic,REMOVED,DESAL Ceriel,rider/ceriel-desal
2026-03-28T07:04:41.019698Z,Ronde van Vlaanderen,REMOVED,LANHOVE Milan,rider/milan-lanhove
2026-03-28T07:04:41.019698Z,Nokere Koerse,REMOVED,LANHOVE Milan,rider/milan-lanhove
2026-03-28T07:04:41.019698Z,Omloop Nieuwsblad,REMOVED,LANHOVE Milan,rider/milan-lanhove
2026-03-28T07:04:41.019698Z,Amstel Gold Race,REMOVED,LANHOVE Milan,rider/milan-lanhove
2026-03-28T07:04:41.019698Z,Brabantse Pijl,REMOVED,LANHOVE Milan,rider/milan-lanhove
2026-03-28T07:04:41.019698Z,E3 Saxo Classic,REMOVED,LANHOVE Milan,rider/milan-lanhove
2026-03-28T07:04:41.019698Z,Dwars door Vlaanderen,REMOVED,INGEBRIGTSEN Storm,rider/storm-ingebrigtsen
2026-03-28T07:04:41.019698Z,Nokere Koerse,REMOVED,INGEBRIGTSEN Storm,rider/storm-ingebrigtsen
2026-03-28T07:04:41.019698Z,Ronde van Brugge,REMOVED,INGEBRIGTSEN Storm,rider/storm-ingebrigtsen
2026-03-28T07:04:41.019698Z,Kuurne-Brussel-Kuurne,REMOVED,INGEBRIGTSEN Storm,rider/storm-ingebrigtsen
2026-03-28T07:04:41.019698Z,Bredene Koksijde Classic,REMOVED,INGEBRIGTSEN Storm,rider/storm-ingebrigtsen
2026-03-28T07:04:41.019698Z,E3 Saxo Classic,REMOVED,INGEBRIGTSEN Storm,rider/storm-ingebrigtsen
2026-03-28T07:04:41.019698Z,Ronde van Limburg,REMOVED,VAN DER HOORN Taco,rider/taco-van-der-hoorn
2026-03-28T07:04:41.019698Z,Amstel Gold Race,REMOVED,HIGUITA Sergio,rider/sergio-higuita
2026-03-28T07:04:41.019698Z,Ronde van Vlaanderen,REMOVED,KUBIŠ Lukáš,rider/lukas-kubis
2026-03-28T07:04:41.019698Z,Nokere Koerse,REMOVED,KUBIŠ Lukáš,rider/lukas-kubis
2026-03-28T07:04:41.019698Z,Omloop Nieuwsblad,REMOVED,KUBIŠ Lukáš,rider/lukas-kubis
2026-03-28T07:04:41.019698Z,Samyn Classic,REMOVED,KUBIŠ Lukáš,rider/lukas-kubis
2026-03-28T07:04:41.019698Z,Parijs-Roubaix,REMOVED,KUBIŠ Lukáš,rider/lukas-kubis
2026-03-28T07:04:41.019698Z,Dwars door Vlaanderen,REMOVED,KUBIŠ Lukáš,rider/lukas-kubis
2026-03-28T07:04:41.019698Z,In Flanders Fields,REMOVED,KUBIŠ Lukáš,rider/lukas-kubis
2026-03-28T07:04:41.019698Z,Milaan-Sanremo,REMOVED,KUBIŠ Lukáš,rider/lukas-kubis
2026-03-28T07:04:41.019698Z,Ronde van Limburg,REMOVED,CAPRA Thomas,rider/thomas-capra
2026-03-28T07:04:41.019698Z,Ronde van Vlaanderen,REMOVED,DE LIE Arnaud,rider/arnaud-de-lie
2026-03-28T07:04:41.019698Z,Dwars door Vlaanderen,REMOVED,DE LIE Arnaud,rider/arnaud-de-lie
2026-03-28T07:04:41.019698Z,Omloop Nieuwsblad,REMOVED,DE LIE Arnaud,rider/arnaud-de-lie
2026-03-28T07:04:41.019698Z,Kuurne-Brussel-Kuurne,REMOVED,DE LIE Arnaud,rider/arnaud-de-lie
2026-03-28T07:04:41.019698Z,Parijs-Roubaix,REMOVED,DE LIE Arnaud,rider/arnaud-de-lie
2026-03-28T07:04:41.019698Z,In Flanders Fields,REMOVED,DE LIE Arnaud,rider/arnaud-de-lie
2026-03-28T07:04:41.019698Z,Strade Bianche,REMOVED,VERMAERKE Kevin,rider/kevin-vermaerke
2026-03-28T07:04:41.019698Z,Amstel Gold Race,REMOVED,ZAMBANINI Edoardo,rider/edoardo-zambanini
2026-03-28T07:04:41.019698Z,Brabantse Pijl,REMOVED,ZAMBANINI Edoardo,rider/edoardo-zambanini
2026-03-28T07:04:41.019698Z,Strade Bianche,REMOVED,ZAMBANINI Edoardo,rider/edoardo-zambanini
2026-03-28T07:04:41.019698Z,Milaan-Sanremo,REMOVED,ZAMBANINI Edoardo,rider/edoardo-zambanini
2026-03-28T07:04:41.019698Z,Brabantse Pijl,REMOVED,LÓPEZ Joseba,rider/joseba-lopez-cuesta
2026-03-28T07:04:41.019698Z,Amstel Gold Race,REMOVED,LÓPEZ Joseba,rider/joseba-lopez-cuesta
2026-03-28T07:04:41.019698Z,Ronde van Limburg,REMOVED,LÓPEZ Joseba,rider/joseba-lopez-cuesta
2026-03-28T07:04:41.019698Z,Dwars door Vlaanderen,REMOVED,KOERDT Bjorn,rider/bjoern-koerdt
2026-03-28T07:04:41.019698Z,Milaan-Sanremo,REMOVED,KOERDT Bjorn,rider/bjoern-koerdt
2026-03-28T07:04:41.019698Z,Amstel Gold Race,REMOVED,KOERDT Bjorn,rider/bjoern-koerdt
2026-03-28T07:04:41.019698Z,Strade Bianche,REMOVED,KOERDT Bjorn,rider/bjoern-koerdt
2026-03-28T07:04:41.019698Z,E3 Saxo Classic,REMOVED,KOERDT Bjorn,rider/bjoern-koerdt
2026-03-28T07:04:41.019698Z,Ronde van Vlaanderen,REMOVED,VAN DIJKE Mick,rider/mick-van-dijke
2026-03-28T07:04:41.019698Z,Omloop Nieuwsblad,REMOVED,VAN DIJKE Mick,rider/mick-van-dijke
2026-03-28T07:04:41.019698Z,Parijs-Roubaix,REMOVED,VAN DIJKE Mick,rider/mick-van-dijke
2026-03-28T07:04:41.019698Z,E3 Saxo Classic,REMOVED,VAN DIJKE Mick,rider/mick-van-dijke
2026-03-28T07:04:41.019698Z,Dwars door Vlaanderen,REMOVED,VAN DIJKE Mick,rider/mick-van-dijke
2026-03-28T07:04:41.019698Z,Scheldeprijs,REMOVED,VAN DIJKE Mick,rider/mick-van-dijke
2026-03-28T07:04:41.019698Z,Kuurne-Brussel-Kuurne,REMOVED,VAN DIJKE Mick,rider/mick-van-dijke
2026-03-28T07:04:41.019698Z,In Flanders Fields,REMOVED,VAN DIJKE Mick,rider/mick-van-dijke
2026-03-28T07:04:41.019698Z,Scheldeprijs,REMOVED,DUPONT Timothy,rider/timothy-dupont
2026-03-28T07:04:41.019698Z,Nokere Koerse,REMOVED,DUPONT Timothy,rider/timothy-dupont
2026-03-28T07:04:41.019698Z,Ronde van Limburg,REMOVED,DUPONT Timothy,rider/timothy-dupont
2026-03-28T07:04:41.019698Z,Samyn Classic,REMOVED,DUPONT Timothy,rider/timothy-dupont
2026-03-28T07:04:41.019698Z,Bredene Koksijde Classic,REMOVED,DUPONT Timothy,rider/timothy-dupont
2026-03-28T07:04:41.019698Z,Samyn Classic,REMOVED,MELOTTE Matteo,rider/matteo-melotte
2026-03-28T07:04:41.019698Z,Amstel Gold Race,REMOVED,HOLTER Ådne,rider/adne-holter
2026-03-28T07:04:41.019698Z,Brabantse Pijl,REMOVED,HOLTER Ådne,rider/adne-holter
2026-03-28T07:04:41.019698Z,Strade Bianche,REMOVED,HOLTER Ådne,rider/adne-holter
2026-03-28T07:04:41.019698Z,Milaan-Sanremo,REMOVED,HOLTER Ådne,rider/adne-holter
2026-03-28T07:04:41.019698Z,Ronde van Vlaanderen,REMOVED,STUYVEN Jasper,rider/jasper-stuyven
2026-03-28T07:04:41.019698Z,Milaan-Sanremo,REMOVED,STUYVEN Jasper,rider/jasper-stuyven
2026-03-28T07:04:41.019698Z,Parijs-Roubaix,REMOVED,STUYVEN Jasper,rider/jasper-stuyven
2026-03-28T07:04:41.019698Z,In Flanders Fields,REMOVED,STUYVEN Jasper,rider/jasper-stuyven
2026-03-28T07:04:41.019698Z,E3 Saxo Classic,REMOVED,STUYVEN Jasper,rider/jasper-stuyven
2026-03-28T07:04:41.019698Z,Brabantse Pijl,REMOVED,MARIS Elias,rider/elias-maris
2026-03-28T07:04:41.019698Z,Nokere Koerse,REMOVED,MARIS Elias,rider/elias-maris
2026-03-28T07:04:41.019698Z,Amstel Gold Race,REMOVED,MARIS Elias,rider/elias-maris
2026-03-28T07:04:41.019698Z,E3 Saxo Classic,REMOVED,MARIS Elias,rider/elias-maris
2026-03-28T07:04:41.019698Z,Kuurne-Brussel-Kuurne,REMOVED,GROENEWEGEN Dylan,rider/dylan-groenewegen
2026-03-28T07:04:41.019698Z,Scheldeprijs,REMOVED,GROENEWEGEN Dylan,rider/dylan-groenewegen
2026-03-28T07:04:41.019698Z,Ronde van Limburg,REMOVED,GROENEWEGEN Dylan,rider/dylan-groenewegen
2026-03-28T07:04:41.019698Z,Ronde van Brugge,REMOVED,GROENEWEGEN Dylan,rider/dylan-groenewegen
2026-03-28T07:04:41.019698Z,Samyn Classic,REMOVED,GROENEWEGEN Dylan,rider/dylan-groenewegen
2026-03-28T07:04:41.019698Z,Bredene Koksijde Classic,REMOVED,GROENEWEGEN Dylan,rider/dylan-groenewegen
2026-03-28T07:04:41.019698Z,Ronde van Vlaanderen,REMOVED,DEWULF Stan,rider/stan-dewulf
2026-03-28T07:04:41.019698Z,Omloop Nieuwsblad,REMOVED,DEWULF Stan,rider/stan-dewulf
2026-03-28T07:04:41.019698Z,Amstel Gold Race,REMOVED,DEWULF Stan,rider/stan-dewulf
2026-03-28T07:04:41.019698Z,Ronde van Brugge,REMOVED,DEWULF Stan,rider/stan-dewulf
2026-03-28T07:04:41.019698Z,Kuurne-Brussel-Kuurne,REMOVED,DEWULF Stan,rider/stan-dewulf
2026-03-28T07:04:41.019698Z,E3 Saxo Classic,REMOVED,DEWULF Stan,rider/stan-dewulf
2026-03-28T07:04:41.019698Z,Ronde van Vlaanderen,REMOVED,BERCKMOES Jenno,rider/jenno-berckmoes
2026-03-28T07:04:41.019698Z,Omloop Nieuwsblad,REMOVED,BERCKMOES Jenno,rider/jenno-berckmoes
2026-03-28T07:04:41.019698Z,Amstel Gold Race,REMOVED,BERCKMOES Jenno,rider/jenno-berckmoes
2026-03-28T07:04:41.019698Z,Strade Bianche,REMOVED,BERCKMOES Jenno,rider/jenno-berckmoes
2026-03-28T07:04:41.019698Z,E3 Saxo Classic,REMOVED,BERCKMOES Jenno,rider/jenno-berckmoes
2026-03-28T07:04:41.019698Z,Dwars door Vlaanderen,REMOVED,BERCKMOES Jenno,rider/jenno-berckmoes
2026-03-28T07:04:41.019698Z,Brabantse Pijl,REMOVED,BERCKMOES Jenno,rider/jenno-berckmoes
2026-03-28T07:04:41.019698Z,Kuurne-Brussel-Kuurne,REMOVED,BERCKMOES Jenno,rider/jenno-berckmoes
2026-03-28T07:04:41.019698Z,In Flanders Fields,REMOVED,BERCKMOES Jenno,rider/jenno-berckmoes
2026-03-28T07:04:41.019698Z,Milaan-Sanremo,REMOVED,BERCKMOES Jenno,rider/jenno-berckmoes
2026-03-28T07:04:41.019698Z,Scheldeprijs,REMOVED,MERLIER Tim,rider/tim-merlier
2026-03-28T07:04:41.019698Z,Scheldeprijs,REMOVED,VERGAERDE Otto,rider/otto-vergaerde
2026-03-28T07:04:41.019698Z,Nokere Koerse,REMOVED,VERGAERDE Otto,rider/otto-vergaerde
2026-03-28T07:04:41.019698Z,Omloop Nieuwsblad,REMOVED,VERGAERDE Otto,rider/otto-vergaerde
2026-03-28T07:04:41.019698Z,Ronde van Limburg,REMOVED,VERGAERDE Otto,rider/otto-vergaerde
2026-03-28T07:04:41.019698Z,Ronde van Brugge,REMOVED,VERGAERDE Otto,rider/otto-vergaerde
2026-03-28T07:04:41.019698Z,Bredene Koksijde Classic,REMOVED,VERGAERDE Otto,rider/otto-vergaerde
2026-03-28T07:04:41.019698Z,E3 Saxo Classic,REMOVED,VERGAERDE Otto,rider/otto-vergaerde
2026-03-28T07:04:41.019698Z,Ronde van Vlaanderen,REMOVED,DE POOTER Dries,rider/dries-de-pooter
2026-03-28T07:04:41.019698Z,Nokere Koerse,REMOVED,DE POOTER Dries,rider/dries-de-pooter
2026-03-28T07:04:41.019698Z,Omloop Nieuwsblad,REMOVED,DE POOTER Dries,rider/dries-de-pooter
2026-03-28T07:04:41.019698Z,Bredene Koksijde Classic,REMOVED,DE POOTER Dries,rider/dries-de-pooter
2026-03-28T07:04:41.019698Z,E3 Saxo Classic,REMOVED,DE POOTER Dries,rider/dries-de-pooter
2026-03-28T07:04:41.019698Z,Dwars door Vlaanderen,REMOVED,DE POOTER Dries,rider/dries-de-pooter
2026-03-28T07:04:41.019698Z,Scheldeprijs,REMOVED,DE POOTER Dries,rider/dries-de-pooter
2026-03-28T07:04:41.019698Z,Ronde van Brugge,REMOVED,DE POOTER Dries,rider/dries-de-pooter
2026-03-28T07:04:41.019698Z,Brabantse Pijl,REMOVED,DE POOTER Dries,rider/dries-de-pooter
2026-03-28T07:04:41.019698Z,Ronde van Vlaanderen,REMOVED,MIHKELS Madis,rider/madis-mihkels
2026-03-28T07:04:41.019698Z,Dwars door Vlaanderen,REMOVED,MIHKELS Madis,rider/madis-mihkels
2026-03-28T07:04:41.019698Z,Milaan-Sanremo,REMOVED,MIHKELS Madis,rider/madis-mihkels
2026-03-28T07:04:41.019698Z,Ronde van Brugge,REMOVED,MIHKELS Madis,rider/madis-mihkels
2026-03-28T07:04:41.019698Z,Parijs-Roubaix,REMOVED,MIHKELS Madis,rider/madis-mihkels
2026-03-28T07:04:41.019698Z,In Flanders Fields,REMOVED,MIHKELS Madis,rider/madis-mihkels
2026-03-28T07:04:41.019698Z,E3 Saxo Classic,REMOVED,MIHKELS Madis,rider/madis-mihkels
2026-03-28T07:04:41.019698Z,Brabantse Pijl,REMOVED,CRAPS Lars,rider/lars-craps
2026-03-28T07:04:41.019698Z,Brabantse Pijl,REMOVED,LAURYSSEN Yorben,rider/yorben-lauryssen
2026-03-28T07:04:41.019698Z,Samyn Classic,REMOVED,LAURYSSEN Yorben,rider/yorben-lauryssen
2026-03-28T07:04:41.019698Z,Bredene Koksijde Classic,REMOVED,LAURYSSEN Yorben,rider/yorben-lauryssen
2026-03-28T07:04:41.019698Z,Ronde van Limburg,REMOVED,VERLEYSEN Thor,rider/thor-verleysen
2026-03-28T07:04:41.019698Z,Samyn Classic,REMOVED,SVRČEK Martin,rider/martin-svrcek
2026-03-28T07:04:41.019698Z,Strade Bianche,REMOVED,SVRČEK Martin,rider/martin-svrcek
2026-03-28T07:04:41.019698Z,Ronde van Limburg,REMOVED,SVRČEK Martin,rider/martin-svrcek
2026-03-28T07:04:41.019698Z,Amstel Gold Race,REMOVED,BOU Joan,rider/joan-bou
2026-03-28T07:04:41.019698Z,Samyn Classic,REMOVED,MOURIS Michiel,rider/michiel-mouris
2026-03-28T07:04:41.019698Z,Strade Bianche,REMOVED,WILKSCH Hannes,rider/hannes-wilksch
2026-03-28T07:04:41.019698Z,Amstel Gold Race,REMOVED,WILKSCH Hannes,rider/hannes-wilksch
2026-03-28T07:04:41.019698Z,Dwars door Vlaanderen,REMOVED,LØLAND Sakarias Koller,rider/sakarias-koller-loland
2026-03-28T07:04:41.019698Z,E3 Saxo Classic,REMOVED,LØLAND Sakarias Koller,rider/sakarias-koller-loland
2026-03-28T07:04:41.019698Z,Scheldeprijs,REMOVED,JAKOBSEN Fabio,rider/fabio-jakobsen
2026-03-28T07:04:41.019698Z,Nokere Koerse,REMOVED,JAKOBSEN Fabio,rider/fabio-jakobsen
2026-03-28T07:04:41.019698Z,Ronde van Brugge,REMOVED,JAKOBSEN Fabio,rider/fabio-jakobsen
2026-03-28T07:04:41.019698Z,Samyn Classic,REMOVED,JAKOBSEN Fabio,rider/fabio-jakobsen
2026-03-28T07:04:41.019698Z,Bredene Koksijde Classic,REMOVED,JAKOBSEN Fabio,rider/fabio-jakobsen
2026-03-28T07:04:41.019698Z,E3 Saxo Classic,REMOVED,JAKOBSEN Fabio,rider/fabio-jakobsen
2026-03-28T07:04:41.019698Z,Samyn Classic,REMOVED,THÉOT Killian,rider/killian-theot
2026-03-28T07:04:41.019698Z,Strade Bianche,REMOVED,ARCHIBOLD Franklin,rider/franklin-archibold
2026-03-28T07:04:41.019698Z,Ronde van Limburg,REMOVED,MAKRAI Bálint,rider/balint-makrai
2026-03-28T07:04:41.019698Z,Ronde van Vlaanderen,REMOVED,DEMAN Brem,rider/brem-deman
2026-03-28T07:04:41.019698Z,Kuurne-Brussel-Kuurne,REMOVED,DEMAN Brem,rider/brem-deman
2026-03-28T07:04:41.019698Z,In Flanders Fields,REMOVED,DEMAN Brem,rider/brem-deman
2026-03-28T07:04:41.019698Z,Parijs-Roubaix,REMOVED,PIDCOCK Joseph,rider/joseph-pidcock
2026-03-28T07:04:41.019698Z,Nokere Koerse,REMOVED,PIDCOCK Joseph,rider/joseph-pidcock
2026-03-28T07:04:41.019698Z,Bredene Koksijde Classic,REMOVED,PIDCOCK Joseph,rider/joseph-pidcock
2026-03-28T07:04:41.019698Z,Ronde van Limburg,REMOVED,PIDCOCK Joseph,rider/joseph-pidcock
2026-03-28T07:04:41.019698Z,Brabantse Pijl,REMOVED,CHRISTOPHERSEN Cedrik Bakke,rider/cedrik-bakke-christophersen
2026-03-28T07:04:41.019698Z,Strade Bianche,REMOVED,CHRISTOPHERSEN Cedrik Bakke,rider/cedrik-bakke-christophersen
2026-03-28T07:04:41.019698Z,Amstel Gold Race,REMOVED,CHRISTOPHERSEN Cedrik Bakke,rider/cedrik-bakke-christophersen
2026-03-28T07:04:41.019698Z,Strade Bianche,REMOVED,BESSEGA Gabriele,rider/gabriele-bessega
2026-03-28T07:04:41.019698Z,Samyn Classic,REMOVED,BOUQUET Axel,rider/axel-bouquet
2026-03-28T07:04:41.019698Z,Brabantse Pijl,REMOVED,ŤOUPALÍK Adam,rider/adam-toupalik
2026-03-28T07:04:41.019698Z,Nokere Koerse,REMOVED,ŤOUPALÍK Adam,rider/adam-toupalik
2026-03-28T07:04:41.019698Z,Amstel Gold Race,REMOVED,ŤOUPALÍK Adam,rider/adam-toupalik
2026-03-28T07:04:41.019698Z,E3 Saxo Classic,REMOVED,ŤOUPALÍK Adam,rider/adam-toupalik
2026-03-28T07:04:41.019698Z,Ronde van Vlaanderen,REMOVED,VAN HAUTEGEM Leander,rider/leander-van-hautegem
2026-03-28T07:04:41.019698Z,Kuurne-Brussel-Kuurne,REMOVED,VAN HAUTEGEM Leander,rider/leander-van-hautegem
2026-03-28T07:04:41.019698Z,In Flanders Fields,REMOVED,VAN HAUTEGEM Leander,rider/leander-van-hautegem
2026-03-28T07:04:41.019698Z,Ronde van Vlaanderen,REMOVED,DONALDSON Robert,rider/robert-donaldson
2026-03-28T07:04:41.019698Z,Omloop Nieuwsblad,REMOVED,DONALDSON Robert,rider/robert-donaldson
2026-03-28T07:04:41.019698Z,Bredene Koksijde Classic,REMOVED,DONALDSON Robert,rider/robert-donaldson
2026-03-28T07:04:41.019698Z,E3 Saxo Classic,REMOVED,DONALDSON Robert,rider/robert-donaldson
2026-03-28T07:04:41.019698Z,Dwars door Vlaanderen,REMOVED,DONALDSON Robert,rider/robert-donaldson
2026-03-28T07:04:41.019698Z,Ronde van Brugge,REMOVED,DONALDSON Robert,rider/robert-donaldson
2026-03-28T07:04:41.019698Z,Kuurne-Brussel-Kuurne,REMOVED,DONALDSON Robert,rider/robert-donaldson
2026-03-28T07:04:41.019698Z,In Flanders Fields,REMOVED,DONALDSON Robert,rider/robert-donaldson
2026-03-28T07:04:41.019698Z,Scheldeprijs,REMOVED,VAN DER WERFF Thom,rider/thom-van-der-werff
2026-03-28T07:04:41.019698Z,Nokere Koerse,REMOVED,VAN DER WERFF Thom,rider/thom-van-der-werff
2026-03-28T07:04:41.019698Z,Bredene Koksijde Classic,REMOVED,VAN DER WERFF Thom,rider/thom-van-der-werff
2026-03-28T07:04:41.019698Z,Ronde van Vlaanderen,REMOVED,HOOLE Daan,rider/daan-hoole
2026-03-28T07:04:41.019698Z,Kuurne-Brussel-Kuurne,REMOVED,HOOLE Daan,rider/daan-hoole
2026-03-28T07:04:41.019698Z,Parijs-Roubaix,REMOVED,HOOLE Daan,rider/daan-hoole
2026-03-28T07:04:41.019698Z,In Flanders Fields,REMOVED,HOOLE Daan,rider/daan-hoole
2026-03-28T07:04:41.019698Z,E3 Saxo Classic,REMOVED,HOOLE Daan,rider/daan-hoole
2026-03-28T07:04:41.019698Z,Samyn Classic,REMOVED,WERTZ Hugo,rider/hugo-wertz
2026-03-28T07:04:41.019698Z,Ronde van Vlaanderen,REMOVED,DE PESTEL Sander,rider/sander-de-pestel
2026-03-28T07:04:41.019698Z,Dwars door Vlaanderen,REMOVED,DE PESTEL Sander,rider/sander-de-pestel
2026-03-28T07:04:41.019698Z,Omloop Nieuwsblad,REMOVED,DE PESTEL Sander,rider/sander-de-pestel
2026-03-28T07:04:41.019698Z,Ronde van Brugge,REMOVED,DE PESTEL Sander,rider/sander-de-pestel
2026-03-28T07:04:41.019698Z,Kuurne-Brussel-Kuurne,REMOVED,DE PESTEL Sander,rider/sander-de-pestel
2026-03-28T07:04:41.019698Z,In Flanders Fields,REMOVED,DE PESTEL Sander,rider/sander-de-pestel
2026-03-28T07:04:41.019698Z,E3 Saxo Classic,REMOVED,DE PESTEL Sander,rider/sander-de-pestel
2026-03-28T07:04:41.019698Z,Nokere Koerse,REMOVED,SVARRE Tobias,rider/tobias-svarre
2026-03-28T07:04:41.019698Z,Bredene Koksijde Classic,REMOVED,SVARRE Tobias,rider/tobias-svarre
2026-03-28T07:04:41.019698Z,Ronde van Vlaanderen,REMOVED,VAN GESTEL Dries,rider/dries-van-gestel
2026-03-28T07:04:41.019698Z,Dwars door Vlaanderen,REMOVED,VAN GESTEL Dries,rider/dries-van-gestel
2026-03-28T07:04:41.019698Z,Omloop Nieuwsblad,REMOVED,VAN GESTEL Dries,rider/dries-van-gestel
2026-03-28T07:04:41.019698Z,Ronde van Brugge,REMOVED,VAN GESTEL Dries,rider/dries-van-gestel
2026-03-28T07:04:41.019698Z,Kuurne-Brussel-Kuurne,REMOVED,VAN GESTEL Dries,rider/dries-van-gestel
2026-03-28T07:04:41.019698Z,E3 Saxo Classic,REMOVED,VAN GESTEL Dries,rider/dries-van-gestel
2026-03-28T07:04:41.019698Z,Strade Bianche,REMOVED,SCHRETTL Marco,rider/marco-schrettl
2026-03-28T07:04:41.019698Z,Brabantse Pijl,REMOVED,GRISEL Matys,rider/matys-grisel
2026-03-28T07:04:41.019698Z,Samyn Classic,REMOVED,GRISEL Matys,rider/matys-grisel
2026-03-28T07:04:41.019698Z,E3 Saxo Classic,REMOVED,GRISEL Matys,rider/matys-grisel
2026-03-28T07:04:41.019698Z,Strade Bianche,REMOVED,NOVÁK Pavel,rider/pavel-novak
2026-03-28T07:04:41.019698Z,Amstel Gold Race,REMOVED,NOVÁK Pavel,rider/pavel-novak
2026-03-28T07:04:41.019698Z,Ronde van Vlaanderen,REMOVED,VERMEERSCH Gianni,rider/gianni-vermeersch
2026-03-28T07:04:41.019698Z,Nokere Koerse,REMOVED,VERMEERSCH Gianni,rider/gianni-vermeersch
2026-03-28T07:04:41.019698Z,Omloop Nieuwsblad,REMOVED,VERMEERSCH Gianni,rider/gianni-vermeersch
2026-03-28T07:04:41.019698Z,Samyn Classic,REMOVED,VERMEERSCH Gianni,rider/gianni-vermeersch
2026-03-28T07:04:41.019698Z,Parijs-Roubaix,REMOVED,VERMEERSCH Gianni,rider/gianni-vermeersch
2026-03-28T07:04:41.019698Z,Strade Bianche,REMOVED,VERMEERSCH Gianni,rider/gianni-vermeersch
2026-03-28T07:04:41.019698Z,E3 Saxo Classic,REMOVED,VERMEERSCH Gianni,rider/gianni-vermeersch
2026-03-28T07:04:41.019698Z,In Flanders Fields,REMOVED,VERMEERSCH Gianni,rider/gianni-vermeersch
2026-03-28T07:04:41.019698Z,Strade Bianche,REMOVED,DHONDT Robbe,rider/robbe-dhondt
2026-03-28T07:04:41.019698Z,Milaan-Sanremo,REMOVED,DHONDT Robbe,rider/robbe-dhondt
2026-03-28T07:04:41.019698Z,Ronde van Vlaanderen,REMOVED,GIRMAY Biniam,rider/biniam-girmay
2026-03-28T07:04:41.019698Z,Dwars door Vlaanderen,REMOVED,GIRMAY Biniam,rider/biniam-girmay
2026-03-28T07:04:41.019698Z,Milaan-Sanremo,REMOVED,GIRMAY Biniam,rider/biniam-girmay
2026-03-28T07:04:41.019698Z,Omloop Nieuwsblad,REMOVED,GIRMAY Biniam,rider/biniam-girmay
2026-03-28T07:04:41.019698Z,Kuurne-Brussel-Kuurne,REMOVED,GIRMAY Biniam,rider/biniam-girmay
2026-03-28T07:04:41.019698Z,In Flanders Fields,REMOVED,GIRMAY Biniam,rider/biniam-girmay
2026-03-28T07:04:41.019698Z,E3 Saxo Classic,REMOVED,GIRMAY Biniam,rider/biniam-girmay
2026-03-28T07:04:41.019698Z,Ronde van Vlaanderen,REMOVED,VAN DIJKE Tim,rider/tim-van-dijke
2026-03-28T07:04:41.019698Z,Omloop Nieuwsblad,REMOVED,VAN DIJKE Tim,rider/tim-van-dijke
2026-03-28T07:04:41.019698Z,Parijs-Roubaix,REMOVED,VAN DIJKE Tim,rider/tim-van-dijke
2026-03-28T07:04:41.019698Z,E3 Saxo Classic,REMOVED,VAN DIJKE Tim,rider/tim-van-dijke
2026-03-28T07:04:41.019698Z,Dwars door Vlaanderen,REMOVED,VAN DIJKE Tim,rider/tim-van-dijke
2026-03-28T07:04:41.019698Z,Scheldeprijs,REMOVED,VAN DIJKE Tim,rider/tim-van-dijke
2026-03-28T07:04:41.019698Z,Kuurne-Brussel-Kuurne,REMOVED,VAN DIJKE Tim,rider/tim-van-dijke
2026-03-28T07:04:41.019698Z,In Flanders Fields,REMOVED,VAN DIJKE Tim,rider/tim-van-dijke
2026-03-28T07:04:41.019698Z,Kuurne-Brussel-Kuurne,REMOVED,ROOSEN Timo,rider/timo-roosen
2026-03-28T07:04:41.019698Z,Nokere Koerse,REMOVED,ROOSEN Timo,rider/timo-roosen
2026-03-28T07:04:41.019698Z,Omloop Nieuwsblad,REMOVED,ROOSEN Timo,rider/timo-roosen
2026-03-28T07:04:41.019698Z,Samyn Classic,REMOVED,ROOSEN Timo,rider/timo-roosen
2026-03-28T07:04:41.019698Z,Bredene Koksijde Classic,REMOVED,ROOSEN Timo,rider/timo-roosen
2026-03-28T07:04:41.019698Z,Ronde van Vlaanderen,REMOVED,HUENS Axel,rider/axel-huens
2026-03-28T07:04:41.019698Z,Nokere Koerse,REMOVED,HUENS Axel,rider/axel-huens
2026-03-28T07:04:41.019698Z,Omloop Nieuwsblad,REMOVED,HUENS Axel,rider/axel-huens
2026-03-28T07:04:41.019698Z,Samyn Classic,REMOVED,HUENS Axel,rider/axel-huens
2026-03-28T07:04:41.019698Z,Bredene Koksijde Classic,REMOVED,HUENS Axel,rider/axel-huens
2026-03-28T07:04:41.019698Z,E3 Saxo Classic,REMOVED,HUENS Axel,rider/axel-huens
2026-03-28T07:04:41.019698Z,Dwars door Vlaanderen,REMOVED,HUENS Axel,rider/axel-huens
2026-03-28T07:04:41.019698Z,Ronde van Brugge,REMOVED,HUENS Axel,rider/axel-huens
2026-03-28T07:04:41.019698Z,Kuurne-Brussel-Kuurne,REMOVED,HUENS Axel,rider/axel-huens
2026-03-28T07:04:41.019698Z,In Flanders Fields,REMOVED,HUENS Axel,rider/axel-huens
2026-03-28T07:04:41.019698Z,Ronde van Vlaanderen,REMOVED,BEULLENS Cedric,rider/cedric-beullens
2026-03-28T07:04:41.019698Z,Dwars door Vlaanderen,REMOVED,BEULLENS Cedric,rider/cedric-beullens
2026-03-28T07:04:41.019698Z,Omloop Nieuwsblad,REMOVED,BEULLENS Cedric,rider/cedric-beullens
2026-03-28T07:04:41.019698Z,Ronde van Brugge,REMOVED,BEULLENS Cedric,rider/cedric-beullens
2026-03-28T07:04:41.019698Z,Samyn Classic,REMOVED,BEULLENS Cedric,rider/cedric-beullens
2026-03-28T07:04:41.019698Z,In Flanders Fields,REMOVED,BEULLENS Cedric,rider/cedric-beullens
2026-03-28T07:04:41.019698Z,Bredene Koksijde Classic,REMOVED,BEULLENS Cedric,rider/cedric-beullens
2026-03-28T07:04:41.019698Z,Ronde van Brugge,REMOVED,GUDMESTAD Tord,rider/tord-gudmestad
2026-03-28T07:04:41.019698Z,Milaan-Sanremo,REMOVED,GUDMESTAD Tord,rider/tord-gudmestad
2026-03-28T07:04:41.019698Z,Ronde van Vlaanderen,REMOVED,AERTS Toon,rider/toon-aerts
2026-03-28T07:04:41.019698Z,Brabantse Pijl,REMOVED,AERTS Toon,rider/toon-aerts
2026-03-28T07:04:41.019698Z,Parijs-Roubaix,REMOVED,AERTS Toon,rider/toon-aerts
2026-03-28T07:04:41.019698Z,Amstel Gold Race,REMOVED,AERTS Toon,rider/toon-aerts
2026-03-28T07:04:41.019698Z,Ronde van Vlaanderen,REMOVED,KOPECKÝ Matyáš,rider/matyas-kopecky
2026-03-28T07:04:41.019698Z,Dwars door Vlaanderen,REMOVED,KOPECKÝ Matyáš,rider/matyas-kopecky
2026-03-28T07:04:41.019698Z,Nokere Koerse,REMOVED,KOPECKÝ Matyáš,rider/matyas-kopecky
2026-03-28T07:04:41.019698Z,Omloop Nieuwsblad,REMOVED,KOPECKÝ Matyáš,rider/matyas-kopecky
2026-03-28T07:04:41.019698Z,Kuurne-Brussel-Kuurne,REMOVED,KOPECKÝ Matyáš,rider/matyas-kopecky
2026-03-28T07:04:41.019698Z,Parijs-Roubaix,REMOVED,KOPECKÝ Matyáš,rider/matyas-kopecky
2026-03-28T07:04:41.019698Z,In Flanders Fields,REMOVED,KOPECKÝ Matyáš,rider/matyas-kopecky
2026-03-28T07:04:41.019698Z,Strade Bianche,REMOVED,ISIDORE Noa,rider/noa-isidore
2026-03-28T07:04:41.019698Z,Amstel Gold Race,REMOVED,ISIDORE Noa,rider/noa-isidore
2026-03-28T07:04:41.019698Z,Milaan-Sanremo,REMOVED,ISIDORE Noa,rider/noa-isidore
2026-03-28T07:04:41.019698Z,Samyn Classic,REMOVED,MOONEN Zeno,rider/zeno-moonen
2026-03-28T07:04:41.019698Z,Nokere Koerse,REMOVED,MOONEN Zeno,rider/zeno-moonen
2026-03-28T07:04:41.019698Z,Bredene Koksijde Classic,REMOVED,MOONEN Zeno,rider/zeno-moonen
2026-03-28T07:04:41.019698Z,Scheldeprijs,REMOVED,MOONEN Zeno,rider/zeno-moonen
2026-03-28T07:04:41.019698Z,Strade Bianche,REMOVED,CARAPAZ Richard,rider/richard-carapaz
2026-03-28T07:04:41.019698Z,Ronde van Vlaanderen,REMOVED,BORGO Alessandro,rider/alessandro-borgo
2026-03-28T07:04:41.019698Z,Nokere Koerse,REMOVED,BORGO Alessandro,rider/alessandro-borgo
2026-03-28T07:04:41.019698Z,Samyn Classic,REMOVED,BORGO Alessandro,rider/alessandro-borgo
2026-03-28T07:04:41.019698Z,Dwars door Vlaanderen,REMOVED,BORGO Alessandro,rider/alessandro-borgo
2026-03-28T07:04:41.019698Z,Scheldeprijs,REMOVED,BORGO Alessandro,rider/alessandro-borgo
2026-03-28T07:04:41.019698Z,Brabantse Pijl,REMOVED,BORGO Alessandro,rider/alessandro-borgo
2026-03-28T07:04:41.019698Z,Kuurne-Brussel-Kuurne,REMOVED,BORGO Alessandro,rider/alessandro-borgo
2026-03-28T07:04:41.019698Z,In Flanders Fields,REMOVED,BORGO Alessandro,rider/alessandro-borgo
2026-03-28T07:04:41.019698Z,Milaan-Sanremo,REMOVED,BORGO Alessandro,rider/alessandro-borgo
2026-03-28T07:04:41.019698Z,Samyn Classic,REMOVED,DELACROIX Théo,rider/theo-delacroix
2026-03-28T07:04:41.019698Z,Strade Bianche,REMOVED,IACCHI Alessandro,rider/alessandro-iacchi
2026-03-28T07:04:41.019698Z,Nokere Koerse,REMOVED,MIKUTIS Aivaras,rider/aivaras-mikutis
2026-03-28T07:04:41.019698Z,Omloop Nieuwsblad,REMOVED,MIKUTIS Aivaras,rider/aivaras-mikutis
2026-03-28T07:04:41.019698Z,Bredene Koksijde Classic,REMOVED,MIKUTIS Aivaras,rider/aivaras-mikutis
2026-03-28T07:04:41.019698Z,E3 Saxo Classic,REMOVED,MIKUTIS Aivaras,rider/aivaras-mikutis
2026-03-28T07:04:41.019698Z,Dwars door Vlaanderen,REMOVED,MIKUTIS Aivaras,rider/aivaras-mikutis
2026-03-28T07:04:41.019698Z,Scheldeprijs,REMOVED,MIKUTIS Aivaras,rider/aivaras-mikutis
2026-03-28T07:04:41.019698Z,Ronde van Brugge,REMOVED,MIKUTIS Aivaras,rider/aivaras-mikutis
2026-03-28T07:04:41.019698Z,Kuurne-Brussel-Kuurne,REMOVED,MIKUTIS Aivaras,rider/aivaras-mikutis
2026-03-28T07:04:41.019698Z,Luik-Bastenaken-Luik,REMOVED,OTRUBA Jakub,rider/jakub-otruba
2026-03-28T07:04:41.019698Z,Nokere Koerse,REMOVED,OTRUBA Jakub,rider/jakub-otruba
2026-03-28T07:04:41.019698Z,Waalse Pijl,REMOVED,OTRUBA Jakub,rider/jakub-otruba
2026-03-28T07:04:41.019698Z,Bredene Koksijde Classic,REMOVED,OTRUBA Jakub,rider/jakub-otruba
2026-03-28T07:04:41.019698Z,Samyn Classic,REMOVED,AGNOLETTO Blake,rider/blake-agnoletto
2026-03-28T07:04:41.019698Z,Bredene Koksijde Classic,REMOVED,AGNOLETTO Blake,rider/blake-agnoletto
2026-03-28T07:04:41.019698Z,Brabantse Pijl,REMOVED,GILMORE Brady,rider/brady-gilmore
2026-03-28T07:04:41.019698Z,Amstel Gold Race,REMOVED,GILMORE Brady,rider/brady-gilmore
2026-03-28T07:04:41.019698Z,Luik-Bastenaken-Luik,REMOVED,PARET-PEINTRE Aurélien,rider/aurelien-paret-peintre
2026-03-28T07:04:41.019698Z,Waalse Pijl,REMOVED,PARET-PEINTRE Aurélien,rider/aurelien-paret-peintre
2026-03-28T07:04:41.019698Z,Kuurne-Brussel-Kuurne,REMOVED,VAN KERCKHOVE Matisse,rider/matisse-van-kerckhove
2026-03-28T07:04:41.019698Z,Samyn Classic,REMOVED,VAN KERCKHOVE Matisse,rider/matisse-van-kerckhove
2026-03-28T07:04:41.019698Z,Samyn Classic,REMOVED,STANNARD Robert,rider/robert-stannard
2026-03-28T07:04:41.019698Z,Omloop Nieuwsblad,REMOVED,STANNARD Robert,rider/robert-stannard
2026-03-28T07:04:41.019698Z,Samyn Classic,REMOVED,WOETS Mattanja,rider/mattanja-woets
2026-03-28T07:04:41.019698Z,Samyn Classic,REMOVED,DOCKX Gilles,rider/gilles-dockx
2026-03-28T07:04:41.019698Z,Samyn Classic,REMOVED,DARBELLAY Valentin,rider/valentin-darbellay
2026-03-28T07:04:41.019698Z,Ronde van Brugge,REMOVED,EINHORN Itamar,rider/itamar-einhorn
2026-03-28T07:04:41.019698Z,Scheldeprijs,REMOVED,EINHORN Itamar,rider/itamar-einhorn
2026-03-28T07:04:41.019698Z,Nokere Koerse,REMOVED,EINHORN Itamar,rider/itamar-einhorn
2026-03-28T07:04:41.019698Z,Bredene Koksijde Classic,REMOVED,EINHORN Itamar,rider/itamar-einhorn
2026-03-28T07:04:41.019698Z,Waalse Pijl,REMOVED,SCHACHMANN Maximilian,rider/maximilian-schachmann
2026-03-28T07:04:41.019698Z,Luik-Bastenaken-Luik,REMOVED,SCHACHMANN Maximilian,rider/maximilian-schachmann
2026-03-28T07:04:41.019698Z,Amstel Gold Race,REMOVED,SCHACHMANN Maximilian,rider/maximilian-schachmann
2026-03-28T07:04:41.019698Z,Milaan-Sanremo,REMOVED,SCHACHMANN Maximilian,rider/maximilian-schachmann
2026-03-28T07:04:41.019698Z,Scheldeprijs,REMOVED,CARPENTER Robin,rider/robin-carpenter
2026-03-28T07:04:41.019698Z,Ronde van Limburg,REMOVED,CARPENTER Robin,rider/robin-carpenter
2026-03-28T07:04:41.019698Z,Ronde van Vlaanderen,REMOVED,NAESEN Oliver,rider/oliver-naesen
2026-03-28T07:04:41.019698Z,Omloop Nieuwsblad,REMOVED,NAESEN Oliver,rider/oliver-naesen
2026-03-28T07:04:41.019698Z,Parijs-Roubaix,REMOVED,NAESEN Oliver,rider/oliver-naesen
2026-03-28T07:04:41.019698Z,E3 Saxo Classic,REMOVED,NAESEN Oliver,rider/oliver-naesen
2026-03-28T07:04:41.019698Z,Dwars door Vlaanderen,REMOVED,NAESEN Oliver,rider/oliver-naesen
2026-03-28T07:04:41.019698Z,Kuurne-Brussel-Kuurne,REMOVED,NAESEN Oliver,rider/oliver-naesen
2026-03-28T07:04:41.019698Z,In Flanders Fields,REMOVED,NAESEN Oliver,rider/oliver-naesen
2026-03-28T07:04:41.019698Z,Milaan-Sanremo,REMOVED,NAESEN Oliver,rider/oliver-naesen
2026-03-28T07:04:41.019698Z,Nokere Koerse,REMOVED,VADIC Baptiste,rider/baptiste-vadic
2026-03-28T07:04:41.019698Z,Omloop Nieuwsblad,REMOVED,VADIC Baptiste,rider/baptiste-vadic
2026-03-28T07:04:41.019698Z,Samyn Classic,REMOVED,VADIC Baptiste,rider/baptiste-vadic
2026-03-28T07:04:41.019698Z,Bredene Koksijde Classic,REMOVED,VADIC Baptiste,rider/baptiste-vadic
2026-03-28T07:04:41.019698Z,E3 Saxo Classic,REMOVED,VADIC Baptiste,rider/baptiste-vadic
2026-03-28T07:04:41.019698Z,Scheldeprijs,REMOVED,VADIC Baptiste,rider/baptiste-vadic
2026-03-28T07:04:41.019698Z,Brabantse Pijl,REMOVED,VADIC Baptiste,rider/baptiste-vadic
2026-03-28T07:04:41.019698Z,Kuurne-Brussel-Kuurne,REMOVED,VADIC Baptiste,rider/baptiste-vadic
2026-03-28T07:04:41.019698Z,Ronde van Vlaanderen,REMOVED,DUJARDIN Sandy,rider/sandy-dujardin
2026-03-28T07:04:41.019698Z,Dwars door Vlaanderen,REMOVED,DUJARDIN Sandy,rider/sandy-dujardin
2026-03-28T07:04:41.019698Z,Omloop Nieuwsblad,REMOVED,DUJARDIN Sandy,rider/sandy-dujardin
2026-03-28T07:04:41.019698Z,Amstel Gold Race,REMOVED,DUJARDIN Sandy,rider/sandy-dujardin
2026-03-28T07:04:41.019698Z,Brabantse Pijl,REMOVED,DUJARDIN Sandy,rider/sandy-dujardin
2026-03-28T07:04:41.019698Z,In Flanders Fields,REMOVED,DUJARDIN Sandy,rider/sandy-dujardin
2026-03-28T07:04:41.019698Z,E3 Saxo Classic,REMOVED,DUJARDIN Sandy,rider/sandy-dujardin
2026-03-28T07:04:41.019698Z,Scheldeprijs,REMOVED,MARCEROU Nicola,rider/nicola-marcerou
2026-03-28T07:04:41.019698Z,Nokere Koerse,REMOVED,MARCEROU Nicola,rider/nicola-marcerou
2026-03-28T07:04:41.019698Z,Ronde van Brugge,REMOVED,MARCEROU Nicola,rider/nicola-marcerou
2026-03-28T07:04:41.019698Z,Samyn Classic,REMOVED,MARCEROU Nicola,rider/nicola-marcerou
2026-03-28T07:04:41.019698Z,E3 Saxo Classic,REMOVED,MARCEROU Nicola,rider/nicola-marcerou
2026-03-28T07:04:41.019698Z,Strade Bianche,REMOVED,MIHOLJEVIĆ Fran,rider/fran-miholjevic
2026-03-28T07:04:41.019698Z,Amstel Gold Race,REMOVED,MIHOLJEVIĆ Fran,rider/fran-miholjevic
2026-03-28T07:04:41.019698Z,Milaan-Sanremo,REMOVED,MIHOLJEVIĆ Fran,rider/fran-miholjevic
2026-03-28T07:04:41.019698Z,Kuurne-Brussel-Kuurne,REMOVED,CHRISTIAN Sean,rider/sean-christian
2026-03-28T07:04:41.019698Z,Scheldeprijs,REMOVED,CHRISTIAN Sean,rider/sean-christian
2026-03-28T07:04:41.019698Z,Nokere Koerse,REMOVED,CHRISTIAN Sean,rider/sean-christian
2026-03-28T07:04:41.019698Z,Ronde van Limburg,REMOVED,CHRISTIAN Sean,rider/sean-christian
2026-03-28T07:04:41.019698Z,Samyn Classic,REMOVED,CHRISTIAN Sean,rider/sean-christian
2026-03-28T07:04:41.019698Z,Parijs-Roubaix,REMOVED,CHRISTIAN Sean,rider/sean-christian
2026-03-28T07:04:41.019698Z,Ronde van Brugge,REMOVED,GHYS Robbe,rider/robbe-ghys
2026-03-28T07:04:41.019698Z,Dwars door Vlaanderen,REMOVED,BOULAHOITE Rayan,rider/rayan-boulahoite
2026-03-28T07:04:41.019698Z,Kuurne-Brussel-Kuurne,REMOVED,BOULAHOITE Rayan,rider/rayan-boulahoite
2026-03-28T07:04:41.019698Z,Scheldeprijs,REMOVED,BOULAHOITE Rayan,rider/rayan-boulahoite
2026-03-28T07:04:41.019698Z,Samyn Classic,REMOVED,BOULAHOITE Rayan,rider/rayan-boulahoite
2026-03-28T07:04:41.019698Z,Bredene Koksijde Classic,REMOVED,BOULAHOITE Rayan,rider/rayan-boulahoite
2026-03-28T07:04:41.019698Z,E3 Saxo Classic,REMOVED,BOULAHOITE Rayan,rider/rayan-boulahoite
2026-03-28T07:04:41.019698Z,Brabantse Pijl,REMOVED,JOUSSEAUME Alan,rider/alan-jousseaume
2026-03-28T07:04:41.019698Z,Omloop Nieuwsblad,REMOVED,KMÍNEK Vojtěch,rider/vojtech-kminek
2026-03-28T07:04:41.019698Z,Ronde van Limburg,REMOVED,KMÍNEK Vojtěch,rider/vojtech-kminek
2026-03-28T07:04:41.019698Z,E3 Saxo Classic,REMOVED,KMÍNEK Vojtěch,rider/vojtech-kminek
2026-03-28T07:04:41.019698Z,Dwars door Vlaanderen,REMOVED,KMÍNEK Vojtěch,rider/vojtech-kminek
2026-03-28T07:04:41.019698Z,Scheldeprijs,REMOVED,KMÍNEK Vojtěch,rider/vojtech-kminek
2026-03-28T07:04:41.019698Z,Ronde van Brugge,REMOVED,KMÍNEK Vojtěch,rider/vojtech-kminek
2026-03-28T07:04:41.019698Z,Brabantse Pijl,REMOVED,KMÍNEK Vojtěch,rider/vojtech-kminek
2026-03-28T07:04:41.019698Z,Kuurne-Brussel-Kuurne,REMOVED,KMÍNEK Vojtěch,rider/vojtech-kminek
2026-03-28T07:04:41.019698Z,Nokere Koerse,REMOVED,MICHIELSEN Thor,rider/thor-michielsen
2026-03-28T07:04:41.019698Z,Bredene Koksijde Classic,REMOVED,DISSEL Bram,rider/bram-dissel
2026-03-28T07:04:41.019698Z,Ronde van Limburg,REMOVED,DISSEL Bram,rider/bram-dissel
2026-03-28T07:04:41.019698Z,Nokere Koerse,REMOVED,DAINESE Alberto,rider/alberto-dainese
2026-03-28T07:04:41.019698Z,Bredene Koksijde Classic,REMOVED,DAINESE Alberto,rider/alberto-dainese
2026-03-28T07:04:41.019698Z,Ronde van Limburg,REMOVED,DAINESE Alberto,rider/alberto-dainese
2026-03-28T07:04:41.019698Z,Scheldeprijs,REMOVED,EENKHOORN Pascal,rider/pascal-eenkhoorn
2026-03-28T07:04:41.019698Z,Waalse Pijl,REMOVED,SCHULTZ Nick,rider/nick-schultz
2026-03-28T07:04:41.019698Z,Luik-Bastenaken-Luik,REMOVED,SCHULTZ Nick,rider/nick-schultz
2026-03-28T07:04:41.019698Z,Amstel Gold Race,REMOVED,SCHULTZ Nick,rider/nick-schultz
2026-03-28T07:04:41.019698Z,Strade Bianche,REMOVED,SCHULTZ Nick,rider/nick-schultz
2026-03-28T07:04:41.019698Z,Milaan-Sanremo,REMOVED,SCHULTZ Nick,rider/nick-schultz
2026-03-28T07:04:41.019698Z,Ronde van Brugge,REMOVED,POLLEFLIET Gianluca,rider/gianluca-pollefliet
2026-03-28T07:04:41.019698Z,Amstel Gold Race,REMOVED,POLLEFLIET Gianluca,rider/gianluca-pollefliet
2026-03-28T07:04:41.019698Z,Strade Bianche,REMOVED,PESCADOR Diego,rider/diego-pescador
2026-03-28T07:04:41.019698Z,Kuurne-Brussel-Kuurne,REMOVED,TOWNSEND Rory,rider/rory-townsend
2026-03-28T07:04:41.019698Z,Dwars door Vlaanderen,REMOVED,KRIJNSEN Jelte,rider/jelte-krijnsen
2026-03-28T07:04:41.019698Z,Omloop Nieuwsblad,REMOVED,KRIJNSEN Jelte,rider/jelte-krijnsen
2026-03-28T07:04:41.019698Z,Ronde van Brugge,REMOVED,KRIJNSEN Jelte,rider/jelte-krijnsen
2026-03-28T07:04:41.019698Z,Kuurne-Brussel-Kuurne,REMOVED,KRIJNSEN Jelte,rider/jelte-krijnsen
2026-03-28T07:04:41.019698Z,Parijs-Roubaix,REMOVED,KRIJNSEN Jelte,rider/jelte-krijnsen
2026-03-28T07:04:41.019698Z,Bredene Koksijde Classic,REMOVED,KRIJNSEN Jelte,rider/jelte-krijnsen
2026-03-28T07:04:41.019698Z,E3 Saxo Classic,REMOVED,KRIJNSEN Jelte,rider/jelte-krijnsen
2026-03-28T07:04:41.019698Z,Strade Bianche,REMOVED,REX Tim,rider/tim-rex
2026-03-28T07:04:41.019698Z,In Flanders Fields,REMOVED,REX Tim,rider/tim-rex
2026-03-28T07:04:41.019698Z,Amstel Gold Race,REMOVED,LUTSENKO Alexey,rider/aleksey-lutsenko
2026-03-28T07:04:41.019698Z,Nokere Koerse,REMOVED,CRABBE Tom,rider/tom-crabbe
2026-03-28T07:04:41.019698Z,Ronde van Limburg,REMOVED,CRABBE Tom,rider/tom-crabbe
2026-03-28T07:04:41.019698Z,Bredene Koksijde Classic,REMOVED,CRABBE Tom,rider/tom-crabbe
2026-03-28T07:04:41.019698Z,Dwars door Vlaanderen,REMOVED,CRABBE Tom,rider/tom-crabbe
2026-03-28T07:04:41.019698Z,Scheldeprijs,REMOVED,CRABBE Tom,rider/tom-crabbe
2026-03-28T07:04:41.019698Z,Ronde van Brugge,REMOVED,CRABBE Tom,rider/tom-crabbe
2026-03-28T07:04:41.019698Z,Kuurne-Brussel-Kuurne,REMOVED,CRABBE Tom,rider/tom-crabbe
2026-03-28T07:04:41.019698Z,In Flanders Fields,REMOVED,CRABBE Tom,rider/tom-crabbe
2026-03-28T07:04:41.019698Z,Samyn Classic,REMOVED,BÉNÉTEAU Lucas,rider/lucas-beneteau
2026-03-28T07:04:41.019698Z,Ronde van Vlaanderen,REMOVED,SERRANO Gonzalo,rider/gonzalo-serrano
2026-03-28T07:04:41.019698Z,Dwars door Vlaanderen,REMOVED,SERRANO Gonzalo,rider/gonzalo-serrano
2026-03-28T07:04:41.019698Z,Amstel Gold Race,REMOVED,SERRANO Gonzalo,rider/gonzalo-serrano
2026-03-28T07:04:41.019698Z,Ronde van Brugge,REMOVED,SERRANO Gonzalo,rider/gonzalo-serrano
2026-03-28T07:04:41.019698Z,Strade Bianche,REMOVED,SERRANO Gonzalo,rider/gonzalo-serrano
2026-03-28T07:04:41.019698Z,E3 Saxo Classic,REMOVED,SERRANO Gonzalo,rider/gonzalo-serrano
2026-03-28T07:04:41.019698Z,Ronde van Vlaanderen,REMOVED,BISSEGGER Stefan,rider/stefan-bissegger
2026-03-28T07:04:41.019698Z,Parijs-Roubaix,REMOVED,BISSEGGER Stefan,rider/stefan-bissegger
2026-03-28T07:04:41.019698Z,In Flanders Fields,REMOVED,BISSEGGER Stefan,rider/stefan-bissegger
2026-03-28T07:04:41.019698Z,Omloop Nieuwsblad,REMOVED,BISSEGGER Stefan,rider/stefan-bissegger
2026-03-28T07:04:41.019698Z,Ronde van Vlaanderen,REMOVED,VERCOUILLIE Victor,rider/victor-vercouillie
2026-03-28T07:04:41.019698Z,Omloop Nieuwsblad,REMOVED,VERCOUILLIE Victor,rider/victor-vercouillie
2026-03-28T07:04:41.019698Z,Ronde van Limburg,REMOVED,VERCOUILLIE Victor,rider/victor-vercouillie
2026-03-28T07:04:41.019698Z,In Flanders Fields,REMOVED,VERCOUILLIE Victor,rider/victor-vercouillie
2026-03-28T07:04:41.019698Z,Bredene Koksijde Classic,REMOVED,VERCOUILLIE Victor,rider/victor-vercouillie
2026-03-28T07:04:41.019698Z,Strade Bianche,REMOVED,MOSCON Gianni,rider/gianni-moscon
2026-03-28T07:04:41.019698Z,Milaan-Sanremo,REMOVED,MOSCON Gianni,rider/gianni-moscon
2026-03-28T07:04:41.019698Z,Brabantse Pijl,REMOVED,DEBEAUMARCHÉ Nicolas,rider/nicolas-debeaumarche
2026-03-28T07:04:41.019698Z,Bredene Koksijde Classic,REMOVED,DEBEAUMARCHÉ Nicolas,rider/nicolas-debeaumarche
2026-03-28T07:04:41.019698Z,Ronde van Limburg,REMOVED,DEBEAUMARCHÉ Nicolas,rider/nicolas-debeaumarche
2026-03-28T07:04:41.019698Z,Brabantse Pijl,REMOVED,VANDEN WIJNGAERT Matteo,rider/matteo-vanden-wijngaert
2026-03-28T07:04:41.019698Z,Ronde van Limburg,REMOVED,PEÁK Barnabás,rider/barnabas-peak
2026-03-28T07:04:41.019698Z,Dwars door Vlaanderen,REMOVED,BALLERSTEDT Maurice,rider/maurice-ballerstedt
2026-03-28T07:04:41.019698Z,Scheldeprijs,REMOVED,BALLERSTEDT Maurice,rider/maurice-ballerstedt
2026-03-28T07:04:41.019698Z,Dwars door Vlaanderen,REMOVED,ANDRESEN Tobias Lund,rider/tobias-lund-andresen
2026-03-28T07:04:41.019698Z,Milaan-Sanremo,REMOVED,ANDRESEN Tobias Lund,rider/tobias-lund-andresen
2026-03-28T07:04:41.019698Z,Omloop Nieuwsblad,REMOVED,ANDRESEN Tobias Lund,rider/tobias-lund-andresen
2026-03-28T07:04:41.019698Z,Kuurne-Brussel-Kuurne,REMOVED,ANDRESEN Tobias Lund,rider/tobias-lund-andresen
2026-03-28T07:04:41.019698Z,In Flanders Fields,REMOVED,ANDRESEN Tobias Lund,rider/tobias-lund-andresen
2026-03-28T07:04:41.019698Z,E3 Saxo Classic,REMOVED,ANDRESEN Tobias Lund,rider/tobias-lund-andresen
2026-03-28T07:04:41.019698Z,Ronde van Vlaanderen,REMOVED,TRENTIN Matteo,rider/matteo-trentin
2026-03-28T07:04:41.019698Z,Milaan-Sanremo,REMOVED,TRENTIN Matteo,rider/matteo-trentin
2026-03-28T07:04:41.019698Z,Omloop Nieuwsblad,REMOVED,TRENTIN Matteo,rider/matteo-trentin
2026-03-28T07:04:41.019698Z,Kuurne-Brussel-Kuurne,REMOVED,TRENTIN Matteo,rider/matteo-trentin
2026-03-28T07:04:41.019698Z,In Flanders Fields,REMOVED,TRENTIN Matteo,rider/matteo-trentin
2026-03-28T07:04:41.019698Z,E3 Saxo Classic,REMOVED,TRENTIN Matteo,rider/matteo-trentin
2026-03-28T07:04:41.019698Z,Brabantse Pijl,REMOVED,STRONG Corbin,rider/corbin-strong
2026-03-28T07:04:41.019698Z,Milaan-Sanremo,REMOVED,STRONG Corbin,rider/corbin-strong
2026-03-28T07:04:41.019698Z,Amstel Gold Race,REMOVED,FOSS Tobias,rider/tobias-foss
2026-03-28T07:04:41.019698Z,Ronde van Brugge,REMOVED,PEDERSEN Henrik,rider/henrik-pedersen
2026-03-28T07:04:41.019698Z,Kuurne-Brussel-Kuurne,REMOVED,PEDERSEN Henrik,rider/henrik-pedersen
2026-03-28T07:04:41.019698Z,Nokere Koerse,REMOVED,PEDERSEN Henrik,rider/henrik-pedersen
2026-03-28T07:04:41.019698Z,Bredene Koksijde Classic,REMOVED,PEDERSEN Henrik,rider/henrik-pedersen
2026-03-28T07:04:41.019698Z,Ronde van Vlaanderen,REMOVED,PLANCKAERT Edward,rider/edward-planckaert
2026-03-28T07:04:41.019698Z,Nokere Koerse,REMOVED,PLANCKAERT Edward,rider/edward-planckaert
2026-03-28T07:04:41.019698Z,Omloop Nieuwsblad,REMOVED,PLANCKAERT Edward,rider/edward-planckaert
2026-03-28T07:04:41.019698Z,Strade Bianche,REMOVED,PLANCKAERT Edward,rider/edward-planckaert
2026-03-28T07:04:41.019698Z,E3 Saxo Classic,REMOVED,PLANCKAERT Edward,rider/edward-planckaert
2026-03-28T07:04:41.019698Z,Dwars door Vlaanderen,REMOVED,PLANCKAERT Edward,rider/edward-planckaert
2026-03-28T07:04:41.019698Z,Kuurne-Brussel-Kuurne,REMOVED,PLANCKAERT Edward,rider/edward-planckaert
2026-03-28T07:04:41.019698Z,Milaan-Sanremo,REMOVED,PLANCKAERT Edward,rider/edward-planckaert
2026-03-28T07:04:41.019698Z,Samyn Classic,REMOVED,BASTIAENS Ayco,rider/ayco-bastiaens
2026-03-28T07:04:41.019698Z,Luik-Bastenaken-Luik,REMOVED,ULISSI Diego,rider/diego-ulissi
2026-03-28T07:04:41.019698Z,Waalse Pijl,REMOVED,ULISSI Diego,rider/diego-ulissi
2026-03-28T07:04:41.019698Z,Scheldeprijs,REMOVED,FINKŠT Tilen,rider/tilen-finkst
2026-03-28T07:04:41.019698Z,Brabantse Pijl,REMOVED,NERURKAR Lukas,rider/lukas-nerurkar
2026-03-28T07:04:41.019698Z,Strade Bianche,REMOVED,NERURKAR Lukas,rider/lukas-nerurkar
2026-03-28T07:04:41.019698Z,Amstel Gold Race,REMOVED,NERURKAR Lukas,rider/lukas-nerurkar
2026-03-28T07:04:41.019698Z,Strade Bianche,REMOVED,CHRISTEN Jan,rider/jan-christen
2026-03-28T07:04:41.019698Z,Amstel Gold Race,REMOVED,CHRISTEN Jan,rider/jan-christen
2026-03-28T07:04:41.019698Z,Milaan-Sanremo,REMOVED,CHRISTEN Jan,rider/jan-christen
2026-03-28T07:04:41.019698Z,Strade Bianche,REMOVED,THALMANN Roland,rider/roland-thalmann
2026-03-28T07:04:41.019698Z,Milaan-Sanremo,REMOVED,CAMPENAERTS Victor,rider/victor-campenaerts
2026-03-28T07:04:41.019698Z,Dwars door Vlaanderen,REMOVED,BJERG Mikkel,rider/mikkel-bjerg
2026-03-28T07:04:41.019698Z,Ronde van Vlaanderen,REMOVED,BJERG Mikkel,rider/mikkel-bjerg
2026-03-28T07:04:41.019698Z,E3 Saxo Classic,REMOVED,BJERG Mikkel,rider/mikkel-bjerg
2026-03-28T07:04:41.019698Z,Ronde van Vlaanderen,REMOVED,BIERMANS Jenthe,rider/jenthe-biermans
2026-03-28T07:04:41.019698Z,Nokere Koerse,REMOVED,BIERMANS Jenthe,rider/jenthe-biermans
2026-03-28T07:04:41.019698Z,Omloop Nieuwsblad,REMOVED,BIERMANS Jenthe,rider/jenthe-biermans
2026-03-28T07:04:41.019698Z,Ronde van Limburg,REMOVED,BIERMANS Jenthe,rider/jenthe-biermans
2026-03-28T07:04:41.019698Z,Ronde van Brugge,REMOVED,BIERMANS Jenthe,rider/jenthe-biermans
2026-03-28T07:04:41.019698Z,Samyn Classic,REMOVED,BIERMANS Jenthe,rider/jenthe-biermans
2026-03-28T07:04:41.019698Z,Brabantse Pijl,REMOVED,DOCKX Aaron,rider/aaron-dockx
2026-03-28T07:04:41.019698Z,Strade Bianche,REMOVED,DOCKX Aaron,rider/aaron-dockx
2026-03-28T07:04:41.019698Z,Samyn Classic,REMOVED,BOUMA Jelle,rider/jelle-bouma
2026-03-28T07:04:41.019698Z,Samyn Classic,REMOVED,SOMMER Jan,rider/jan-sommer
2026-03-28T07:04:41.019698Z,Ronde van Vlaanderen,REMOVED,ABRAHAMSEN Jonas,rider/jonas-abrahamsen
2026-03-28T07:04:41.019698Z,Omloop Nieuwsblad,REMOVED,ABRAHAMSEN Jonas,rider/jonas-abrahamsen
2026-03-28T07:04:41.019698Z,Parijs-Roubaix,REMOVED,ABRAHAMSEN Jonas,rider/jonas-abrahamsen
2026-03-28T07:04:41.019698Z,E3 Saxo Classic,REMOVED,ABRAHAMSEN Jonas,rider/jonas-abrahamsen
2026-03-28T07:04:41.019698Z,Dwars door Vlaanderen,REMOVED,ABRAHAMSEN Jonas,rider/jonas-abrahamsen
2026-03-28T07:04:41.019698Z,Kuurne-Brussel-Kuurne,REMOVED,ABRAHAMSEN Jonas,rider/jonas-abrahamsen
2026-03-28T07:04:41.019698Z,In Flanders Fields,REMOVED,ABRAHAMSEN Jonas,rider/jonas-abrahamsen
2026-03-28T07:04:41.019698Z,Milaan-Sanremo,REMOVED,ABRAHAMSEN Jonas,rider/jonas-abrahamsen
2026-03-28T07:04:41.019698Z,Ronde van Vlaanderen,REMOVED,TURNER Ben,rider/ben-turner
2026-03-28T07:04:41.019698Z,Omloop Nieuwsblad,REMOVED,TURNER Ben,rider/ben-turner
2026-03-28T07:04:41.019698Z,Amstel Gold Race,REMOVED,TURNER Ben,rider/ben-turner
2026-03-28T07:04:41.019698Z,E3 Saxo Classic,REMOVED,TURNER Ben,rider/ben-turner
2026-03-28T07:04:41.019698Z,Dwars door Vlaanderen,REMOVED,TURNER Ben,rider/ben-turner
2026-03-28T07:04:41.019698Z,Ronde van Brugge,REMOVED,TURNER Ben,rider/ben-turner
2026-03-28T07:04:41.019698Z,In Flanders Fields,REMOVED,TURNER Ben,rider/ben-turner
2026-03-28T07:04:41.019698Z,Milaan-Sanremo,REMOVED,TURNER Ben,rider/ben-turner
2026-03-28T07:04:41.019698Z,Samyn Classic,REMOVED,RIGOLE Brian,rider/brian-rigole
2026-03-28T07:04:41.019698Z,Ronde van Vlaanderen,REMOVED,JACOBS Johan,rider/johan-jacobs
2026-03-28T07:04:41.019698Z,Omloop Nieuwsblad,REMOVED,JACOBS Johan,rider/johan-jacobs
2026-03-28T07:04:41.019698Z,E3 Saxo Classic,REMOVED,JACOBS Johan,rider/johan-jacobs
2026-03-28T07:04:41.019698Z,Dwars door Vlaanderen,REMOVED,JACOBS Johan,rider/johan-jacobs
2026-03-28T07:04:41.019698Z,Ronde van Brugge,REMOVED,JACOBS Johan,rider/johan-jacobs
2026-03-28T07:04:41.019698Z,Kuurne-Brussel-Kuurne,REMOVED,JACOBS Johan,rider/johan-jacobs
2026-03-28T07:04:41.019698Z,In Flanders Fields,REMOVED,JACOBS Johan,rider/johan-jacobs
2026-03-28T07:04:41.019698Z,Milaan-Sanremo,REMOVED,JACOBS Johan,rider/johan-jacobs
2026-03-28T07:04:41.019698Z,Scheldeprijs,REMOVED,VAN DEN BOER Seppe,rider/seppe-van-den-boer
2026-03-28T07:04:41.019698Z,Nokere Koerse,REMOVED,VAN DEN BOER Seppe,rider/seppe-van-den-boer
2026-03-28T07:04:41.019698Z,Ronde van Vlaanderen,REMOVED,SÜTTERLIN Jasha,rider/jasha-sutterlin
2026-03-28T07:04:41.019698Z,Milaan-Sanremo,REMOVED,SÜTTERLIN Jasha,rider/jasha-sutterlin
2026-03-28T07:04:41.019698Z,Amstel Gold Race,REMOVED,SÜTTERLIN Jasha,rider/jasha-sutterlin
2026-03-28T07:04:41.019698Z,In Flanders Fields,REMOVED,SÜTTERLIN Jasha,rider/jasha-sutterlin
2026-03-28T07:04:41.019698Z,E3 Saxo Classic,REMOVED,SÜTTERLIN Jasha,rider/jasha-sutterlin
2026-03-28T07:04:41.019698Z,Ronde van Brugge,REMOVED,WELSFORD Sam,rider/sam-welsford
2026-03-28T07:04:41.019698Z,Dwars door Vlaanderen,REMOVED,WELSFORD Sam,rider/sam-welsford
2026-03-28T07:04:41.019698Z,Ronde van Vlaanderen,REMOVED,WELSFORD Sam,rider/sam-welsford
2026-03-28T07:04:41.019698Z,Strade Bianche,REMOVED,VENDRAME Andrea,rider/andrea-vendrame
2026-03-28T07:04:41.019698Z,Amstel Gold Race,REMOVED,VENDRAME Andrea,rider/andrea-vendrame
2026-03-28T07:04:41.019698Z,Milaan-Sanremo,REMOVED,VENDRAME Andrea,rider/andrea-vendrame
2026-03-28T07:04:41.019698Z,Ronde van Brugge,REMOVED,SUTER Joel,rider/joel-suter
2026-03-28T07:04:41.019698Z,Amstel Gold Race,REMOVED,SUTER Joel,rider/joel-suter
2026-03-28T07:04:41.019698Z,Strade Bianche,REMOVED,VERVAEKE Louis,rider/louis-vervaeke
2026-03-28T07:04:41.019698Z,Strade Bianche,REMOVED,GIULIANO Dario,rider/dario-giuliano
2026-03-28T07:04:41.019698Z,Ronde van Vlaanderen,REMOVED,GARCÍA CORTINA Iván,rider/ivan-garcia-cortina
2026-03-28T07:04:41.019698Z,Omloop Nieuwsblad,REMOVED,GARCÍA CORTINA Iván,rider/ivan-garcia-cortina
2026-03-28T07:04:41.019698Z,Amstel Gold Race,REMOVED,GARCÍA CORTINA Iván,rider/ivan-garcia-cortina
2026-03-28T07:04:41.019698Z,Parijs-Roubaix,REMOVED,GARCÍA CORTINA Iván,rider/ivan-garcia-cortina
2026-03-28T07:04:41.019698Z,E3 Saxo Classic,REMOVED,GARCÍA CORTINA Iván,rider/ivan-garcia-cortina
2026-03-28T07:04:41.019698Z,Dwars door Vlaanderen,REMOVED,GARCÍA CORTINA Iván,rider/ivan-garcia-cortina
2026-03-28T07:04:41.019698Z,Ronde van Brugge,REMOVED,GARCÍA CORTINA Iván,rider/ivan-garcia-cortina
2026-03-28T07:04:41.019698Z,Kuurne-Brussel-Kuurne,REMOVED,GARCÍA CORTINA Iván,rider/ivan-garcia-cortina
2026-03-28T07:04:41.019698Z,In Flanders Fields,REMOVED,GARCÍA CORTINA Iván,rider/ivan-garcia-cortina
2026-03-28T07:04:41.019698Z,Milaan-Sanremo,REMOVED,GARCÍA CORTINA Iván,rider/ivan-garcia-cortina
2026-03-28T07:04:41.019698Z,Brabantse Pijl,REMOVED,VAN MECHELEN Vlad,rider/vlad-van-mechelen
2026-03-28T07:04:41.019698Z,Omloop Nieuwsblad,REMOVED,VAN MECHELEN Vlad,rider/vlad-van-mechelen
2026-03-28T07:04:41.019698Z,Ronde van Vlaanderen,REMOVED,HAGENES Per Strand,rider/per-strand-hagenes
2026-03-28T07:04:41.019698Z,Dwars door Vlaanderen,REMOVED,HAGENES Per Strand,rider/per-strand-hagenes
2026-03-28T07:04:41.019698Z,Omloop Nieuwsblad,REMOVED,HAGENES Per Strand,rider/per-strand-hagenes
2026-03-28T07:04:41.019698Z,Samyn Classic,REMOVED,HAGENES Per Strand,rider/per-strand-hagenes
2026-03-28T07:04:41.019698Z,E3 Saxo Classic,REMOVED,HAGENES Per Strand,rider/per-strand-hagenes
2026-03-28T07:04:41.019698Z,Brabantse Pijl,REMOVED,AUGÉ Ronan,rider/ronan-auge
2026-03-28T07:04:41.019698Z,Nokere Koerse,REMOVED,AUGÉ Ronan,rider/ronan-auge
2026-03-28T07:04:41.019698Z,In Flanders Fields,REMOVED,AUGÉ Ronan,rider/ronan-auge
2026-03-28T07:04:41.019698Z,E3 Saxo Classic,REMOVED,AUGÉ Ronan,rider/ronan-auge
2026-03-28T07:04:41.019698Z,Ronde van Vlaanderen,REMOVED,GRADEK Kamil,rider/kamil-gradek
2026-03-28T07:04:41.019698Z,Omloop Nieuwsblad,REMOVED,GRADEK Kamil,rider/kamil-gradek
2026-03-28T07:04:41.019698Z,E3 Saxo Classic,REMOVED,GRADEK Kamil,rider/kamil-gradek
2026-03-28T07:04:41.019698Z,Dwars door Vlaanderen,REMOVED,GRADEK Kamil,rider/kamil-gradek
2026-03-28T07:04:41.019698Z,Scheldeprijs,REMOVED,GRADEK Kamil,rider/kamil-gradek
2026-03-28T07:04:41.019698Z,Ronde van Brugge,REMOVED,GRADEK Kamil,rider/kamil-gradek
2026-03-28T07:04:41.019698Z,Kuurne-Brussel-Kuurne,REMOVED,GRADEK Kamil,rider/kamil-gradek
2026-03-28T07:04:41.019698Z,In Flanders Fields,REMOVED,GRADEK Kamil,rider/kamil-gradek
2026-03-28T07:04:41.019698Z,Ronde van Vlaanderen,REMOVED,WITHEN PHILIPSEN Albert,rider/albert-withen-philipsen
2026-03-28T07:04:41.019698Z,Nokere Koerse,REMOVED,WITHEN PHILIPSEN Albert,rider/albert-withen-philipsen
2026-03-28T07:04:41.019698Z,Omloop Nieuwsblad,REMOVED,WITHEN PHILIPSEN Albert,rider/albert-withen-philipsen
2026-03-28T07:04:41.019698Z,Strade Bianche,REMOVED,WITHEN PHILIPSEN Albert,rider/albert-withen-philipsen
2026-03-28T07:04:41.019698Z,Bredene Koksijde Classic,REMOVED,WITHEN PHILIPSEN Albert,rider/albert-withen-philipsen
2026-03-28T07:04:41.019698Z,Milaan-Sanremo,REMOVED,MEURISSE Xandro,rider/xandro-meurisse
2026-03-28T07:04:41.019698Z,Omloop Nieuwsblad,REMOVED,MEURISSE Xandro,rider/xandro-meurisse
2026-03-28T07:04:41.019698Z,Ronde van Limburg,REMOVED,MEURISSE Xandro,rider/xandro-meurisse
2026-03-28T07:04:41.019698Z,Amstel Gold Race,REMOVED,MEURISSE Xandro,rider/xandro-meurisse
2026-03-28T07:04:41.019698Z,Brabantse Pijl,REMOVED,MEURISSE Xandro,rider/xandro-meurisse
2026-03-28T07:04:41.019698Z,Strade Bianche,REMOVED,MEURISSE Xandro,rider/xandro-meurisse
2026-03-28T07:04:41.019698Z,E3 Saxo Classic,REMOVED,MEURISSE Xandro,rider/xandro-meurisse
2026-03-28T07:04:41.019698Z,Milaan-Sanremo,REMOVED,BELLETTA Dario Igor,rider/dario-igor-belletta
2026-03-28T07:04:41.019698Z,Dwars door Vlaanderen,REMOVED,ERŽEN Žak,rider/zak-erzen
2026-03-28T07:04:41.019698Z,Scheldeprijs,REMOVED,ERŽEN Žak,rider/zak-erzen
2026-03-28T07:04:41.019698Z,Nokere Koerse,REMOVED,ERŽEN Žak,rider/zak-erzen
2026-03-28T07:04:41.019698Z,Ronde van Brugge,REMOVED,ERŽEN Žak,rider/zak-erzen
2026-03-28T07:04:41.019698Z,Samyn Classic,REMOVED,ERŽEN Žak,rider/zak-erzen
2026-03-28T07:04:41.019698Z,E3 Saxo Classic,REMOVED,ERŽEN Žak,rider/zak-erzen
2026-03-28T07:04:41.019698Z,Strade Bianche,REMOVED,MOLLEMA Bauke,rider/bauke-mollema
2026-03-28T07:04:41.019698Z,Amstel Gold Race,REMOVED,MOLLEMA Bauke,rider/bauke-mollema
2026-03-28T07:04:41.019698Z,Luik-Bastenaken-Luik,REMOVED,AYUSO Juan,rider/juan-ayuso-pesquera
2026-03-28T07:04:41.019698Z,Waalse Pijl,REMOVED,AYUSO Juan,rider/juan-ayuso-pesquera
2026-03-28T07:04:41.019698Z,Ronde van Vlaanderen,REMOVED,HOELGAARD Markus,rider/markus-hoelgaard
2026-03-28T07:04:41.019698Z,In Flanders Fields,REMOVED,HOELGAARD Markus,rider/markus-hoelgaard
2026-03-28T07:04:41.019698Z,Omloop Nieuwsblad,REMOVED,HOELGAARD Markus,rider/markus-hoelgaard
2026-03-28T07:04:41.019698Z,Strade Bianche,REMOVED,HOELGAARD Markus,rider/markus-hoelgaard
2026-03-28T07:04:41.019698Z,E3 Saxo Classic,REMOVED,HOELGAARD Markus,rider/markus-hoelgaard
2026-03-28T07:04:41.019698Z,Kuurne-Brussel-Kuurne,REMOVED,GEENS Jonas,rider/jonas-geens
2026-03-28T07:04:41.019698Z,Scheldeprijs,REMOVED,GEENS Jonas,rider/jonas-geens
2026-03-28T07:04:41.019698Z,Ronde van Brugge,REMOVED,GEENS Jonas,rider/jonas-geens
2026-03-28T07:04:41.019698Z,Samyn Classic,REMOVED,GEENS Jonas,rider/jonas-geens
2026-03-28T07:04:41.019698Z,In Flanders Fields,REMOVED,GEENS Jonas,rider/jonas-geens
2026-03-28T07:04:41.019698Z,Strade Bianche,REMOVED,MÜHLBERGER Gregor,rider/gregor-muhlberger
2026-03-28T07:04:41.019698Z,Kuurne-Brussel-Kuurne,REMOVED,SKUJIŅŠ Toms,rider/toms-skujins
2026-03-28T07:04:41.019698Z,Omloop Nieuwsblad,REMOVED,SKUJIŅŠ Toms,rider/toms-skujins
2026-03-28T07:04:41.019698Z,Ronde van Limburg,REMOVED,SKUJIŅŠ Toms,rider/toms-skujins
2026-03-28T07:04:41.019698Z,Ronde van Vlaanderen,REMOVED,RESELL Erik Nordsæter,rider/erik-nordsaeter-resell
2026-03-28T07:04:41.019698Z,Dwars door Vlaanderen,REMOVED,RESELL Erik Nordsæter,rider/erik-nordsaeter-resell
2026-03-28T07:04:41.019698Z,Omloop Nieuwsblad,REMOVED,RESELL Erik Nordsæter,rider/erik-nordsaeter-resell
2026-03-28T07:04:41.019698Z,Ronde van Brugge,REMOVED,RESELL Erik Nordsæter,rider/erik-nordsaeter-resell
2026-03-28T07:04:41.019698Z,Kuurne-Brussel-Kuurne,REMOVED,RESELL Erik Nordsæter,rider/erik-nordsaeter-resell
2026-03-28T07:04:41.019698Z,In Flanders Fields,REMOVED,RESELL Erik Nordsæter,rider/erik-nordsaeter-resell
2026-03-28T07:04:41.019698Z,Milaan-Sanremo,REMOVED,RESELL Erik Nordsæter,rider/erik-nordsaeter-resell
2026-03-28T07:04:41.019698Z,Brabantse Pijl,REMOVED,DEBRUYNE Ramses,rider/ramses-debruyne
2026-03-28T07:04:41.019698Z,Kuurne-Brussel-Kuurne,REMOVED,KESSLER Cole,rider/cole-kessler
2026-03-28T07:04:41.019698Z,Nokere Koerse,REMOVED,KESSLER Cole,rider/cole-kessler
2026-03-28T07:04:41.019698Z,Scheldeprijs,REMOVED,KESSLER Cole,rider/cole-kessler
2026-03-28T07:04:41.019698Z,Ronde van Vlaanderen,REMOVED,MOZZATO Luca,rider/luca-mozzato
2026-03-28T07:04:41.019698Z,Omloop Nieuwsblad,REMOVED,MOZZATO Luca,rider/luca-mozzato
2026-03-28T07:04:41.019698Z,Ronde van Brugge,REMOVED,MOZZATO Luca,rider/luca-mozzato
2026-03-28T07:04:41.019698Z,Kuurne-Brussel-Kuurne,REMOVED,MOZZATO Luca,rider/luca-mozzato
2026-03-28T07:04:41.019698Z,In Flanders Fields,REMOVED,MOZZATO Luca,rider/luca-mozzato
2026-03-28T07:04:41.019698Z,Bredene Koksijde Classic,REMOVED,MOZZATO Luca,rider/luca-mozzato
2026-03-28T07:04:41.019698Z,Ronde van Vlaanderen,REMOVED,ROMELE Alessandro,rider/alessandro-romele
2026-03-28T07:04:41.019698Z,Dwars door Vlaanderen,REMOVED,ROMELE Alessandro,rider/alessandro-romele
2026-03-28T07:04:41.019698Z,Omloop Nieuwsblad,REMOVED,ROMELE Alessandro,rider/alessandro-romele
2026-03-28T07:04:41.019698Z,Kuurne-Brussel-Kuurne,REMOVED,ROMELE Alessandro,rider/alessandro-romele
2026-03-28T07:04:41.019698Z,Bredene Koksijde Classic,REMOVED,ROMELE Alessandro,rider/alessandro-romele
2026-03-28T07:04:41.019698Z,E3 Saxo Classic,REMOVED,ROMELE Alessandro,rider/alessandro-romele
2026-03-28T07:04:41.019698Z,Amstel Gold Race,REMOVED,SCARONI Christian,rider/christian-scaroni
2026-03-28T07:04:41.019698Z,Luik-Bastenaken-Luik,REMOVED,SCARONI Christian,rider/christian-scaroni
2026-03-28T07:04:41.019698Z,Waalse Pijl,REMOVED,SCARONI Christian,rider/christian-scaroni
2026-03-28T07:04:41.019698Z,Kuurne-Brussel-Kuurne,REMOVED,PAJUR Romet,rider/romet-pajur
2026-03-28T07:04:41.019698Z,Ronde van Vlaanderen,REMOVED,SCHWARZBACHER Matthias,rider/matthias-schwarzbacher
2026-03-28T07:04:41.019698Z,Dwars door Vlaanderen,REMOVED,SCHWARZBACHER Matthias,rider/matthias-schwarzbacher
2026-03-28T07:04:41.019698Z,Ronde van Brugge,REMOVED,SCHWARZBACHER Matthias,rider/matthias-schwarzbacher
2026-03-28T07:04:41.019698Z,In Flanders Fields,REMOVED,SCHWARZBACHER Matthias,rider/matthias-schwarzbacher
2026-03-28T07:04:41.019698Z,E3 Saxo Classic,REMOVED,SCHWARZBACHER Matthias,rider/matthias-schwarzbacher
2026-03-28T07:04:41.019698Z,Kuurne-Brussel-Kuurne,REMOVED,THIERRY Pierre,rider/pierre-thierry
2026-03-28T07:04:41.019698Z,Scheldeprijs,REMOVED,THIERRY Pierre,rider/pierre-thierry
2026-03-28T07:04:41.019698Z,Nokere Koerse,REMOVED,THIERRY Pierre,rider/pierre-thierry
2026-03-28T07:04:41.019698Z,Ronde van Brugge,REMOVED,THIERRY Pierre,rider/pierre-thierry
2026-03-28T07:04:41.019698Z,Samyn Classic,REMOVED,THIERRY Pierre,rider/pierre-thierry
2026-03-28T07:04:41.019698Z,Ronde van Vlaanderen,REMOVED,ALLENO Clément,rider/clement-alleno
2026-03-28T07:04:41.019698Z,Dwars door Vlaanderen,REMOVED,ALLENO Clément,rider/clement-alleno
2026-03-28T07:04:41.019698Z,Scheldeprijs,REMOVED,ALLENO Clément,rider/clement-alleno
2026-03-28T07:04:41.019698Z,Omloop Nieuwsblad,REMOVED,ALLENO Clément,rider/clement-alleno
2026-03-28T07:04:41.019698Z,Kuurne-Brussel-Kuurne,REMOVED,ALLENO Clément,rider/clement-alleno
2026-03-28T07:04:41.019698Z,In Flanders Fields,REMOVED,ALLENO Clément,rider/clement-alleno
2026-03-28T07:04:41.019698Z,E3 Saxo Classic,REMOVED,ALLENO Clément,rider/clement-alleno
2026-03-28T07:04:41.019698Z,Scheldeprijs,REMOVED,VAN DEN BOSSCHE Fabio,rider/fabio-van-den-bossche
2026-03-28T07:04:41.019698Z,Ronde van Limburg,REMOVED,VAN DEN BOSSCHE Fabio,rider/fabio-van-den-bossche
2026-03-28T07:04:41.019698Z,Ronde van Brugge,REMOVED,VAN DEN BOSSCHE Fabio,rider/fabio-van-den-bossche
2026-03-28T07:04:41.019698Z,In Flanders Fields,REMOVED,VAN DEN BOSSCHE Fabio,rider/fabio-van-den-bossche
2026-03-28T07:04:41.019698Z,Milaan-Sanremo,REMOVED,VAN DEN BOSSCHE Fabio,rider/fabio-van-den-bossche
2026-03-28T07:04:41.019698Z,Strade Bianche,REMOVED,GUALDI Simone,rider/simone-gualdi
2026-03-28T07:04:41.019698Z,Bredene Koksijde Classic,REMOVED,MCGILL Scott,rider/scott-mcgill
2026-03-28T07:04:41.019698Z,Ronde van Limburg,REMOVED,MCGILL Scott,rider/scott-mcgill
2026-03-28T07:04:41.019698Z,Ronde van Vlaanderen,REMOVED,PEDERSEN Casper,rider/casper-pedersen
2026-03-28T07:04:41.019698Z,Dwars door Vlaanderen,REMOVED,PEDERSEN Casper,rider/casper-pedersen
2026-03-28T07:04:41.019698Z,Milaan-Sanremo,REMOVED,PEDERSEN Casper,rider/casper-pedersen
2026-03-28T07:04:41.019698Z,Omloop Nieuwsblad,REMOVED,PEDERSEN Casper,rider/casper-pedersen
2026-03-28T07:04:41.019698Z,E3 Saxo Classic,REMOVED,PEDERSEN Casper,rider/casper-pedersen
2026-03-28T07:04:41.019698Z,Strade Bianche,REMOVED,JOHANNESSEN Tobias Halland,rider/tobias-halland-johannessen
2026-03-28T07:04:41.019698Z,Luik-Bastenaken-Luik,REMOVED,JOHANNESSEN Tobias Halland,rider/tobias-halland-johannessen
2026-03-28T07:04:41.019698Z,Waalse Pijl,REMOVED,JOHANNESSEN Tobias Halland,rider/tobias-halland-johannessen
2026-03-28T07:04:41.019698Z,Strade Bianche,REMOVED,FANCELLU Alessandro,rider/alessandro-fancellu
2026-03-28T07:04:41.019698Z,Brabantse Pijl,REMOVED,STERCK Joppe,rider/joppe-sterck
2026-03-28T07:04:41.019698Z,Ronde van Limburg,REMOVED,STERCK Joppe,rider/joppe-sterck
2026-03-28T07:04:41.019698Z,Ronde van Vlaanderen,REMOVED,FRISON Frederik,rider/frederik-frison
2026-03-28T07:04:41.019698Z,Nokere Koerse,REMOVED,FRISON Frederik,rider/frederik-frison
2026-03-28T07:04:41.019698Z,Omloop Nieuwsblad,REMOVED,FRISON Frederik,rider/frederik-frison
2026-03-28T07:04:41.019698Z,Ronde van Limburg,REMOVED,FRISON Frederik,rider/frederik-frison
2026-03-28T07:04:41.019698Z,Bredene Koksijde Classic,REMOVED,FRISON Frederik,rider/frederik-frison
2026-03-28T07:04:41.019698Z,E3 Saxo Classic,REMOVED,FRISON Frederik,rider/frederik-frison
2026-03-28T07:04:41.019698Z,Dwars door Vlaanderen,REMOVED,FRISON Frederik,rider/frederik-frison
2026-03-28T07:04:41.019698Z,Scheldeprijs,REMOVED,FRISON Frederik,rider/frederik-frison
2026-03-28T07:04:41.019698Z,Kuurne-Brussel-Kuurne,REMOVED,FRISON Frederik,rider/frederik-frison
2026-03-28T07:04:41.019698Z,In Flanders Fields,REMOVED,FRISON Frederik,rider/frederik-frison
2026-03-28T07:04:41.019698Z,Scheldeprijs,REMOVED,BELMANS Lennert,rider/lennert-belmans
2026-03-28T07:04:41.019698Z,Omloop Nieuwsblad,REMOVED,BELMANS Lennert,rider/lennert-belmans
2026-03-28T07:04:41.019698Z,Ronde van Limburg,REMOVED,BELMANS Lennert,rider/lennert-belmans
2026-03-28T07:04:41.019698Z,Amstel Gold Race,REMOVED,BELMANS Lennert,rider/lennert-belmans
2026-03-28T07:04:41.019698Z,Brabantse Pijl,REMOVED,BELMANS Lennert,rider/lennert-belmans
2026-03-28T07:04:41.019698Z,Bredene Koksijde Classic,REMOVED,BELMANS Lennert,rider/lennert-belmans
2026-03-28T07:04:41.019698Z,Ronde van Brugge,REMOVED,ORINS Robin,rider/robin-orins
2026-03-28T07:04:41.019698Z,Amstel Gold Race,REMOVED,ORINS Robin,rider/robin-orins
2026-03-28T07:04:41.019698Z,Ronde van Limburg,REMOVED,ORINS Robin,rider/robin-orins
2026-03-28T07:04:41.019698Z,Samyn Classic,REMOVED,VAN NIEKERK Morné,rider/morne-van-niekerk
2026-03-28T07:04:41.019698Z,Ronde van Vlaanderen,REMOVED,VAN AERT Wout,rider/wout-van-aert
2026-03-28T07:04:41.019698Z,Dwars door Vlaanderen,REMOVED,VAN AERT Wout,rider/wout-van-aert
2026-03-28T07:04:41.019698Z,In Flanders Fields,REMOVED,VAN AERT Wout,rider/wout-van-aert
2026-03-28T07:04:41.019698Z,Samyn Classic,REMOVED,VAN AERT Wout,rider/wout-van-aert
2026-03-28T07:04:41.019698Z,Parijs-Roubaix,REMOVED,VAN AERT Wout,rider/wout-van-aert
2026-03-28T07:04:41.019698Z,Strade Bianche,REMOVED,VAN AERT Wout,rider/wout-van-aert
2026-03-28T07:04:41.019698Z,Milaan-Sanremo,REMOVED,VAN AERT Wout,rider/wout-van-aert
2026-03-28T07:04:41.019698Z,Dwars door Vlaanderen,REMOVED,MORGADO António,rider/antonio-morgado
2026-03-28T07:04:41.019698Z,Ronde van Vlaanderen,REMOVED,MORGADO António,rider/antonio-morgado
2026-03-28T07:04:41.019698Z,Nokere Koerse,REMOVED,MORGADO António,rider/antonio-morgado
2026-03-28T07:04:41.019698Z,E3 Saxo Classic,REMOVED,MORGADO António,rider/antonio-morgado
2026-03-28T07:04:41.019698Z,Ronde van Vlaanderen,REMOVED,DE LA CALLE Hugo,rider/hugo-de-la-calle-arango
2026-03-28T07:04:41.019698Z,Dwars door Vlaanderen,REMOVED,DE LA CALLE Hugo,rider/hugo-de-la-calle-arango
2026-03-28T07:04:41.019698Z,Scheldeprijs,REMOVED,DE LA CALLE Hugo,rider/hugo-de-la-calle-arango
2026-03-28T07:04:41.019698Z,Ronde van Limburg,REMOVED,DE LA CALLE Hugo,rider/hugo-de-la-calle-arango
2026-03-28T07:04:41.019698Z,Brabantse Pijl,REMOVED,DE LA CALLE Hugo,rider/hugo-de-la-calle-arango
2026-03-28T07:04:41.019698Z,In Flanders Fields,REMOVED,DE LA CALLE Hugo,rider/hugo-de-la-calle-arango
2026-03-28T07:04:41.019698Z,E3 Saxo Classic,REMOVED,DE LA CALLE Hugo,rider/hugo-de-la-calle-arango
2026-03-28T07:04:41.019698Z,Brabantse Pijl,REMOVED,FRIGO Marco,rider/marco-frigo
2026-03-28T07:04:41.019698Z,Amstel Gold Race,REMOVED,FRIGO Marco,rider/marco-frigo
2026-03-28T07:04:41.019698Z,Kuurne-Brussel-Kuurne,REMOVED,DE JONG Timo,rider/timo-de-jong
2026-03-28T07:04:41.019698Z,Omloop Nieuwsblad,REMOVED,DE JONG Timo,rider/timo-de-jong
2026-03-28T07:04:41.019698Z,Strade Bianche,REMOVED,FOX Matthew,rider/matthew-fox2
2026-03-28T07:04:41.019698Z,Ronde van Limburg,REMOVED,FOX Matthew,rider/matthew-fox2
2026-03-28T07:04:41.019698Z,Bredene Koksijde Classic,REMOVED,SU Haoyu,rider/haoyu-su
2026-03-28T07:04:41.019698Z,Ronde van Limburg,REMOVED,VAN STRIJTHEM Matijs,rider/matijs-van-strijthem
2026-03-28T07:04:41.019698Z,Ronde van Vlaanderen,REMOVED,RUSSO Clément,rider/clement-russo
2026-03-28T07:04:41.019698Z,Dwars door Vlaanderen,REMOVED,RUSSO Clément,rider/clement-russo
2026-03-28T07:04:41.019698Z,Milaan-Sanremo,REMOVED,RUSSO Clément,rider/clement-russo
2026-03-28T07:04:41.019698Z,Omloop Nieuwsblad,REMOVED,RUSSO Clément,rider/clement-russo
2026-03-28T07:04:41.019698Z,Kuurne-Brussel-Kuurne,REMOVED,RUSSO Clément,rider/clement-russo
2026-03-28T07:04:41.019698Z,In Flanders Fields,REMOVED,RUSSO Clément,rider/clement-russo
2026-03-28T07:04:41.019698Z,E3 Saxo Classic,REMOVED,RUSSO Clément,rider/clement-russo
2026-03-28T07:04:41.019698Z,Ronde van Vlaanderen,REMOVED,TEUNISSEN Mike,rider/mike-teunissen
2026-03-28T07:04:41.019698Z,Milaan-Sanremo,REMOVED,TEUNISSEN Mike,rider/mike-teunissen
2026-03-28T07:04:41.019698Z,Omloop Nieuwsblad,REMOVED,TEUNISSEN Mike,rider/mike-teunissen
2026-03-28T07:04:41.019698Z,Kuurne-Brussel-Kuurne,REMOVED,TEUNISSEN Mike,rider/mike-teunissen
2026-03-28T07:04:41.019698Z,Parijs-Roubaix,REMOVED,TEUNISSEN Mike,rider/mike-teunissen
2026-03-28T07:04:41.019698Z,In Flanders Fields,REMOVED,TEUNISSEN Mike,rider/mike-teunissen
2026-03-28T07:04:41.019698Z,E3 Saxo Classic,REMOVED,TEUNISSEN Mike,rider/mike-teunissen
2026-03-28T07:04:41.019698Z,Brabantse Pijl,REMOVED,RYAN Archie,rider/archie-ryan
2026-03-28T07:04:41.019698Z,Milaan-Sanremo,REMOVED,ARMITT Hamish,rider/hamish-armitt
2026-03-28T07:04:41.019698Z,Waalse Pijl,REMOVED,LAURANCE Axel,rider/axel-laurance
2026-03-28T07:04:41.019698Z,Luik-Bastenaken-Luik,REMOVED,LAURANCE Axel,rider/axel-laurance
2026-03-28T07:04:41.019698Z,Strade Bianche,REMOVED,LAURANCE Axel,rider/axel-laurance
2026-03-28T07:04:41.019698Z,Milaan-Sanremo,REMOVED,LAURANCE Axel,rider/axel-laurance
2026-03-28T07:04:41.019698Z,Milaan-Sanremo,REMOVED,PERON Andrea,rider/andrea-peron
2026-03-28T07:04:41.019698Z,Ronde van Brugge,REMOVED,TENE Rotem,rider/rotem-tene
2026-03-28T07:04:41.019698Z,Scheldeprijs,REMOVED,TENE Rotem,rider/rotem-tene
2026-03-28T07:04:41.019698Z,Nokere Koerse,REMOVED,TENE Rotem,rider/rotem-tene
2026-03-28T07:04:41.019698Z,Bredene Koksijde Classic,REMOVED,TENE Rotem,rider/rotem-tene
2026-03-28T07:04:41.019698Z,Samyn Classic,REMOVED,ROUILLER Loris,rider/loris-rouiller
2026-03-28T07:04:41.019698Z,Ronde van Brugge,REMOVED,GIDDINGS Joshua,rider/joshua-giddings
2026-03-28T07:04:41.019698Z,Scheldeprijs,REMOVED,GIDDINGS Joshua,rider/joshua-giddings
2026-03-28T07:04:41.019698Z,Nokere Koerse,REMOVED,GIDDINGS Joshua,rider/joshua-giddings
2026-03-28T07:04:41.019698Z,Bredene Koksijde Classic,REMOVED,GIDDINGS Joshua,rider/joshua-giddings
2026-03-28T07:04:41.019698Z,Nokere Koerse,REMOVED,DARDER Sergi,rider/sergi-darder
2026-03-28T07:04:41.019698Z,Bredene Koksijde Classic,REMOVED,DARDER Sergi,rider/sergi-darder
2026-03-28T07:04:41.019698Z,Bredene Koksijde Classic,REMOVED,GOOSSENS Simon,rider/simon-goossens123456789
2026-03-28T07:04:41.019698Z,Strade Bianche,REMOVED,DONOVAN Mark,rider/mark-donovan
2026-03-28T07:04:41.019698Z,Milaan-Sanremo,REMOVED,DONOVAN Mark,rider/mark-donovan
2026-03-28T07:04:41.019698Z,Waalse Pijl,REMOVED,CICCONE Giulio,rider/giulio-ciccone
2026-03-28T07:04:41.019698Z,Luik-Bastenaken-Luik,REMOVED,CICCONE Giulio,rider/giulio-ciccone
2026-03-28T07:04:41.019698Z,Amstel Gold Race,REMOVED,CICCONE Giulio,rider/giulio-ciccone
2026-03-28T07:04:41.019698Z,Milaan-Sanremo,REMOVED,CICCONE Giulio,rider/giulio-ciccone
2026-03-28T07:04:41.019698Z,Amstel Gold Race,REMOVED,SKAARSETH Anders,rider/anders-skaarseth
2026-03-28T07:04:41.019698Z,Brabantse Pijl,REMOVED,SKAARSETH Anders,rider/anders-skaarseth
2026-03-28T07:04:41.019698Z,Strade Bianche,REMOVED,SKAARSETH Anders,rider/anders-skaarseth
2026-03-28T07:04:41.019698Z,Milaan-Sanremo,REMOVED,SKAARSETH Anders,rider/anders-skaarseth
2026-03-28T07:04:41.019698Z,Brabantse Pijl,REMOVED,MOLARD Rudy,rider/rudy-molard
2026-03-28T07:04:41.019698Z,Amstel Gold Race,REMOVED,MOLARD Rudy,rider/rudy-molard
2026-03-28T07:04:41.019698Z,Ronde van Vlaanderen,REMOVED,TRONCHON Bastien,rider/bastien-tronchon
2026-03-28T07:04:41.019698Z,Nokere Koerse,REMOVED,TRONCHON Bastien,rider/bastien-tronchon
2026-03-28T07:04:41.019698Z,Omloop Nieuwsblad,REMOVED,TRONCHON Bastien,rider/bastien-tronchon
2026-03-28T07:04:41.019698Z,Parijs-Roubaix,REMOVED,TRONCHON Bastien,rider/bastien-tronchon
2026-03-28T07:04:41.019698Z,E3 Saxo Classic,REMOVED,TRONCHON Bastien,rider/bastien-tronchon
2026-03-28T07:04:41.019698Z,Dwars door Vlaanderen,REMOVED,TRONCHON Bastien,rider/bastien-tronchon
2026-03-28T07:04:41.019698Z,Kuurne-Brussel-Kuurne,REMOVED,TRONCHON Bastien,rider/bastien-tronchon
2026-03-28T07:04:41.019698Z,In Flanders Fields,REMOVED,TRONCHON Bastien,rider/bastien-tronchon
2026-03-28T07:04:41.019698Z,Milaan-Sanremo,REMOVED,TRONCHON Bastien,rider/bastien-tronchon
2026-03-28T07:04:41.019698Z,Samyn Classic,REMOVED,HUITEMA Jasper,rider/jasper-huitema
2026-03-28T07:04:41.019698Z,Strade Bianche,REMOVED,STENICO Mattia,rider/mattia-stenico
2026-03-28T07:04:41.019698Z,Brabantse Pijl,REMOVED,GAVIRIA Fernando,rider/fernando-gaviria
2026-03-28T07:04:41.019698Z,Ronde van Limburg,REMOVED,GAVIRIA Fernando,rider/fernando-gaviria
2026-03-28T07:04:41.019698Z,Strade Bianche,REMOVED,MARTINELLI Alessio,rider/alessio-martinelli
2026-03-28T07:04:41.019698Z,Amstel Gold Race,REMOVED,ZIMMERMANN Georg,rider/georg-zimmermann
2026-03-28T07:04:41.019698Z,Milaan-Sanremo,REMOVED,ZIMMERMANN Georg,rider/georg-zimmermann
2026-03-28T07:04:41.019698Z,Milaan-Sanremo,REMOVED,THOMAS Benjamin,rider/benjamin-thomas-2
2026-03-28T07:04:41.019698Z,Ronde van Vlaanderen,REMOVED,PITHIE Laurence,rider/laurence-pithie
2026-03-28T07:04:41.019698Z,Omloop Nieuwsblad,REMOVED,PITHIE Laurence,rider/laurence-pithie
2026-03-28T07:04:41.019698Z,Parijs-Roubaix,REMOVED,PITHIE Laurence,rider/laurence-pithie
2026-03-28T07:04:41.019698Z,E3 Saxo Classic,REMOVED,PITHIE Laurence,rider/laurence-pithie
2026-03-28T07:04:41.019698Z,Dwars door Vlaanderen,REMOVED,PITHIE Laurence,rider/laurence-pithie
2026-03-28T07:04:41.019698Z,Kuurne-Brussel-Kuurne,REMOVED,PITHIE Laurence,rider/laurence-pithie
2026-03-28T07:04:41.019698Z,In Flanders Fields,REMOVED,PITHIE Laurence,rider/laurence-pithie
2026-03-28T07:04:41.019698Z,Milaan-Sanremo,REMOVED,PITHIE Laurence,rider/laurence-pithie
2026-03-28T07:04:41.019698Z,Brabantse Pijl,REMOVED,PRADES Eduard,rider/eduard-prades
2026-03-28T07:04:41.019698Z,Amstel Gold Race,REMOVED,PRADES Eduard,rider/eduard-prades
2026-03-28T07:04:41.019698Z,Ronde van Limburg,REMOVED,PRADES Eduard,rider/eduard-prades
2026-03-28T07:04:41.019698Z,Strade Bianche,REMOVED,CÔTÉ Pier-André,rider/pier-andre-cote
2026-03-28T07:04:41.019698Z,Milaan-Sanremo,REMOVED,CÔTÉ Pier-André,rider/pier-andre-cote
2026-03-28T07:04:41.019698Z,Scheldeprijs,REMOVED,SANTY Arne,rider/arne-santy
2026-03-28T07:04:41.019698Z,Nokere Koerse,REMOVED,SANTY Arne,rider/arne-santy
2026-03-28T07:04:41.019698Z,Ronde van Limburg,REMOVED,SANTY Arne,rider/arne-santy
2026-03-28T07:04:41.019698Z,Samyn Classic,REMOVED,SANTY Arne,rider/arne-santy
2026-03-28T07:04:41.019698Z,Bredene Koksijde Classic,REMOVED,SANTY Arne,rider/arne-santy
2026-03-28T07:04:41.019698Z,Ronde van Limburg,REMOVED,SMØRÅS Filip,rider/filip-smoras
2026-03-28T07:04:41.019698Z,Kuurne-Brussel-Kuurne,REMOVED,PICKRELL Riley,rider/riley-pickrell
2026-03-28T07:04:41.019698Z,Scheldeprijs,REMOVED,PICKRELL Riley,rider/riley-pickrell
2026-03-28T07:04:41.019698Z,Samyn Classic,REMOVED,PICKRELL Riley,rider/riley-pickrell
2026-03-28T07:04:41.019698Z,Samyn Classic,REMOVED,HUPPERTZ Joshua,rider/joshua-huppertz
2026-03-28T07:04:41.019698Z,Strade Bianche,REMOVED,SIMMONS Quinn,rider/quinn-simmons
2026-03-28T07:04:41.019698Z,Amstel Gold Race,REMOVED,SIMMONS Quinn,rider/quinn-simmons
2026-03-28T07:04:41.019698Z,Ronde van Vlaanderen,REMOVED,PAGE Hugo,rider/hugo-page
2026-03-28T07:04:41.019698Z,Nokere Koerse,REMOVED,PAGE Hugo,rider/hugo-page
2026-03-28T07:04:41.019698Z,Omloop Nieuwsblad,REMOVED,PAGE Hugo,rider/hugo-page
2026-03-28T07:04:41.019698Z,Samyn Classic,REMOVED,PAGE Hugo,rider/hugo-page
2026-03-28T07:04:41.019698Z,Bredene Koksijde Classic,REMOVED,PAGE Hugo,rider/hugo-page
2026-03-28T07:04:41.019698Z,Dwars door Vlaanderen,REMOVED,PAGE Hugo,rider/hugo-page
2026-03-28T07:04:41.019698Z,Kuurne-Brussel-Kuurne,REMOVED,PAGE Hugo,rider/hugo-page
2026-03-28T07:04:41.019698Z,In Flanders Fields,REMOVED,PAGE Hugo,rider/hugo-page
2026-03-28T07:04:41.019698Z,Amstel Gold Race,REMOVED,LOOCKX Lander,rider/lander-loockx
2026-03-28T07:04:41.019698Z,Brabantse Pijl,REMOVED,LOOCKX Lander,rider/lander-loockx
2026-03-28T07:04:41.019698Z,Strade Bianche,REMOVED,LOOCKX Lander,rider/lander-loockx
2026-03-28T07:04:41.019698Z,E3 Saxo Classic,REMOVED,LOOCKX Lander,rider/lander-loockx
2026-03-28T07:04:41.019698Z,Brabantse Pijl,REMOVED,SWEENY Harry,rider/harry-sweeny
2026-03-28T07:04:41.019698Z,Amstel Gold Race,REMOVED,SWEENY Harry,rider/harry-sweeny
2026-03-28T07:04:41.019698Z,Milaan-Sanremo,REMOVED,SWEENY Harry,rider/harry-sweeny
2026-03-28T07:04:41.019698Z,Strade Bianche,REMOVED,LECERF Junior,rider/junior-lecerf
2026-03-28T07:04:41.019698Z,Brabantse Pijl,REMOVED,KRON Andreas,rider/andreas-kron
2026-03-28T07:04:41.019698Z,Strade Bianche,REMOVED,KRON Andreas,rider/andreas-kron
2026-03-28T07:04:41.019698Z,Amstel Gold Race,REMOVED,KRON Andreas,rider/andreas-kron
2026-03-28T07:04:41.019698Z,In Flanders Fields,REMOVED,SHMIDT Artem,rider/artem-shmidt
2026-03-28T07:04:41.019698Z,Omloop Nieuwsblad,REMOVED,SHMIDT Artem,rider/artem-shmidt
2026-03-28T07:04:41.019698Z,Ronde van Brugge,REMOVED,SHMIDT Artem,rider/artem-shmidt
2026-03-28T07:04:41.019698Z,Strade Bianche,REMOVED,SHMIDT Artem,rider/artem-shmidt
2026-03-28T07:04:41.019698Z,E3 Saxo Classic,REMOVED,SHMIDT Artem,rider/artem-shmidt
2026-03-28T07:04:41.019698Z,Brabantse Pijl,REMOVED,MARTÍ Pau,rider/pau-marti-soriano
2026-03-28T07:04:41.019698Z,Strade Bianche,REMOVED,MARTÍ Pau,rider/pau-marti-soriano
2026-03-28T07:04:41.019698Z,Amstel Gold Race,REMOVED,MARTÍ Pau,rider/pau-marti-soriano
2026-03-28T07:04:41.019698Z,In Flanders Fields,REMOVED,SAINBAYAR Jambaljamts,rider/jambaljamts-sainbayar
2026-03-28T07:04:41.019698Z,Amstel Gold Race,REMOVED,BUSATTO Francesco,rider/francesco-busatto
2026-03-28T07:04:41.019698Z,Waalse Pijl,REMOVED,BUSATTO Francesco,rider/francesco-busatto
2026-03-28T07:04:41.019698Z,Luik-Bastenaken-Luik,REMOVED,BUSATTO Francesco,rider/francesco-busatto
2026-03-28T07:04:41.019698Z,Strade Bianche,REMOVED,BUSATTO Francesco,rider/francesco-busatto
2026-03-28T07:04:41.019698Z,Scheldeprijs,REMOVED,FELDMANN Karsten Larsen,rider/karsten-larsen-feldmann
2026-03-28T07:04:41.019698Z,Omloop Nieuwsblad,REMOVED,FELDMANN Karsten Larsen,rider/karsten-larsen-feldmann
2026-03-28T07:04:41.019698Z,Ronde van Limburg,REMOVED,FELDMANN Karsten Larsen,rider/karsten-larsen-feldmann
2026-03-28T07:04:41.019698Z,Ronde van Brugge,REMOVED,FELDMANN Karsten Larsen,rider/karsten-larsen-feldmann
2026-03-28T07:04:41.019698Z,Samyn Classic,REMOVED,FELDMANN Karsten Larsen,rider/karsten-larsen-feldmann
2026-03-28T07:04:41.019698Z,Bredene Koksijde Classic,REMOVED,FELDMANN Karsten Larsen,rider/karsten-larsen-feldmann
2026-03-28T07:04:41.019698Z,Ronde van Vlaanderen,REMOVED,GRUEL Thibaud,rider/thibaud-gruel
2026-03-28T07:04:41.019698Z,Dwars door Vlaanderen,REMOVED,GRUEL Thibaud,rider/thibaud-gruel
2026-03-28T07:04:41.019698Z,Nokere Koerse,REMOVED,GRUEL Thibaud,rider/thibaud-gruel
2026-03-28T07:04:41.019698Z,Omloop Nieuwsblad,REMOVED,GRUEL Thibaud,rider/thibaud-gruel
2026-03-28T07:04:41.019698Z,Samyn Classic,REMOVED,GRUEL Thibaud,rider/thibaud-gruel
2026-03-28T07:04:41.019698Z,In Flanders Fields,REMOVED,GRUEL Thibaud,rider/thibaud-gruel
2026-03-28T07:04:41.019698Z,E3 Saxo Classic,REMOVED,GRUEL Thibaud,rider/thibaud-gruel
2026-03-28T07:04:41.019698Z,Dwars door Vlaanderen,REMOVED,MACKELLAR Alastair,rider/alastair-mackellar
2026-03-28T07:04:41.019698Z,Milaan-Sanremo,REMOVED,MACKELLAR Alastair,rider/alastair-mackellar
2026-03-28T07:04:41.019698Z,Ronde van Vlaanderen,REMOVED,VAN ASBROECK Tom,rider/tom-van-asbroeck
2026-03-28T07:04:41.019698Z,Dwars door Vlaanderen,REMOVED,VAN ASBROECK Tom,rider/tom-van-asbroeck
2026-03-28T07:04:41.019698Z,Omloop Nieuwsblad,REMOVED,VAN ASBROECK Tom,rider/tom-van-asbroeck
2026-03-28T07:04:41.019698Z,Samyn Classic,REMOVED,VAN ASBROECK Tom,rider/tom-van-asbroeck
2026-03-28T07:04:41.019698Z,In Flanders Fields,REMOVED,VAN ASBROECK Tom,rider/tom-van-asbroeck
2026-03-28T07:04:41.019698Z,Bredene Koksijde Classic,REMOVED,VAN ASBROECK Tom,rider/tom-van-asbroeck
2026-03-28T07:04:41.019698Z,E3 Saxo Classic,REMOVED,VAN ASBROECK Tom,rider/tom-van-asbroeck
2026-03-28T07:04:41.019698Z,Ronde van Vlaanderen,REMOVED,SÖDERQVIST Jakob,rider/jakob-soderqvist
2026-03-28T07:04:41.019698Z,Dwars door Vlaanderen,REMOVED,SÖDERQVIST Jakob,rider/jakob-soderqvist
2026-03-28T07:04:41.019698Z,Ronde van Brugge,REMOVED,SÖDERQVIST Jakob,rider/jakob-soderqvist
2026-03-28T07:04:41.019698Z,Kuurne-Brussel-Kuurne,REMOVED,SÖDERQVIST Jakob,rider/jakob-soderqvist
2026-03-28T07:04:41.019698Z,Parijs-Roubaix,REMOVED,SÖDERQVIST Jakob,rider/jakob-soderqvist
2026-03-28T07:04:41.019698Z,In Flanders Fields,REMOVED,SÖDERQVIST Jakob,rider/jakob-soderqvist
2026-03-28T07:04:41.019698Z,Strade Bianche,REMOVED,CONCA Filippo,rider/filippo-conca
2026-03-28T07:04:41.019698Z,Nokere Koerse,REMOVED,WRIGHT Paul,rider/paul-wright
2026-03-28T07:04:41.019698Z,Bredene Koksijde Classic,REMOVED,WRIGHT Paul,rider/paul-wright
2026-03-28T07:04:41.019698Z,Ronde van Limburg,REMOVED,WRIGHT Paul,rider/paul-wright
2026-03-28T07:04:41.019698Z,Scheldeprijs,REMOVED,VAN SINTMAARTENSDIJK Roel,rider/roel-van-sintmaartensdijk
2026-03-28T07:04:41.019698Z,Nokere Koerse,REMOVED,VAN SINTMAARTENSDIJK Roel,rider/roel-van-sintmaartensdijk
2026-03-28T07:04:41.019698Z,Omloop Nieuwsblad,REMOVED,VAN SINTMAARTENSDIJK Roel,rider/roel-van-sintmaartensdijk
2026-03-28T07:04:41.019698Z,Ronde van Brugge,REMOVED,VAN SINTMAARTENSDIJK Roel,rider/roel-van-sintmaartensdijk
2026-03-28T07:04:41.019698Z,Samyn Classic,REMOVED,VAN SINTMAARTENSDIJK Roel,rider/roel-van-sintmaartensdijk
2026-03-28T07:04:41.019698Z,Bredene Koksijde Classic,REMOVED,VAN SINTMAARTENSDIJK Roel,rider/roel-van-sintmaartensdijk
2026-03-28T07:04:41.019698Z,E3 Saxo Classic,REMOVED,VAN SINTMAARTENSDIJK Roel,rider/roel-van-sintmaartensdijk
2026-03-28T07:04:41.019698Z,Ronde van Vlaanderen,REMOVED,VANHOOF Ward,rider/ward-vanhoof
2026-03-28T07:04:41.019698Z,Omloop Nieuwsblad,REMOVED,VANHOOF Ward,rider/ward-vanhoof
2026-03-28T07:04:41.019698Z,Ronde van Limburg,REMOVED,VANHOOF Ward,rider/ward-vanhoof
2026-03-28T07:04:41.019698Z,Samyn Classic,REMOVED,VANHOOF Ward,rider/ward-vanhoof
2026-03-28T07:04:41.019698Z,In Flanders Fields,REMOVED,VANHOOF Ward,rider/ward-vanhoof
2026-03-28T07:04:41.019698Z,Amstel Gold Race,REMOVED,MCNULTY Brandon,rider/brandon-mcnulty
2026-03-28T07:04:41.019698Z,Milaan-Sanremo,REMOVED,MCNULTY Brandon,rider/brandon-mcnulty
2026-03-28T07:04:41.019698Z,Ronde van Vlaanderen,REMOVED,DILLIER Silvan,rider/silvan-dillier
2026-03-28T07:04:41.019698Z,Kuurne-Brussel-Kuurne,REMOVED,DILLIER Silvan,rider/silvan-dillier
2026-03-28T07:04:41.019698Z,Milaan-Sanremo,REMOVED,DILLIER Silvan,rider/silvan-dillier
2026-03-28T07:04:41.019698Z,Samyn Classic,REMOVED,DILLIER Silvan,rider/silvan-dillier
2026-03-28T07:04:41.019698Z,In Flanders Fields,REMOVED,DILLIER Silvan,rider/silvan-dillier
2026-03-28T07:04:41.019698Z,E3 Saxo Classic,REMOVED,DILLIER Silvan,rider/silvan-dillier
2026-03-28T07:04:41.019698Z,Ronde van Limburg,REMOVED,RAMON Omer,rider/omer-ramon
2026-03-28T07:04:41.019698Z,Ronde van Limburg,REMOVED,HEWES Alex,rider/alex-hewes
2026-03-28T07:04:41.019698Z,Milaan-Sanremo,REMOVED,TAROZZI Manuele,rider/manuele-tarozzi
2026-03-28T07:04:41.019698Z,Strade Bianche,REMOVED,PELLIZZARI Giulio,rider/giulio-pellizzari
2026-03-28T07:04:41.019698Z,Milaan-Sanremo,REMOVED,PELLIZZARI Giulio,rider/giulio-pellizzari
2026-03-28T07:04:41.019698Z,Samyn Classic,REMOVED,BRONSWIJK Mike,rider/mike-bronswijk
2026-03-28T07:04:41.019698Z,Amstel Gold Race,REMOVED,PEACE Oliver,rider/oliver-peace
2026-03-28T07:04:41.019698Z,E3 Saxo Classic,REMOVED,PEACE Oliver,rider/oliver-peace
2026-03-28T07:04:41.019698Z,Strade Bianche,REMOVED,PEACE Oliver,rider/oliver-peace
2026-03-28T07:04:41.019698Z,Milaan-Sanremo,REMOVED,PEACE Oliver,rider/oliver-peace
2026-03-28T07:04:41.019698Z,Ronde van Brugge,REMOVED,MÜLLER Tobias,rider/tobias-muller1
2026-03-28T07:04:41.019698Z,Bredene Koksijde Classic,REMOVED,MÜLLER Tobias,rider/tobias-muller1
2026-03-28T07:04:41.019698Z,Ronde van Limburg,REMOVED,MÜLLER Tobias,rider/tobias-muller1
2026-03-28T07:04:41.019698Z,Milaan-Sanremo,REMOVED,FISHER-BLACK Finn,rider/finn-fisher-black
2026-03-28T07:04:41.019698Z,Dwars door Vlaanderen,REMOVED,FRETIN Milan,rider/milan-fretin
2026-03-28T07:04:41.019698Z,Scheldeprijs,REMOVED,FRETIN Milan,rider/milan-fretin
2026-03-28T07:04:41.019698Z,Ronde van Limburg,REMOVED,FRETIN Milan,rider/milan-fretin
2026-03-28T07:04:41.019698Z,Ronde van Brugge,REMOVED,FRETIN Milan,rider/milan-fretin
2026-03-28T07:04:41.019698Z,In Flanders Fields,REMOVED,FRETIN Milan,rider/milan-fretin
2026-03-28T07:04:41.019698Z,Ronde van Vlaanderen,REMOVED,MOHORIČ Matej,rider/matej-mohoric
2026-03-28T07:04:41.019698Z,Omloop Nieuwsblad,REMOVED,MOHORIČ Matej,rider/matej-mohoric
2026-03-28T07:04:41.019698Z,Amstel Gold Race,REMOVED,MOHORIČ Matej,rider/matej-mohoric
2026-03-28T07:04:41.019698Z,Parijs-Roubaix,REMOVED,MOHORIČ Matej,rider/matej-mohoric
2026-03-28T07:04:41.019698Z,Strade Bianche,REMOVED,MOHORIČ Matej,rider/matej-mohoric
2026-03-28T07:04:41.019698Z,E3 Saxo Classic,REMOVED,MOHORIČ Matej,rider/matej-mohoric
2026-03-28T07:04:41.019698Z,Dwars door Vlaanderen,REMOVED,MOHORIČ Matej,rider/matej-mohoric
2026-03-28T07:04:41.019698Z,Kuurne-Brussel-Kuurne,REMOVED,MOHORIČ Matej,rider/matej-mohoric
2026-03-28T07:04:41.019698Z,In Flanders Fields,REMOVED,MOHORIČ Matej,rider/matej-mohoric
2026-03-28T07:04:41.019698Z,Milaan-Sanremo,REMOVED,MOHORIČ Matej,rider/matej-mohoric
2026-03-28T07:04:41.019698Z,Kuurne-Brussel-Kuurne,REMOVED,MEEUS Jordi,rider/jordi-meeus
2026-03-28T07:04:41.019698Z,Scheldeprijs,REMOVED,MEEUS Jordi,rider/jordi-meeus
2026-03-28T07:04:41.019698Z,Nokere Koerse,REMOVED,MEEUS Jordi,rider/jordi-meeus
2026-03-28T07:04:41.019698Z,Omloop Nieuwsblad,REMOVED,MEEUS Jordi,rider/jordi-meeus
2026-03-28T07:04:41.019698Z,Samyn Classic,REMOVED,MEEUS Jordi,rider/jordi-meeus
2026-03-28T07:04:41.019698Z,Parijs-Roubaix,REMOVED,MEEUS Jordi,rider/jordi-meeus
2026-03-28T07:04:41.019698Z,In Flanders Fields,REMOVED,MEEUS Jordi,rider/jordi-meeus
2026-03-28T07:04:41.019698Z,Milaan-Sanremo,REMOVED,LONARDI Giovanni,rider/giovanni-lonardi
2026-03-28T07:04:41.019698Z,Ronde van Vlaanderen,REMOVED,BARRENETXEA Jon,rider/jon-barrenetxea-golzarri
2026-03-28T07:04:41.019698Z,Dwars door Vlaanderen,REMOVED,BARRENETXEA Jon,rider/jon-barrenetxea-golzarri
2026-03-28T07:04:41.019698Z,Milaan-Sanremo,REMOVED,BARRENETXEA Jon,rider/jon-barrenetxea-golzarri
2026-03-28T07:04:41.019698Z,Omloop Nieuwsblad,REMOVED,BARRENETXEA Jon,rider/jon-barrenetxea-golzarri
2026-03-28T07:04:41.019698Z,Kuurne-Brussel-Kuurne,REMOVED,BARRENETXEA Jon,rider/jon-barrenetxea-golzarri
2026-03-28T07:04:41.019698Z,In Flanders Fields,REMOVED,BARRENETXEA Jon,rider/jon-barrenetxea-golzarri
2026-03-28T07:04:41.019698Z,E3 Saxo Classic,REMOVED,BARRENETXEA Jon,rider/jon-barrenetxea-golzarri
2026-03-28T07:04:41.019698Z,Waalse Pijl,REMOVED,MARTINEZ Lenny,rider/lenny-martinez
2026-03-28T07:04:41.019698Z,Dwars door Vlaanderen,REMOVED,TORNEY Artuur,rider/artuur-torney
2026-03-28T07:04:41.019698Z,Kuurne-Brussel-Kuurne,REMOVED,TORNEY Artuur,rider/artuur-torney
2026-03-28T07:04:41.019698Z,Scheldeprijs,REMOVED,TORNEY Artuur,rider/artuur-torney
2026-03-28T07:04:41.019698Z,Ronde van Limburg,REMOVED,TORNEY Artuur,rider/artuur-torney
2026-03-28T07:04:41.019698Z,Ronde van Brugge,REMOVED,TORNEY Artuur,rider/artuur-torney
2026-03-28T07:04:41.019698Z,Samyn Classic,REMOVED,TORNEY Artuur,rider/artuur-torney
2026-03-28T07:04:41.019698Z,Bredene Koksijde Classic,REMOVED,TORNEY Artuur,rider/artuur-torney
2026-03-28T07:04:41.019698Z,Samyn Classic,REMOVED,DE DOBBELAERE Born,rider/born-de-dobbelaere
2026-03-28T07:04:41.019698Z,Ronde van Limburg,REMOVED,DE DOBBELAERE Born,rider/born-de-dobbelaere
2026-03-28T07:04:41.019698Z,Strade Bianche,REMOVED,VELASCO Simone,rider/simone-velasco
2026-03-28T07:04:41.019698Z,Amstel Gold Race,REMOVED,VELASCO Simone,rider/simone-velasco
2026-03-28T07:04:41.019698Z,Ronde van Vlaanderen,REMOVED,BRUNEL Alexys,rider/alexys-brunel
2026-03-28T07:04:41.019698Z,Dwars door Vlaanderen,REMOVED,BRUNEL Alexys,rider/alexys-brunel
2026-03-28T07:04:41.019698Z,Nokere Koerse,REMOVED,BRUNEL Alexys,rider/alexys-brunel
2026-03-28T07:04:41.019698Z,Omloop Nieuwsblad,REMOVED,BRUNEL Alexys,rider/alexys-brunel
2026-03-28T07:04:41.019698Z,Kuurne-Brussel-Kuurne,REMOVED,BRUNEL Alexys,rider/alexys-brunel
2026-03-28T07:04:41.019698Z,In Flanders Fields,REMOVED,BRUNEL Alexys,rider/alexys-brunel
2026-03-28T07:04:41.019698Z,E3 Saxo Classic,REMOVED,BRUNEL Alexys,rider/alexys-brunel
2026-03-28T07:04:41.019698Z,Kuurne-Brussel-Kuurne,REMOVED,SLOCK Liam,rider/liam-slock
2026-03-28T07:04:41.019698Z,Strade Bianche,REMOVED,SLOCK Liam,rider/liam-slock
2026-03-28T07:04:41.019698Z,Milaan-Sanremo,REMOVED,SLOCK Liam,rider/liam-slock
2026-03-28T07:04:41.019698Z,Scheldeprijs,REMOVED,ACKERMANN Pascal,rider/pascal-ackermann
2026-03-28T07:04:41.019698Z,Nokere Koerse,REMOVED,ACKERMANN Pascal,rider/pascal-ackermann
2026-03-28T07:04:41.019698Z,Ronde van Limburg,REMOVED,ACKERMANN Pascal,rider/pascal-ackermann
2026-03-28T07:04:41.019698Z,Kuurne-Brussel-Kuurne,REMOVED,ACKERMANN Pascal,rider/pascal-ackermann
2026-03-28T07:04:41.019698Z,In Flanders Fields,REMOVED,ACKERMANN Pascal,rider/pascal-ackermann
2026-03-28T07:04:41.019698Z,Bredene Koksijde Classic,REMOVED,ACKERMANN Pascal,rider/pascal-ackermann
2026-03-28T07:04:41.019698Z,Ronde van Limburg,REMOVED,HOUCOU Emmanuel,rider/emmanuel-houcou
2026-03-28T07:04:41.019698Z,Milaan-Sanremo,REMOVED,POLI Umberto,rider/umberto-poli
2026-03-28T07:04:41.019698Z,Samyn Classic,REMOVED,VAN BELLE Loe,rider/loe-van-belle
2026-03-28T07:04:41.019698Z,Amstel Gold Race,REMOVED,BAYER Tobias,rider/tobias-bayer
2026-03-28T07:04:41.019698Z,Omloop Nieuwsblad,REMOVED,BAYER Tobias,rider/tobias-bayer
2026-03-28T07:04:41.019698Z,Bredene Koksijde Classic,REMOVED,BAYER Tobias,rider/tobias-bayer
2026-03-28T07:04:41.019698Z,E3 Saxo Classic,REMOVED,BAYER Tobias,rider/tobias-bayer
2026-03-28T07:04:41.019698Z,Waalse Pijl,REMOVED,COVI Alessandro,rider/alessandro-covi
2026-03-28T07:04:41.019698Z,Luik-Bastenaken-Luik,REMOVED,COVI Alessandro,rider/alessandro-covi
2026-03-28T07:04:41.019698Z,Amstel Gold Race,REMOVED,COVI Alessandro,rider/alessandro-covi
2026-03-28T07:04:41.019698Z,Brabantse Pijl,REMOVED,COVI Alessandro,rider/alessandro-covi
2026-03-28T07:04:41.019698Z,Strade Bianche,REMOVED,COVI Alessandro,rider/alessandro-covi
2026-03-28T07:04:41.019698Z,Milaan-Sanremo,REMOVED,COVI Alessandro,rider/alessandro-covi
2026-03-28T07:04:41.019698Z,Strade Bianche,REMOVED,POELS Wout,rider/wout-poels
2026-03-28T07:04:41.019698Z,Milaan-Sanremo,REMOVED,POELS Wout,rider/wout-poels
2026-03-28T07:04:41.019698Z,Waalse Pijl,REMOVED,GODON Dorian,rider/dorian-godon
2026-03-28T07:04:41.019698Z,Waalse Pijl,REMOVED,LABROSSE Jordan,rider/jordan-labrosse
2026-03-28T07:04:41.019698Z,Luik-Bastenaken-Luik,REMOVED,LABROSSE Jordan,rider/jordan-labrosse
2026-03-28T07:04:41.019698Z,Amstel Gold Race,REMOVED,LABROSSE Jordan,rider/jordan-labrosse
2026-03-28T07:04:41.019698Z,Strade Bianche,REMOVED,LABROSSE Jordan,rider/jordan-labrosse
2026-03-28T07:04:41.019698Z,Milaan-Sanremo,REMOVED,LABROSSE Jordan,rider/jordan-labrosse
2026-03-28T07:04:41.019698Z,Ronde van Limburg,REMOVED,BAGATIN Christian,rider/christian-bagatin
2026-03-28T07:04:41.019698Z,Waalse Pijl,REMOVED,LAFAY Victor,rider/victor-lafay
2026-03-28T07:04:41.019698Z,Ronde van Brugge,REMOVED,STOCKWELL Oliver,rider/oliver-stockwell
2026-03-28T07:04:41.019698Z,In Flanders Fields,REMOVED,STOCKWELL Oliver,rider/oliver-stockwell
2026-03-28T07:04:41.019698Z,E3 Saxo Classic,REMOVED,STOCKWELL Oliver,rider/oliver-stockwell
2026-03-28T07:04:41.019698Z,Brabantse Pijl,REMOVED,THONNON Senne,rider/senne-thonnon
2026-03-28T07:04:41.019698Z,Samyn Classic,REMOVED,THONNON Senne,rider/senne-thonnon
2026-03-28T07:04:41.019698Z,Amstel Gold Race,REMOVED,THONNON Senne,rider/senne-thonnon
2026-03-28T07:04:41.019698Z,E3 Saxo Classic,REMOVED,THONNON Senne,rider/senne-thonnon
2026-03-28T07:04:41.019698Z,Scheldeprijs,REMOVED,MEO Felix James,rider/felix-james-meo
2026-03-28T07:04:41.019698Z,Samyn Classic,REMOVED,ROTTMANN Jonathan Malte,rider/jonathan-malte-rottmann
2026-03-28T07:04:41.019698Z,Ronde van Vlaanderen,REMOVED,QUARTUCCI Lorenzo,rider/lorenzo-quartucci
2026-03-28T07:04:41.019698Z,Samyn Classic,REMOVED,RADCLIFFE George,rider/george-radcliffe
2026-03-28T07:04:41.019698Z,Ronde van Limburg,REMOVED,STOLIĆ Mihajlo,rider/mihajlo-stolic
2026-03-28T07:04:41.019698Z,Ronde van Vlaanderen,REMOVED,VAN DER POEL Mathieu,rider/mathieu-van-der-poel
2026-03-28T07:04:41.019698Z,Milaan-Sanremo,REMOVED,VAN DER POEL Mathieu,rider/mathieu-van-der-poel
2026-03-28T07:04:41.019698Z,Omloop Nieuwsblad,REMOVED,VAN DER POEL Mathieu,rider/mathieu-van-der-poel
2026-03-28T07:04:41.019698Z,Parijs-Roubaix,REMOVED,VAN DER POEL Mathieu,rider/mathieu-van-der-poel
2026-03-28T07:04:41.019698Z,In Flanders Fields,REMOVED,VAN DER POEL Mathieu,rider/mathieu-van-der-poel
2026-03-28T07:04:41.019698Z,E3 Saxo Classic,REMOVED,VAN DER POEL Mathieu,rider/mathieu-van-der-poel
2026-03-28T07:04:41.019698Z,Amstel Gold Race,REMOVED,DELETTRE Alexandre,rider/alexandre-delettre
2026-03-28T07:04:41.019698Z,Luik-Bastenaken-Luik,REMOVED,DELETTRE Alexandre,rider/alexandre-delettre
2026-03-28T07:04:41.019698Z,Waalse Pijl,REMOVED,DELETTRE Alexandre,rider/alexandre-delettre
2026-03-28T07:04:41.019698Z,Strade Bianche,REMOVED,ZANA Filippo,rider/filippo-zana
2026-03-28T07:04:41.019698Z,Amstel Gold Race,REMOVED,WELLENS Tim,rider/tim-wellens
2026-03-28T07:04:41.019698Z,Brabantse Pijl,REMOVED,WELLENS Tim,rider/tim-wellens
2026-03-28T07:04:41.019698Z,Kuurne-Brussel-Kuurne,REMOVED,WELLENS Tim,rider/tim-wellens
2026-03-28T07:04:41.019698Z,Omloop Nieuwsblad,REMOVED,WELLENS Tim,rider/tim-wellens
2026-03-28T07:04:41.019698Z,Brabantse Pijl,REMOVED,PORTER Rudy,rider/rudy-porter
2026-03-28T07:04:41.019698Z,Ronde van Vlaanderen,REMOVED,BOL Cees,rider/cees-bol
2026-03-28T07:04:41.019698Z,Dwars door Vlaanderen,REMOVED,BOL Cees,rider/cees-bol
2026-03-28T07:04:41.019698Z,Omloop Nieuwsblad,REMOVED,BOL Cees,rider/cees-bol
2026-03-28T07:04:41.019698Z,Ronde van Brugge,REMOVED,BOL Cees,rider/cees-bol
2026-03-28T07:04:41.019698Z,Kuurne-Brussel-Kuurne,REMOVED,BOL Cees,rider/cees-bol
2026-03-28T07:04:41.019698Z,In Flanders Fields,REMOVED,BOL Cees,rider/cees-bol
2026-03-28T07:04:41.019698Z,E3 Saxo Classic,REMOVED,BOL Cees,rider/cees-bol
2026-03-28T07:04:41.019698Z,Amstel Gold Race,REMOVED,HIRSCHI Marc,rider/marc-hirschi
2026-03-28T07:04:41.019698Z,Luik-Bastenaken-Luik,REMOVED,HIRSCHI Marc,rider/marc-hirschi
2026-03-28T07:04:41.019698Z,Waalse Pijl,REMOVED,HIRSCHI Marc,rider/marc-hirschi
2026-03-28T07:04:41.019698Z,Strade Bianche,REMOVED,KUZMIN Anton,rider/anton-kuzmin
2026-03-28T07:04:41.019698Z,Milaan-Sanremo,REMOVED,MANENTI Marco,rider/marco-manenti1
2026-03-28T07:04:41.019698Z,Nokere Koerse,REMOVED,DELLE VEDOVE Alessio,rider/alessio-delle-vedove
2026-03-28T07:04:41.019698Z,Bredene Koksijde Classic,REMOVED,DELLE VEDOVE Alessio,rider/alessio-delle-vedove
2026-03-28T07:04:41.019698Z,Ronde van Vlaanderen,REMOVED,TEUTENBERG Tim Torn,rider/tim-torn-teutenberg
2026-03-28T07:04:41.019698Z,Nokere Koerse,REMOVED,TEUTENBERG Tim Torn,rider/tim-torn-teutenberg
2026-03-28T07:04:41.019698Z,Omloop Nieuwsblad,REMOVED,TEUTENBERG Tim Torn,rider/tim-torn-teutenberg
2026-03-28T07:04:41.019698Z,Ronde van Limburg,REMOVED,TEUTENBERG Tim Torn,rider/tim-torn-teutenberg
2026-03-28T07:04:41.019698Z,Bredene Koksijde Classic,REMOVED,TEUTENBERG Tim Torn,rider/tim-torn-teutenberg
2026-03-28T07:04:41.019698Z,E3 Saxo Classic,REMOVED,TEUTENBERG Tim Torn,rider/tim-torn-teutenberg
2026-03-28T07:04:41.019698Z,Scheldeprijs,REMOVED,TEUTENBERG Tim Torn,rider/tim-torn-teutenberg
2026-03-28T07:04:41.019698Z,Ronde van Brugge,REMOVED,TEUTENBERG Tim Torn,rider/tim-torn-teutenberg
2026-03-28T07:04:41.019698Z,Nokere Koerse,REMOVED,BENNETT Sam,rider/sam-bennett
2026-03-28T07:04:41.019698Z,Bredene Koksijde Classic,REMOVED,BENNETT Sam,rider/sam-bennett
2026-03-28T07:04:41.019698Z,Ronde van Limburg,REMOVED,BENNETT Sam,rider/sam-bennett
2026-03-28T07:04:41.019698Z,Milaan-Sanremo,REMOVED,ROGLIČ Primož,rider/primoz-roglic
2026-03-28T07:04:41.019698Z,Brabantse Pijl,REMOVED,BARCELÓ Fernando,rider/fernando-barcelo
2026-03-28T07:04:41.019698Z,Amstel Gold Race,REMOVED,BARCELÓ Fernando,rider/fernando-barcelo
2026-03-28T07:04:41.019698Z,Ronde van Limburg,REMOVED,BARCELÓ Fernando,rider/fernando-barcelo
2026-03-28T07:04:41.019698Z,Milaan-Sanremo,REMOVED,RACCAGNI Gabriele,rider/gabriele-raccagni
2026-03-28T07:04:41.019698Z,Dwars door Vlaanderen,REMOVED,VAN DEN HAUTE Milan,rider/milan-van-den-haute
2026-03-28T07:04:41.019698Z,Scheldeprijs,REMOVED,VAN DEN HAUTE Milan,rider/milan-van-den-haute
2026-03-28T07:04:41.019698Z,Ronde van Brugge,REMOVED,VAN DEN HAUTE Milan,rider/milan-van-den-haute
2026-03-28T07:04:41.019698Z,Samyn Classic,REMOVED,VAN DEN HAUTE Milan,rider/milan-van-den-haute
2026-03-28T07:04:41.019698Z,Bredene Koksijde Classic,REMOVED,VAN DEN HAUTE Milan,rider/milan-van-den-haute
2026-03-28T07:04:41.019698Z,Dwars door Vlaanderen,REMOVED,CHAMBERLAIN Oscar,rider/oscar-chamberlain
2026-03-28T07:04:41.019698Z,Ronde van Vlaanderen,REMOVED,CHAMBERLAIN Oscar,rider/oscar-chamberlain
2026-03-28T07:04:41.019698Z,Ronde van Vlaanderen,REMOVED,HONORÉ Mikkel Frølich,rider/mikkel-honore
2026-03-28T07:04:41.019698Z,Omloop Nieuwsblad,REMOVED,HONORÉ Mikkel Frølich,rider/mikkel-honore
2026-03-28T07:04:41.019698Z,Amstel Gold Race,REMOVED,HONORÉ Mikkel Frølich,rider/mikkel-honore
2026-03-28T07:04:41.019698Z,Strade Bianche,REMOVED,HONORÉ Mikkel Frølich,rider/mikkel-honore
2026-03-28T07:04:41.019698Z,E3 Saxo Classic,REMOVED,HONORÉ Mikkel Frølich,rider/mikkel-honore
2026-03-28T07:04:41.019698Z,Dwars door Vlaanderen,REMOVED,HONORÉ Mikkel Frølich,rider/mikkel-honore
2026-03-28T07:04:41.019698Z,Luik-Bastenaken-Luik,REMOVED,HONORÉ Mikkel Frølich,rider/mikkel-honore
2026-03-28T07:04:41.019698Z,Ronde van Brugge,REMOVED,HONORÉ Mikkel Frølich,rider/mikkel-honore
2026-03-28T07:04:41.019698Z,Brabantse Pijl,REMOVED,HONORÉ Mikkel Frølich,rider/mikkel-honore
2026-03-28T07:04:41.019698Z,Kuurne-Brussel-Kuurne,REMOVED,HONORÉ Mikkel Frølich,rider/mikkel-honore
2026-03-28T07:04:41.019698Z,Milaan-Sanremo,REMOVED,HONORÉ Mikkel Frølich,rider/mikkel-honore
2026-03-28T07:04:41.019698Z,Ronde van Vlaanderen,REMOVED,STOCKMAN Abram,rider/abram-stockman
2026-03-28T07:04:41.019698Z,Scheldeprijs,REMOVED,STOCKMAN Abram,rider/abram-stockman
2026-03-28T07:04:41.019698Z,Amstel Gold Race,REMOVED,STOCKMAN Abram,rider/abram-stockman
2026-03-28T07:04:41.019698Z,Ronde van Limburg,REMOVED,STOCKMAN Abram,rider/abram-stockman
2026-03-28T07:04:41.019698Z,Ronde van Brugge,REMOVED,STOCKMAN Abram,rider/abram-stockman
2026-03-28T07:04:41.019698Z,Bredene Koksijde Classic,REMOVED,STOCKMAN Abram,rider/abram-stockman
2026-03-28T07:04:41.019698Z,Omloop Nieuwsblad,REMOVED,RENARD Alexis,rider/alexis-renard
2026-03-28T07:04:41.019698Z,Samyn Classic,REMOVED,RENARD Alexis,rider/alexis-renard
2026-03-28T07:04:41.019698Z,Parijs-Roubaix,REMOVED,RENARD Alexis,rider/alexis-renard
2026-03-28T07:04:41.019698Z,Bredene Koksijde Classic,REMOVED,RENARD Alexis,rider/alexis-renard
2026-03-28T07:04:41.019698Z,Dwars door Vlaanderen,REMOVED,RENARD Alexis,rider/alexis-renard
2026-03-28T07:04:41.019698Z,Ronde van Brugge,REMOVED,RENARD Alexis,rider/alexis-renard
2026-03-28T07:04:41.019698Z,Kuurne-Brussel-Kuurne,REMOVED,RENARD Alexis,rider/alexis-renard
2026-03-28T07:04:41.019698Z,In Flanders Fields,REMOVED,RENARD Alexis,rider/alexis-renard
2026-03-28T07:04:41.019698Z,Ronde van Vlaanderen,REMOVED,KOPECKÝ Tomáš,rider/tomas-kopecky
2026-03-28T07:04:41.019698Z,Dwars door Vlaanderen,REMOVED,KOPECKÝ Tomáš,rider/tomas-kopecky
2026-03-28T07:04:41.019698Z,Omloop Nieuwsblad,REMOVED,KOPECKÝ Tomáš,rider/tomas-kopecky
2026-03-28T07:04:41.019698Z,Samyn Classic,REMOVED,KOPECKÝ Tomáš,rider/tomas-kopecky
2026-03-28T07:04:41.019698Z,In Flanders Fields,REMOVED,KOPECKÝ Tomáš,rider/tomas-kopecky
2026-03-28T07:04:41.019698Z,Milaan-Sanremo,REMOVED,KOPECKÝ Tomáš,rider/tomas-kopecky
2026-03-28T07:04:41.019698Z,Dwars door Vlaanderen,REMOVED,VANDENBRANDEN Noah,rider/noah-vandenbranden
2026-03-28T07:04:41.019698Z,Scheldeprijs,REMOVED,VANDENBRANDEN Noah,rider/noah-vandenbranden
2026-03-28T07:04:41.019698Z,Ronde van Limburg,REMOVED,VANDENBRANDEN Noah,rider/noah-vandenbranden
2026-03-28T07:04:41.019698Z,Ronde van Brugge,REMOVED,VANDENBRANDEN Noah,rider/noah-vandenbranden
2026-03-28T07:04:41.019698Z,Samyn Classic,REMOVED,VANDENBRANDEN Noah,rider/noah-vandenbranden
2026-03-28T07:04:41.019698Z,Bredene Koksijde Classic,REMOVED,VANDENBRANDEN Noah,rider/noah-vandenbranden
2026-03-28T07:04:41.019698Z,Strade Bianche,REMOVED,WARBASSE Larry,rider/lawrence-warbasse
2026-03-28T07:04:41.019698Z,Amstel Gold Race,REMOVED,AZPARREN Xabier Mikel,rider/xabier-mikel-azparren-irurzun
2026-03-28T07:04:41.019698Z,Brabantse Pijl,REMOVED,AZPARREN Xabier Mikel,rider/xabier-mikel-azparren-irurzun
2026-03-28T07:04:41.019698Z,Strade Bianche,REMOVED,AZPARREN Xabier Mikel,rider/xabier-mikel-azparren-irurzun
2026-03-28T07:04:41.019698Z,Milaan-Sanremo,REMOVED,AZPARREN Xabier Mikel,rider/xabier-mikel-azparren-irurzun
2026-03-28T07:04:41.019698Z,Ronde van Vlaanderen,REMOVED,VAN DEN BERG Julius,rider/julius-van-den-berg
2026-03-28T07:04:41.019698Z,Scheldeprijs,REMOVED,VAN DEN BERG Julius,rider/julius-van-den-berg
2026-03-28T07:04:41.019698Z,Omloop Nieuwsblad,REMOVED,VAN DEN BERG Julius,rider/julius-van-den-berg
2026-03-28T07:04:41.019698Z,Ronde van Brugge,REMOVED,VAN DEN BERG Julius,rider/julius-van-den-berg
2026-03-28T07:04:41.019698Z,Samyn Classic,REMOVED,VAN DEN BERG Julius,rider/julius-van-den-berg
2026-03-28T07:04:41.019698Z,In Flanders Fields,REMOVED,VAN DEN BERG Julius,rider/julius-van-den-berg
2026-03-28T07:04:41.019698Z,Dwars door Vlaanderen,REMOVED,MACÍAS César,rider/cesar-macias-estrada
2026-03-28T07:04:41.019698Z,Omloop Nieuwsblad,REMOVED,MACÍAS César,rider/cesar-macias-estrada
2026-03-28T07:04:41.019698Z,Ronde van Limburg,REMOVED,MACÍAS César,rider/cesar-macias-estrada
2026-03-28T07:04:41.019698Z,Ronde van Brugge,REMOVED,MACÍAS César,rider/cesar-macias-estrada
2026-03-28T07:04:41.019698Z,Brabantse Pijl,REMOVED,MACÍAS César,rider/cesar-macias-estrada
2026-03-28T07:04:41.019698Z,Kuurne-Brussel-Kuurne,REMOVED,MACÍAS César,rider/cesar-macias-estrada
2026-03-28T07:04:41.019698Z,In Flanders Fields,REMOVED,MACÍAS César,rider/cesar-macias-estrada
2026-03-28T07:04:41.019698Z,Ronde van Vlaanderen,REMOVED,ANIOŁKOWSKI Stanisław,rider/stanislaw-aniolkowski
2026-03-28T07:04:41.019698Z,Nokere Koerse,REMOVED,ANIOŁKOWSKI Stanisław,rider/stanislaw-aniolkowski
2026-03-28T07:04:41.019698Z,Omloop Nieuwsblad,REMOVED,ANIOŁKOWSKI Stanisław,rider/stanislaw-aniolkowski
2026-03-28T07:04:41.019698Z,Samyn Classic,REMOVED,ANIOŁKOWSKI Stanisław,rider/stanislaw-aniolkowski
2026-03-28T07:04:41.019698Z,Bredene Koksijde Classic,REMOVED,ANIOŁKOWSKI Stanisław,rider/stanislaw-aniolkowski
2026-03-28T07:04:41.019698Z,Scheldeprijs,REMOVED,ANIOŁKOWSKI Stanisław,rider/stanislaw-aniolkowski
2026-03-28T07:04:41.019698Z,Ronde van Brugge,REMOVED,ANIOŁKOWSKI Stanisław,rider/stanislaw-aniolkowski
2026-03-28T07:04:41.019698Z,Kuurne-Brussel-Kuurne,REMOVED,ANIOŁKOWSKI Stanisław,rider/stanislaw-aniolkowski
2026-03-28T07:04:41.019698Z,Ronde van Vlaanderen,REMOVED,BALLERINI Davide,rider/davide-ballerini
2026-03-28T07:04:41.019698Z,Omloop Nieuwsblad,REMOVED,BALLERINI Davide,rider/davide-ballerini
2026-03-28T07:04:41.019698Z,Ronde van Brugge,REMOVED,BALLERINI Davide,rider/davide-ballerini
2026-03-28T07:04:41.019698Z,Kuurne-Brussel-Kuurne,REMOVED,BALLERINI Davide,rider/davide-ballerini
2026-03-28T07:04:41.019698Z,Parijs-Roubaix,REMOVED,BALLERINI Davide,rider/davide-ballerini
2026-03-28T07:04:41.019698Z,In Flanders Fields,REMOVED,BALLERINI Davide,rider/davide-ballerini
2026-03-28T07:04:41.019698Z,Milaan-Sanremo,REMOVED,BALLERINI Davide,rider/davide-ballerini
2026-03-28T07:04:41.019698Z,Dwars door Vlaanderen,REMOVED,DE SCHUYTENEER Steffen,rider/steffen-de-schuyteneer
2026-03-28T07:04:41.019698Z,Kuurne-Brussel-Kuurne,REMOVED,DE SCHUYTENEER Steffen,rider/steffen-de-schuyteneer
2026-03-28T07:04:41.019698Z,Scheldeprijs,REMOVED,DE SCHUYTENEER Steffen,rider/steffen-de-schuyteneer
2026-03-28T07:04:41.019698Z,Nokere Koerse,REMOVED,DE SCHUYTENEER Steffen,rider/steffen-de-schuyteneer
2026-03-28T07:04:41.019698Z,Ronde van Brugge,REMOVED,DE SCHUYTENEER Steffen,rider/steffen-de-schuyteneer
2026-03-28T07:04:41.019698Z,Samyn Classic,REMOVED,DE SCHUYTENEER Steffen,rider/steffen-de-schuyteneer
2026-03-28T07:04:41.019698Z,Bredene Koksijde Classic,REMOVED,DE SCHUYTENEER Steffen,rider/steffen-de-schuyteneer
2026-03-28T07:04:41.019698Z,Ronde van Limburg,REMOVED,LEFEVRE Fabrice,rider/fabrice-lefevre
2026-03-28T07:04:41.019698Z,Ronde van Vlaanderen,REMOVED,TEUNS Dylan,rider/dylan-teuns
2026-03-28T07:04:41.019698Z,Waalse Pijl,REMOVED,TEUNS Dylan,rider/dylan-teuns
2026-03-28T07:04:41.019698Z,Omloop Nieuwsblad,REMOVED,TEUNS Dylan,rider/dylan-teuns
2026-03-28T07:04:41.019698Z,Amstel Gold Race,REMOVED,TEUNS Dylan,rider/dylan-teuns
2026-03-28T07:04:41.019698Z,Samyn Classic,REMOVED,TEUNS Dylan,rider/dylan-teuns
2026-03-28T07:04:41.019698Z,Dwars door Vlaanderen,REMOVED,TEUNS Dylan,rider/dylan-teuns
2026-03-28T07:04:41.019698Z,Luik-Bastenaken-Luik,REMOVED,TEUNS Dylan,rider/dylan-teuns
2026-03-28T07:04:41.019698Z,Brabantse Pijl,REMOVED,TEUNS Dylan,rider/dylan-teuns
2026-03-28T07:04:41.019698Z,In Flanders Fields,REMOVED,TEUNS Dylan,rider/dylan-teuns
2026-03-28T07:04:41.019698Z,Ronde van Vlaanderen,REMOVED,VAN HEMELEN Vincent,rider/vincent-van-hemelen
2026-03-28T07:04:41.019698Z,Nokere Koerse,REMOVED,VAN HEMELEN Vincent,rider/vincent-van-hemelen
2026-03-28T07:04:41.019698Z,Omloop Nieuwsblad,REMOVED,VAN HEMELEN Vincent,rider/vincent-van-hemelen
2026-03-28T07:04:41.019698Z,Amstel Gold Race,REMOVED,VAN HEMELEN Vincent,rider/vincent-van-hemelen
2026-03-28T07:04:41.019698Z,Brabantse Pijl,REMOVED,VAN HEMELEN Vincent,rider/vincent-van-hemelen
2026-03-28T07:04:41.019698Z,E3 Saxo Classic,REMOVED,VAN HEMELEN Vincent,rider/vincent-van-hemelen
2026-03-28T07:04:41.019698Z,Scheldeprijs,REMOVED,SENTJENS Sente,rider/sente-sentjens
2026-03-28T07:04:41.019698Z,Nokere Koerse,REMOVED,SENTJENS Sente,rider/sente-sentjens
2026-03-28T07:04:41.019698Z,Ronde van Limburg,REMOVED,SENTJENS Sente,rider/sente-sentjens
2026-03-28T07:04:41.019698Z,Kuurne-Brussel-Kuurne,REMOVED,SENTJENS Sente,rider/sente-sentjens
2026-03-28T07:04:41.019698Z,Bredene Koksijde Classic,REMOVED,SENTJENS Sente,rider/sente-sentjens
2026-03-28T07:04:41.019698Z,Strade Bianche,REMOVED,SHAW James,rider/james-shaw
2026-03-28T07:04:41.019698Z,Dwars door Vlaanderen,REMOVED,GRIGNARD Sébastien,rider/sebastien-grignard
2026-03-28T07:04:41.019698Z,Scheldeprijs,REMOVED,GRIGNARD Sébastien,rider/sebastien-grignard
2026-03-28T07:04:41.019698Z,Omloop Nieuwsblad,REMOVED,GRIGNARD Sébastien,rider/sebastien-grignard
2026-03-28T07:04:41.019698Z,Samyn Classic,REMOVED,GRIGNARD Sébastien,rider/sebastien-grignard
2026-03-28T07:04:41.019698Z,In Flanders Fields,REMOVED,GRIGNARD Sébastien,rider/sebastien-grignard
2026-03-28T07:04:41.019698Z,E3 Saxo Classic,REMOVED,GRIGNARD Sébastien,rider/sebastien-grignard
2026-03-28T07:04:41.019698Z,Samyn Classic,REMOVED,STAES Gibbe,rider/gibbe-staes
2026-03-28T07:04:41.019698Z,Samyn Classic,REMOVED,MAGAGNOTTI Alessio,rider/alessio-magagnotti
2026-03-28T07:04:41.019698Z,Scheldeprijs,REMOVED,MAGAGNOTTI Alessio,rider/alessio-magagnotti
2026-03-28T07:04:41.019698Z,Ronde van Vlaanderen,REMOVED,LAPORTE Christophe,rider/christophe-laporte
2026-03-28T07:04:41.019698Z,Omloop Nieuwsblad,REMOVED,LAPORTE Christophe,rider/christophe-laporte
2026-03-28T07:04:41.019698Z,Amstel Gold Race,REMOVED,LAPORTE Christophe,rider/christophe-laporte
2026-03-28T07:04:41.019698Z,Samyn Classic,REMOVED,LAPORTE Christophe,rider/christophe-laporte
2026-03-28T07:04:41.019698Z,Parijs-Roubaix,REMOVED,LAPORTE Christophe,rider/christophe-laporte
2026-03-28T07:04:41.019698Z,E3 Saxo Classic,REMOVED,LAPORTE Christophe,rider/christophe-laporte
2026-03-28T07:04:41.019698Z,Dwars door Vlaanderen,REMOVED,LAPORTE Christophe,rider/christophe-laporte
2026-03-28T07:04:41.019698Z,Kuurne-Brussel-Kuurne,REMOVED,LAPORTE Christophe,rider/christophe-laporte
2026-03-28T07:04:41.019698Z,In Flanders Fields,REMOVED,LAPORTE Christophe,rider/christophe-laporte
2026-03-28T07:04:41.019698Z,Milaan-Sanremo,REMOVED,LAPORTE Christophe,rider/christophe-laporte
2026-03-28T07:04:41.019698Z,Bredene Koksijde Classic,REMOVED,HULSMANS Senne,rider/senne-hulsmans
2026-03-28T07:04:41.019698Z,Samyn Classic,REMOVED,TENDON Arnaud,rider/arnaud-tendon
2026-03-28T07:04:41.019698Z,Amstel Gold Race,REMOVED,SIVAKOV Pavel,rider/pavel-sivakov
2026-03-28T07:04:41.019698Z,Luik-Bastenaken-Luik,REMOVED,SIVAKOV Pavel,rider/pavel-sivakov
2026-03-28T07:04:41.019698Z,Waalse Pijl,REMOVED,SIVAKOV Pavel,rider/pavel-sivakov
2026-03-28T07:04:41.019698Z,Nokere Koerse,REMOVED,EGHOLM Kristian,rider/kristian-egholm1
2026-03-28T07:04:41.019698Z,Scheldeprijs,REMOVED,VANGHELUWE Warre,rider/warre-vangheluwe
2026-03-28T07:04:41.019698Z,Nokere Koerse,REMOVED,VANGHELUWE Warre,rider/warre-vangheluwe
2026-03-28T07:04:41.019698Z,Ronde van Limburg,REMOVED,VANGHELUWE Warre,rider/warre-vangheluwe
2026-03-28T07:04:41.019698Z,Ronde van Brugge,REMOVED,VANGHELUWE Warre,rider/warre-vangheluwe
2026-03-28T07:04:41.019698Z,Samyn Classic,REMOVED,VANGHELUWE Warre,rider/warre-vangheluwe
2026-03-28T07:04:41.019698Z,Bredene Koksijde Classic,REMOVED,VANGHELUWE Warre,rider/warre-vangheluwe
2026-03-28T07:04:41.019698Z,E3 Saxo Classic,REMOVED,VANGHELUWE Warre,rider/warre-vangheluwe
2026-03-28T07:04:41.019698Z,Brabantse Pijl,REMOVED,VERCHER Mattéo,rider/matheo-vercher
2026-03-28T07:04:41.019698Z,Ronde van Vlaanderen,REMOVED,JOHANSEN Julius,rider/julius-johansen
2026-03-28T07:04:41.019698Z,Nokere Koerse,REMOVED,JOHANSEN Julius,rider/julius-johansen
2026-03-28T07:04:41.019698Z,Omloop Nieuwsblad,REMOVED,JOHANSEN Julius,rider/julius-johansen
2026-03-28T07:04:41.019698Z,Parijs-Roubaix,REMOVED,JOHANSEN Julius,rider/julius-johansen
2026-03-28T07:04:41.019698Z,Bredene Koksijde Classic,REMOVED,JOHANSEN Julius,rider/julius-johansen
2026-03-28T07:04:41.019698Z,E3 Saxo Classic,REMOVED,JOHANSEN Julius,rider/julius-johansen
2026-03-28T07:04:41.019698Z,Dwars door Vlaanderen,REMOVED,JOHANSEN Julius,rider/julius-johansen
2026-03-28T07:04:41.019698Z,Ronde van Brugge,REMOVED,JOHANSEN Julius,rider/julius-johansen
2026-03-28T07:04:41.019698Z,Kuurne-Brussel-Kuurne,REMOVED,JOHANSEN Julius,rider/julius-johansen
2026-03-28T07:04:41.019698Z,In Flanders Fields,REMOVED,JOHANSEN Julius,rider/julius-johansen
2026-03-28T07:04:41.019698Z,Waalse Pijl,REMOVED,ALAPHILIPPE Julian,rider/julian-alaphilippe
2026-03-28T07:04:41.019698Z,Luik-Bastenaken-Luik,REMOVED,ALAPHILIPPE Julian,rider/julian-alaphilippe
2026-03-28T07:04:41.019698Z,Amstel Gold Race,REMOVED,ALAPHILIPPE Julian,rider/julian-alaphilippe
2026-03-28T07:04:41.019698Z,Strade Bianche,REMOVED,ALAPHILIPPE Julian,rider/julian-alaphilippe
2026-03-28T07:04:41.019698Z,Milaan-Sanremo,REMOVED,ALAPHILIPPE Julian,rider/julian-alaphilippe
2026-03-28T07:04:41.019698Z,Amstel Gold Race,REMOVED,BARRÉ Louis,rider/louis-barre
2026-03-28T07:04:41.019698Z,Luik-Bastenaken-Luik,REMOVED,BARRÉ Louis,rider/louis-barre
2026-03-28T07:04:41.019698Z,Waalse Pijl,REMOVED,BARRÉ Louis,rider/louis-barre
2026-03-28T07:04:41.019698Z,Amstel Gold Race,REMOVED,ROTA Lorenzo,rider/lorenzo-rota
2026-03-28T07:04:41.019698Z,Milaan-Sanremo,REMOVED,ROTA Lorenzo,rider/lorenzo-rota
2026-03-28T07:04:41.019698Z,Omloop Nieuwsblad,REMOVED,AULAR Orluis,rider/orluis-aular
2026-03-28T07:04:41.019698Z,Ronde van Brugge,REMOVED,AULAR Orluis,rider/orluis-aular
2026-03-28T07:04:41.019698Z,Kuurne-Brussel-Kuurne,REMOVED,AULAR Orluis,rider/orluis-aular
2026-03-28T07:04:41.019698Z,In Flanders Fields,REMOVED,AULAR Orluis,rider/orluis-aular
2026-03-28T07:04:41.019698Z,Milaan-Sanremo,REMOVED,AULAR Orluis,rider/orluis-aular
2026-03-28T07:04:41.019698Z,Ronde van Vlaanderen,REMOVED,TURGIS Anthony,rider/anthony-turgis
2026-03-28T07:04:41.019698Z,Dwars door Vlaanderen,REMOVED,TURGIS Anthony,rider/anthony-turgis
2026-03-28T07:04:41.019698Z,Omloop Nieuwsblad,REMOVED,TURGIS Anthony,rider/anthony-turgis
2026-03-28T07:04:41.019698Z,In Flanders Fields,REMOVED,TURGIS Anthony,rider/anthony-turgis
2026-03-28T07:04:41.019698Z,E3 Saxo Classic,REMOVED,TURGIS Anthony,rider/anthony-turgis
2026-03-28T07:04:41.019698Z,Amstel Gold Race,REMOVED,MERIS Sergio,rider/sergio-meris
2026-03-28T07:04:41.019698Z,E3 Saxo Classic,REMOVED,MERIS Sergio,rider/sergio-meris
2026-03-28T07:04:41.019698Z,Strade Bianche,REMOVED,MERIS Sergio,rider/sergio-meris
2026-03-28T07:04:41.019698Z,Milaan-Sanremo,REMOVED,MERIS Sergio,rider/sergio-meris
2026-03-28T07:04:41.019698Z,Nokere Koerse,REMOVED,GUILLEMETTE Mathias,rider/mathias-guillemette
2026-03-28T07:04:41.019698Z,Bredene Koksijde Classic,REMOVED,GUILLEMETTE Mathias,rider/mathias-guillemette
2026-03-28T07:04:41.019698Z,Ronde van Vlaanderen,REMOVED,BRAET Vito,rider/vito-braet
2026-03-28T07:04:41.019698Z,Omloop Nieuwsblad,REMOVED,BRAET Vito,rider/vito-braet
2026-03-28T07:04:41.019698Z,Ronde van Limburg,REMOVED,BRAET Vito,rider/vito-braet
2026-03-28T07:04:41.019698Z,Amstel Gold Race,REMOVED,BRAET Vito,rider/vito-braet
2026-03-28T07:04:41.019698Z,Samyn Classic,REMOVED,BRAET Vito,rider/vito-braet
2026-03-28T07:04:41.019698Z,Bredene Koksijde Classic,REMOVED,BRAET Vito,rider/vito-braet
2026-03-28T07:04:41.019698Z,E3 Saxo Classic,REMOVED,BRAET Vito,rider/vito-braet
2026-03-28T07:04:41.019698Z,Dwars door Vlaanderen,REMOVED,BRAET Vito,rider/vito-braet
2026-03-28T07:04:41.019698Z,Ronde van Brugge,REMOVED,BRAET Vito,rider/vito-braet
2026-03-28T07:04:41.019698Z,Brabantse Pijl,REMOVED,BRAET Vito,rider/vito-braet
2026-03-28T07:04:41.019698Z,Kuurne-Brussel-Kuurne,REMOVED,BRAET Vito,rider/vito-braet
2026-03-28T07:04:41.019698Z,Brabantse Pijl,REMOVED,GERMANI Lorenzo,rider/lorenzo-germani
2026-03-28T07:04:41.019698Z,Strade Bianche,REMOVED,GERMANI Lorenzo,rider/lorenzo-germani
2026-03-28T07:04:41.019698Z,Amstel Gold Race,REMOVED,GERMANI Lorenzo,rider/lorenzo-germani
2026-03-28T07:04:41.019698Z,Strade Bianche,REMOVED,PALETTI Luca,rider/luca-paletti
2026-03-28T07:04:41.019698Z,Milaan-Sanremo,REMOVED,PALETTI Luca,rider/luca-paletti
2026-03-28T07:04:41.019698Z,Dwars door Vlaanderen,REMOVED,DEGENKOLB John,rider/john-degenkolb
2026-03-28T07:04:41.019698Z,Omloop Nieuwsblad,REMOVED,DEGENKOLB John,rider/john-degenkolb
2026-03-28T07:04:41.019698Z,Kuurne-Brussel-Kuurne,REMOVED,DEGENKOLB John,rider/john-degenkolb
2026-03-28T07:04:41.019698Z,Parijs-Roubaix,REMOVED,DEGENKOLB John,rider/john-degenkolb
2026-03-28T07:04:41.019698Z,In Flanders Fields,REMOVED,DEGENKOLB John,rider/john-degenkolb
2026-03-28T07:04:41.019698Z,Milaan-Sanremo,REMOVED,DEGENKOLB John,rider/john-degenkolb
2026-03-28T07:04:41.019698Z,Samyn Classic,REMOVED,BERGER Antoine,rider/antoine-berger
2026-03-28T07:04:41.019698Z,Amstel Gold Race,REMOVED,CONCI Nicola,rider/nicola-conci
2026-03-28T07:04:41.019698Z,Ronde van Vlaanderen,REMOVED,HOFSTETTER Hugo,rider/hugo-hofstetter
2026-03-28T07:04:41.019698Z,Nokere Koerse,REMOVED,HOFSTETTER Hugo,rider/hugo-hofstetter
2026-03-28T07:04:41.019698Z,Samyn Classic,REMOVED,HOFSTETTER Hugo,rider/hugo-hofstetter
2026-03-28T07:04:41.019698Z,Parijs-Roubaix,REMOVED,HOFSTETTER Hugo,rider/hugo-hofstetter
2026-03-28T07:04:41.019698Z,Bredene Koksijde Classic,REMOVED,HOFSTETTER Hugo,rider/hugo-hofstetter
2026-03-28T07:04:41.019698Z,E3 Saxo Classic,REMOVED,HOFSTETTER Hugo,rider/hugo-hofstetter
2026-03-28T07:04:41.019698Z,Scheldeprijs,REMOVED,HOFSTETTER Hugo,rider/hugo-hofstetter
2026-03-28T07:04:41.019698Z,Ronde van Brugge,REMOVED,HOFSTETTER Hugo,rider/hugo-hofstetter
2026-03-28T07:04:41.019698Z,Kuurne-Brussel-Kuurne,REMOVED,HOFSTETTER Hugo,rider/hugo-hofstetter
2026-03-28T07:04:41.019698Z,In Flanders Fields,REMOVED,HOFSTETTER Hugo,rider/hugo-hofstetter
2026-03-28T07:04:41.019698Z,Samyn Classic,REMOVED,RAUGEL Antoine,rider/antoine-raugel
2026-03-28T07:04:41.019698Z,Samyn Classic,REMOVED,JABLONSKI Ole,rider/ole-jablonski
2026-03-28T07:04:41.019698Z,Milaan-Sanremo,REMOVED,CONFORTI Lorenzo,rider/lorenzo-conforti
2026-03-28T07:04:41.019698Z,Samyn Classic,REMOVED,VAN TRICHT Stan,rider/stan-van-tricht
2026-03-28T07:04:41.019698Z,Nokere Koerse,REMOVED,VAN TRICHT Stan,rider/stan-van-tricht
2026-03-28T07:04:41.019698Z,Bredene Koksijde Classic,REMOVED,VAN TRICHT Stan,rider/stan-van-tricht
2026-03-28T07:04:41.019698Z,Strade Bianche,REMOVED,ZOCCARATO Samuele,rider/samuele-zoccarato
2026-03-28T07:04:41.019698Z,Samyn Classic,REMOVED,HEREMANS Joppe,rider/joppe-heremans
2026-03-28T07:04:41.019698Z,Samyn Classic,REMOVED,CROCKETT Finn,rider/finn-crockett
2026-03-28T07:04:41.019698Z,Bredene Koksijde Classic,REMOVED,CROCKETT Finn,rider/finn-crockett
2026-03-28T07:04:41.019698Z,Ronde van Vlaanderen,REMOVED,SÉNÉCHAL Florian,rider/florian-senechal
2026-03-28T07:04:41.019698Z,Nokere Koerse,REMOVED,SÉNÉCHAL Florian,rider/florian-senechal
2026-03-28T07:04:41.019698Z,Omloop Nieuwsblad,REMOVED,SÉNÉCHAL Florian,rider/florian-senechal
2026-03-28T07:04:41.019698Z,Ronde van Limburg,REMOVED,SÉNÉCHAL Florian,rider/florian-senechal
2026-03-28T07:04:41.019698Z,Samyn Classic,REMOVED,SÉNÉCHAL Florian,rider/florian-senechal
2026-03-28T07:04:41.019698Z,Parijs-Roubaix,REMOVED,SÉNÉCHAL Florian,rider/florian-senechal
2026-03-28T07:04:41.019698Z,Dwars door Vlaanderen,REMOVED,SÉNÉCHAL Florian,rider/florian-senechal
2026-03-28T07:04:41.019698Z,Ronde van Brugge,REMOVED,SÉNÉCHAL Florian,rider/florian-senechal
2026-03-28T07:04:41.019698Z,In Flanders Fields,REMOVED,SÉNÉCHAL Florian,rider/florian-senechal
2026-03-28T07:04:41.019698Z,Brabantse Pijl,REMOVED,KNIGHT Oliver,rider/oliver-knight
2026-03-28T07:04:41.019698Z,Ronde van Limburg,REMOVED,KNIGHT Oliver,rider/oliver-knight
2026-03-28T07:04:41.019698Z,Ronde van Brugge,REMOVED,MILAN Matteo,rider/matteo-milan
2026-03-28T07:04:41.019698Z,Samyn Classic,REMOVED,MILAN Matteo,rider/matteo-milan
2026-03-28T07:04:41.019698Z,Bredene Koksijde Classic,REMOVED,MILAN Matteo,rider/matteo-milan
2026-03-28T07:04:41.019698Z,Nokere Koerse,REMOVED,KOCKELMANN Mathieu,rider/mathieu-kockelmann
2026-03-28T07:04:41.019698Z,Strade Bianche,REMOVED,KOCKELMANN Mathieu,rider/mathieu-kockelmann
2026-03-28T07:04:41.019698Z,Kuurne-Brussel-Kuurne,REMOVED,HVIDEBERG Jonas Hem,rider/jonas-hem-hvideberg
2026-03-28T07:04:41.019698Z,Nokere Koerse,REMOVED,HVIDEBERG Jonas Hem,rider/jonas-hem-hvideberg
2026-03-28T07:04:41.019698Z,Bredene Koksijde Classic,REMOVED,HVIDEBERG Jonas Hem,rider/jonas-hem-hvideberg
2026-03-28T07:04:41.019698Z,Ronde van Brugge,REMOVED,FROIDEVAUX Robin,rider/robin-froidevaux
2026-03-28T07:04:41.019698Z,Kuurne-Brussel-Kuurne,REMOVED,FROIDEVAUX Robin,rider/robin-froidevaux
2026-03-28T07:04:41.019698Z,E3 Saxo Classic,REMOVED,FROIDEVAUX Robin,rider/robin-froidevaux
2026-03-28T07:04:41.019698Z,Ronde van Vlaanderen,REMOVED,LIEPIŅŠ Emīls,rider/emils-liepins
2026-03-28T07:04:41.019698Z,Dwars door Vlaanderen,REMOVED,LIEPIŅŠ Emīls,rider/emils-liepins
2026-03-28T07:04:41.019698Z,Scheldeprijs,REMOVED,LIEPIŅŠ Emīls,rider/emils-liepins
2026-03-28T07:04:41.019698Z,Nokere Koerse,REMOVED,LIEPIŅŠ Emīls,rider/emils-liepins
2026-03-28T07:04:41.019698Z,In Flanders Fields,REMOVED,LIEPIŅŠ Emīls,rider/emils-liepins
2026-03-28T07:04:41.019698Z,Bredene Koksijde Classic,REMOVED,LIEPIŅŠ Emīls,rider/emils-liepins
2026-03-28T07:04:41.019698Z,Strade Bianche,REMOVED,L'HOTE Antoine,rider/antoine-l-hote
2026-03-28T07:04:41.019698Z,Amstel Gold Race,REMOVED,L'HOTE Antoine,rider/antoine-l-hote
2026-03-28T07:04:41.019698Z,Samyn Classic,REMOVED,HANNES Victor,rider/victor-hannes
2026-03-28T07:04:41.019698Z,Ronde van Vlaanderen,REMOVED,HEIDUK Kim,rider/kim-heiduk
2026-03-28T07:04:41.019698Z,Omloop Nieuwsblad,REMOVED,HEIDUK Kim,rider/kim-heiduk
2026-03-28T07:04:41.019698Z,Amstel Gold Race,REMOVED,HEIDUK Kim,rider/kim-heiduk
2026-03-28T07:04:41.019698Z,Strade Bianche,REMOVED,HEIDUK Kim,rider/kim-heiduk
2026-03-28T07:04:41.019698Z,E3 Saxo Classic,REMOVED,HEIDUK Kim,rider/kim-heiduk
2026-03-28T07:04:41.019698Z,Dwars door Vlaanderen,REMOVED,HEIDUK Kim,rider/kim-heiduk
2026-03-28T07:04:41.019698Z,Ronde van Brugge,REMOVED,HEIDUK Kim,rider/kim-heiduk
2026-03-28T07:04:41.019698Z,In Flanders Fields,REMOVED,HEIDUK Kim,rider/kim-heiduk
2026-03-28T07:04:41.019698Z,Dwars door Vlaanderen,REMOVED,MAYRHOFER Marius,rider/marius-mayrhofer
2026-03-28T07:04:41.019698Z,Ronde van Vlaanderen,REMOVED,MAYRHOFER Marius,rider/marius-mayrhofer
2026-03-28T07:04:41.019698Z,Ronde van Vlaanderen,REMOVED,KLUCKERS Arthur,rider/arthur-kluckers
2026-03-28T07:04:41.019698Z,Scheldeprijs,REMOVED,KLUCKERS Arthur,rider/arthur-kluckers
2026-03-28T07:04:41.019698Z,Milaan-Sanremo,REMOVED,KLUCKERS Arthur,rider/arthur-kluckers
2026-03-28T07:04:41.019698Z,In Flanders Fields,REMOVED,KLUCKERS Arthur,rider/arthur-kluckers
2026-03-28T07:04:41.019698Z,E3 Saxo Classic,REMOVED,KLUCKERS Arthur,rider/arthur-kluckers
2026-03-28T07:04:41.019698Z,Ronde van Limburg,REMOVED,BURATTI Nicolò,rider/nicolo-buratti
2026-03-28T07:04:41.019698Z,Ronde van Vlaanderen,REMOVED,WATSON Samuel,rider/samuel-watson
2026-03-28T07:04:41.019698Z,Dwars door Vlaanderen,REMOVED,WATSON Samuel,rider/samuel-watson
2026-03-28T07:04:41.019698Z,Omloop Nieuwsblad,REMOVED,WATSON Samuel,rider/samuel-watson
2026-03-28T07:04:41.019698Z,Amstel Gold Race,REMOVED,WATSON Samuel,rider/samuel-watson
2026-03-28T07:04:41.019698Z,Ronde van Brugge,REMOVED,WATSON Samuel,rider/samuel-watson
2026-03-28T07:04:41.019698Z,In Flanders Fields,REMOVED,WATSON Samuel,rider/samuel-watson
2026-03-28T07:04:41.019698Z,E3 Saxo Classic,REMOVED,WATSON Samuel,rider/samuel-watson
2026-03-28T07:04:41.019698Z,Scheldeprijs,REMOVED,SKERL Daniel,rider/daniel-skerl
2026-03-28T07:04:41.019698Z,Ronde van Limburg,REMOVED,SKERL Daniel,rider/daniel-skerl
2026-03-28T07:04:41.019698Z,Ronde van Brugge,REMOVED,SKERL Daniel,rider/daniel-skerl
2026-03-28T07:04:41.019698Z,In Flanders Fields,REMOVED,SKERL Daniel,rider/daniel-skerl
2026-03-28T07:04:41.019698Z,E3 Saxo Classic,REMOVED,SKERL Daniel,rider/daniel-skerl
2026-03-28T07:04:41.019698Z,Ronde van Brugge,REMOVED,KOGUT Oded,rider/oded-kogut
2026-03-28T07:04:41.019698Z,Samyn Classic,REMOVED,KOGUT Oded,rider/oded-kogut
2026-03-28T07:04:41.019698Z,Scheldeprijs,REMOVED,KOGUT Oded,rider/oded-kogut
2026-03-28T07:04:41.019698Z,Bredene Koksijde Classic,REMOVED,KOGUT Oded,rider/oded-kogut
2026-03-28T07:04:41.019698Z,Dwars door Vlaanderen,REMOVED,ZAMPERINI Edoardo,rider/edoardo-zamperini
2026-03-28T07:04:41.019698Z,Scheldeprijs,REMOVED,ZAMPERINI Edoardo,rider/edoardo-zamperini
2026-03-28T07:04:41.019698Z,In Flanders Fields,REMOVED,ZAMPERINI Edoardo,rider/edoardo-zamperini
2026-03-28T07:04:41.019698Z,Milaan-Sanremo,REMOVED,ZAMPERINI Edoardo,rider/edoardo-zamperini
2026-03-28T07:04:41.019698Z,Strade Bianche,REMOVED,JOHANNESSEN Anders Halland,rider/anders-halland-johannessen
2026-03-28T07:04:41.019698Z,Amstel Gold Race,REMOVED,JOHANNESSEN Anders Halland,rider/anders-halland-johannessen
2026-03-28T07:04:41.019698Z,Nokere Koerse,REMOVED,LIENHARD Fabian,rider/fabian-lienhard
2026-03-28T07:04:41.019698Z,Ronde van Brugge,REMOVED,LIENHARD Fabian,rider/fabian-lienhard
2026-03-28T07:04:41.019698Z,In Flanders Fields,REMOVED,LIENHARD Fabian,rider/fabian-lienhard
2026-03-28T07:04:41.019698Z,Bredene Koksijde Classic,REMOVED,LIENHARD Fabian,rider/fabian-lienhard
2026-03-28T07:04:41.019698Z,E3 Saxo Classic,REMOVED,LIENHARD Fabian,rider/fabian-lienhard
2026-03-28T07:04:41.019698Z,Ronde van Limburg,REMOVED,BIBIC Dylan,rider/dylan-bibic
2026-03-28T07:04:41.019698Z,Samyn Classic,REMOVED,PRICE-PEJTERSEN Johan,rider/johan-price-pejtersen
2026-03-28T07:04:41.019698Z,Scheldeprijs,REMOVED,PRICE-PEJTERSEN Johan,rider/johan-price-pejtersen
2026-03-28T07:04:41.019698Z,In Flanders Fields,REMOVED,FOLDAGER Anders,rider/anders-foldager
2026-03-28T07:04:41.019698Z,Omloop Nieuwsblad,REMOVED,FOLDAGER Anders,rider/anders-foldager
2026-03-28T07:04:41.019698Z,Amstel Gold Race,REMOVED,FOLDAGER Anders,rider/anders-foldager
2026-03-28T07:04:41.019698Z,Brabantse Pijl,REMOVED,FOLDAGER Anders,rider/anders-foldager
2026-03-28T07:04:41.019698Z,Strade Bianche,REMOVED,FOLDAGER Anders,rider/anders-foldager
2026-03-28T07:04:41.019698Z,Milaan-Sanremo,REMOVED,FOLDAGER Anders,rider/anders-foldager
2026-03-28T07:04:41.019698Z,Ronde van Vlaanderen,REMOVED,GATE Aaron,rider/aaron-gate
2026-03-28T07:04:41.019698Z,Dwars door Vlaanderen,REMOVED,GATE Aaron,rider/aaron-gate
2026-03-28T07:04:41.019698Z,Nokere Koerse,REMOVED,GATE Aaron,rider/aaron-gate
2026-03-28T07:04:41.019698Z,Omloop Nieuwsblad,REMOVED,GATE Aaron,rider/aaron-gate
2026-03-28T07:04:41.019698Z,Ronde van Brugge,REMOVED,GATE Aaron,rider/aaron-gate
2026-03-28T07:04:41.019698Z,Kuurne-Brussel-Kuurne,REMOVED,GATE Aaron,rider/aaron-gate
2026-03-28T07:04:41.019698Z,In Flanders Fields,REMOVED,GATE Aaron,rider/aaron-gate
2026-03-28T07:04:41.019698Z,Dwars door Vlaanderen,REMOVED,MILAN Jonathan,rider/jonathan-milan
2026-03-28T07:04:41.019698Z,Kuurne-Brussel-Kuurne,REMOVED,MILAN Jonathan,rider/jonathan-milan
2026-03-28T07:04:41.019698Z,Parijs-Roubaix,REMOVED,MILAN Jonathan,rider/jonathan-milan
2026-03-28T07:04:41.019698Z,In Flanders Fields,REMOVED,MILAN Jonathan,rider/jonathan-milan
2026-03-28T07:04:41.019698Z,Nokere Koerse,REMOVED,PUTZ Sebastian,rider/sebastian-putz
2026-03-28T07:04:41.019698Z,Brabantse Pijl,REMOVED,BARONCINI Filippo,rider/filippo-baroncini
2026-03-28T07:04:41.019698Z,Ronde van Vlaanderen,REMOVED,GRÉGOIRE Romain,rider/romain-gregoire1
2026-03-28T07:04:41.019698Z,Amstel Gold Race,REMOVED,GRÉGOIRE Romain,rider/romain-gregoire1
2026-03-28T07:04:41.019698Z,Strade Bianche,REMOVED,GRÉGOIRE Romain,rider/romain-gregoire1
2026-03-28T07:04:41.019698Z,E3 Saxo Classic,REMOVED,GRÉGOIRE Romain,rider/romain-gregoire1
2026-03-28T07:04:41.019698Z,Dwars door Vlaanderen,REMOVED,GRÉGOIRE Romain,rider/romain-gregoire1
2026-03-28T07:04:41.019698Z,Luik-Bastenaken-Luik,REMOVED,GRÉGOIRE Romain,rider/romain-gregoire1
2026-03-28T07:04:41.019698Z,Brabantse Pijl,REMOVED,GRÉGOIRE Romain,rider/romain-gregoire1
2026-03-28T07:04:41.019698Z,Waalse Pijl,REMOVED,GRÉGOIRE Romain,rider/romain-gregoire1
2026-03-28T07:04:41.019698Z,Milaan-Sanremo,REMOVED,GRÉGOIRE Romain,rider/romain-gregoire1
2026-03-28T07:04:41.019698Z,Ronde van Vlaanderen,REMOVED,FLYNN Sean,rider/sean-flynn
2026-03-28T07:04:41.019698Z,Omloop Nieuwsblad,REMOVED,FLYNN Sean,rider/sean-flynn
2026-03-28T07:04:41.019698Z,Amstel Gold Race,REMOVED,FLYNN Sean,rider/sean-flynn
2026-03-28T07:04:41.019698Z,Samyn Classic,REMOVED,FLYNN Sean,rider/sean-flynn
2026-03-28T07:04:41.019698Z,E3 Saxo Classic,REMOVED,FLYNN Sean,rider/sean-flynn
2026-03-28T07:04:41.019698Z,Dwars door Vlaanderen,REMOVED,FLYNN Sean,rider/sean-flynn
2026-03-28T07:04:41.019698Z,Ronde van Brugge,REMOVED,FLYNN Sean,rider/sean-flynn
2026-03-28T07:04:41.019698Z,In Flanders Fields,REMOVED,FLYNN Sean,rider/sean-flynn
2026-03-28T07:04:41.019698Z,Ronde van Vlaanderen,REMOVED,SEGAERT Alec,rider/alec-segaert
2026-03-28T07:04:41.019698Z,Nokere Koerse,REMOVED,SEGAERT Alec,rider/alec-segaert
2026-03-28T07:04:41.019698Z,Omloop Nieuwsblad,REMOVED,SEGAERT Alec,rider/alec-segaert
2026-03-28T07:04:41.019698Z,Samyn Classic,REMOVED,SEGAERT Alec,rider/alec-segaert
2026-03-28T07:04:41.019698Z,Parijs-Roubaix,REMOVED,SEGAERT Alec,rider/alec-segaert
2026-03-28T07:04:41.019698Z,E3 Saxo Classic,REMOVED,SEGAERT Alec,rider/alec-segaert
2026-03-28T07:04:41.019698Z,Dwars door Vlaanderen,REMOVED,SEGAERT Alec,rider/alec-segaert
2026-03-28T07:04:41.019698Z,Kuurne-Brussel-Kuurne,REMOVED,SEGAERT Alec,rider/alec-segaert
2026-03-28T07:04:41.019698Z,In Flanders Fields,REMOVED,SEGAERT Alec,rider/alec-segaert
2026-03-28T07:04:41.019698Z,Brabantse Pijl,REMOVED,TEUGELS Lennert,rider/lennert-teugels
2026-03-28T07:04:41.019698Z,Dwars door Vlaanderen,REMOVED,MAŁECKI Kamil,rider/kamil-malecki
2026-03-28T07:04:41.019698Z,Scheldeprijs,REMOVED,MAŁECKI Kamil,rider/kamil-malecki
2026-03-28T07:04:41.019698Z,Nokere Koerse,REMOVED,MAŁECKI Kamil,rider/kamil-malecki
2026-03-28T07:04:41.019698Z,Omloop Nieuwsblad,REMOVED,MAŁECKI Kamil,rider/kamil-malecki
2026-03-28T07:04:41.019698Z,Ronde van Limburg,REMOVED,MAŁECKI Kamil,rider/kamil-malecki
2026-03-28T07:04:41.019698Z,Kuurne-Brussel-Kuurne,REMOVED,MAŁECKI Kamil,rider/kamil-malecki
2026-03-28T07:04:41.019698Z,E3 Saxo Classic,REMOVED,MAŁECKI Kamil,rider/kamil-malecki
2026-03-28T07:04:41.019698Z,Luik-Bastenaken-Luik,REMOVED,RACCAGNI NOVIERO Andrea,rider/andrea-raccagni-noviero
2026-03-28T07:04:41.019698Z,Amstel Gold Race,REMOVED,RACCAGNI NOVIERO Andrea,rider/andrea-raccagni-noviero
2026-03-28T07:04:41.019698Z,Nokere Koerse,REMOVED,WANG Gustav,rider/gustav-wang
2026-03-28T07:04:41.019698Z,Bredene Koksijde Classic,REMOVED,WANG Gustav,rider/gustav-wang
2026-03-28T07:04:41.019698Z,Samyn Classic,REMOVED,DHAEYE Enrico,rider/enrico-dhaeye
2026-03-28T07:04:41.019698Z,Samyn Classic,REMOVED,VAN SINTMAARTENSDIJK Daan,rider/daan-van-sintmaartensdijk
2026-03-28T07:04:41.019698Z,Scheldeprijs,REMOVED,VAN SINTMAARTENSDIJK Daan,rider/daan-van-sintmaartensdijk
2026-03-28T07:04:41.019698Z,Bredene Koksijde Classic,REMOVED,VAN SINTMAARTENSDIJK Daan,rider/daan-van-sintmaartensdijk
2026-03-28T07:04:41.019698Z,Samyn Classic,REMOVED,SCHULTEN Chiel,rider/chiel-schulten
2026-03-28T07:04:41.019698Z,Strade Bianche,REMOVED,GROßSCHARTNER Felix,rider/felix-grossschartner
2026-03-28T07:04:41.019698Z,Milaan-Sanremo,REMOVED,GROßSCHARTNER Felix,rider/felix-grossschartner
2026-03-28T07:04:41.019698Z,Nokere Koerse,REMOVED,DEWEIRDT Siebe,rider/siebe-deweirdt
2026-03-28T07:04:41.019698Z,Amstel Gold Race,REMOVED,DEWEIRDT Siebe,rider/siebe-deweirdt
2026-03-28T07:04:41.019698Z,Omloop Nieuwsblad,REMOVED,DEWEIRDT Siebe,rider/siebe-deweirdt
2026-03-28T07:04:41.019698Z,Bredene Koksijde Classic,REMOVED,DEWEIRDT Siebe,rider/siebe-deweirdt
2026-03-28T07:04:41.019698Z,E3 Saxo Classic,REMOVED,DEWEIRDT Siebe,rider/siebe-deweirdt
2026-03-28T07:04:41.019698Z,Ronde van Vlaanderen,REMOVED,SHEEHAN Riley,rider/riley-sheehan
2026-03-28T07:04:41.019698Z,Dwars door Vlaanderen,REMOVED,SHEEHAN Riley,rider/riley-sheehan
2026-03-28T07:04:41.019698Z,Omloop Nieuwsblad,REMOVED,SHEEHAN Riley,rider/riley-sheehan
2026-03-28T07:04:41.019698Z,Kuurne-Brussel-Kuurne,REMOVED,SHEEHAN Riley,rider/riley-sheehan
2026-03-28T07:04:41.019698Z,Parijs-Roubaix,REMOVED,SHEEHAN Riley,rider/riley-sheehan
2026-03-28T07:04:41.019698Z,Strade Bianche,REMOVED,MARCELLUSI Martin,rider/martin-marcellusi
2026-03-28T07:04:41.019698Z,Milaan-Sanremo,REMOVED,MARCELLUSI Martin,rider/martin-marcellusi
2026-03-28T07:04:41.019698Z,Nokere Koerse,REMOVED,SAMBINELLO Mattia,rider/mattia-sambinello
2026-03-28T07:04:41.019698Z,Nokere Koerse,REMOVED,IBÁÑEZ Javier,rider/javier-ibanez-beltran-de-salazar
2026-03-28T07:04:41.019698Z,Bredene Koksijde Classic,REMOVED,IBÁÑEZ Javier,rider/javier-ibanez-beltran-de-salazar
2026-03-28T07:04:41.019698Z,Scheldeprijs,REMOVED,VERVENNE Jonathan,rider/jonathan-vervenne
2026-03-28T07:04:41.019698Z,Nokere Koerse,REMOVED,VERVENNE Jonathan,rider/jonathan-vervenne
2026-03-28T07:04:41.019698Z,Omloop Nieuwsblad,REMOVED,VERVENNE Jonathan,rider/jonathan-vervenne
2026-03-28T07:04:41.019698Z,Ronde van Brugge,REMOVED,VERVENNE Jonathan,rider/jonathan-vervenne
2026-03-28T07:04:41.019698Z,In Flanders Fields,REMOVED,VERVENNE Jonathan,rider/jonathan-vervenne
2026-03-28T07:04:41.019698Z,Bredene Koksijde Classic,REMOVED,VERVENNE Jonathan,rider/jonathan-vervenne
2026-03-28T07:04:41.019698Z,E3 Saxo Classic,REMOVED,VERVENNE Jonathan,rider/jonathan-vervenne
2026-03-28T07:04:41.019698Z,Ronde van Vlaanderen,REMOVED,HALLER Marco,rider/marco-haller
2026-03-28T07:04:41.019698Z,Milaan-Sanremo,REMOVED,HALLER Marco,rider/marco-haller
2026-03-28T07:04:41.019698Z,Omloop Nieuwsblad,REMOVED,HALLER Marco,rider/marco-haller
2026-03-28T07:04:41.019698Z,Kuurne-Brussel-Kuurne,REMOVED,HALLER Marco,rider/marco-haller
2026-03-28T07:04:41.019698Z,In Flanders Fields,REMOVED,HALLER Marco,rider/marco-haller
2026-03-28T07:04:41.019698Z,E3 Saxo Classic,REMOVED,HALLER Marco,rider/marco-haller
2026-03-28T07:04:41.019698Z,Dwars door Vlaanderen,REMOVED,ZUKOWSKY Nickolas,rider/nickolas-zukowsky
2026-03-28T07:04:41.019698Z,Ronde van Vlaanderen,REMOVED,ZUKOWSKY Nickolas,rider/nickolas-zukowsky
2026-03-28T07:04:41.019698Z,In Flanders Fields,REMOVED,ZUKOWSKY Nickolas,rider/nickolas-zukowsky
2026-03-28T07:04:41.019698Z,E3 Saxo Classic,REMOVED,ZUKOWSKY Nickolas,rider/nickolas-zukowsky
2026-03-28T07:04:41.019698Z,Ronde van Brugge,REMOVED,GIAIMI Luca,rider/luca-giaimi
2026-03-28T07:04:41.019698Z,Nokere Koerse,REMOVED,GIAIMI Luca,rider/luca-giaimi
2026-03-28T07:04:41.019698Z,In Flanders Fields,REMOVED,GIAIMI Luca,rider/luca-giaimi
2026-03-28T07:04:41.019698Z,Bredene Koksijde Classic,REMOVED,GIAIMI Luca,rider/luca-giaimi
2026-03-28T07:04:41.019698Z,Nokere Koerse,REMOVED,BIESTERBOS Frits,rider/frits-biesterbos
2026-03-28T07:04:41.019698Z,Amstel Gold Race,REMOVED,BIESTERBOS Frits,rider/frits-biesterbos
2026-03-28T07:04:41.019698Z,Samyn Classic,REMOVED,BIESTERBOS Frits,rider/frits-biesterbos
2026-03-28T07:04:41.019698Z,Bredene Koksijde Classic,REMOVED,BIESTERBOS Frits,rider/frits-biesterbos
2026-03-28T07:04:41.019698Z,E3 Saxo Classic,REMOVED,BIESTERBOS Frits,rider/frits-biesterbos
2026-03-28T07:04:41.019698Z,Scheldeprijs,REMOVED,BIESTERBOS Frits,rider/frits-biesterbos
2026-03-28T07:04:41.019698Z,Kuurne-Brussel-Kuurne,REMOVED,BIESTERBOS Frits,rider/frits-biesterbos
2026-03-28T07:04:41.019698Z,In Flanders Fields,REMOVED,BIESTERBOS Frits,rider/frits-biesterbos
2026-03-28T07:04:41.019698Z,Brabantse Pijl,REMOVED,FERRON Valentin,rider/valentin-ferron
2026-03-28T07:04:41.019698Z,Ronde van Limburg,REMOVED,FERRON Valentin,rider/valentin-ferron
2026-03-28T07:04:41.019698Z,Milaan-Sanremo,REMOVED,FERRON Valentin,rider/valentin-ferron
2026-03-28T07:04:41.019698Z,Strade Bianche,REMOVED,NESPOLI Lorenzo,rider/lorenzo-nespoli
2026-03-28T07:04:41.019698Z,Ronde van Vlaanderen,REMOVED,CANAL Carlos,rider/carlos-canal
2026-03-28T07:04:41.019698Z,Dwars door Vlaanderen,REMOVED,CANAL Carlos,rider/carlos-canal
2026-03-28T07:04:41.019698Z,Omloop Nieuwsblad,REMOVED,CANAL Carlos,rider/carlos-canal
2026-03-28T07:04:41.019698Z,Ronde van Brugge,REMOVED,CANAL Carlos,rider/carlos-canal
2026-03-28T07:04:41.019698Z,Kuurne-Brussel-Kuurne,REMOVED,CANAL Carlos,rider/carlos-canal
2026-03-28T07:04:41.019698Z,In Flanders Fields,REMOVED,CANAL Carlos,rider/carlos-canal
2026-03-28T07:04:41.019698Z,E3 Saxo Classic,REMOVED,CANAL Carlos,rider/carlos-canal
2026-03-28T07:04:41.019698Z,Strade Bianche,REMOVED,BUDZIŃSKI Marcin,rider/marcin-budzinski
2026-03-28T07:04:41.019698Z,Ronde van Vlaanderen,REMOVED,RUTSCH Jonas,rider/jonas-rutsch
2026-03-28T07:04:41.019698Z,E3 Saxo Classic,REMOVED,RUTSCH Jonas,rider/jonas-rutsch
2026-03-28T07:04:41.019698Z,In Flanders Fields,REMOVED,RUTSCH Jonas,rider/jonas-rutsch
2026-03-28T07:04:41.019698Z,Milaan-Sanremo,REMOVED,RUTSCH Jonas,rider/jonas-rutsch
2026-03-28T07:04:41.019698Z,Ronde van Vlaanderen,REMOVED,GROVES Kaden,rider/kaden-groves
2026-03-28T07:04:41.019698Z,Dwars door Vlaanderen,REMOVED,GROVES Kaden,rider/kaden-groves
2026-03-28T07:04:41.019698Z,Omloop Nieuwsblad,REMOVED,GROVES Kaden,rider/kaden-groves
2026-03-28T07:04:41.019698Z,Kuurne-Brussel-Kuurne,REMOVED,GROVES Kaden,rider/kaden-groves
2026-03-28T07:04:41.019698Z,Parijs-Roubaix,REMOVED,GROVES Kaden,rider/kaden-groves
2026-03-28T07:04:41.019698Z,Luik-Bastenaken-Luik,REMOVED,FIORELLI Filippo,rider/filippo-fiorelli
2026-03-28T07:04:41.019698Z,Amstel Gold Race,REMOVED,FIORELLI Filippo,rider/filippo-fiorelli
2026-03-28T07:04:41.019698Z,Kuurne-Brussel-Kuurne,REMOVED,FIORELLI Filippo,rider/filippo-fiorelli
2026-03-28T07:04:41.019698Z,Strade Bianche,REMOVED,FIORELLI Filippo,rider/filippo-fiorelli
2026-03-28T07:04:41.019698Z,E3 Saxo Classic,REMOVED,FIORELLI Filippo,rider/filippo-fiorelli
2026-03-28T07:04:41.019698Z,Strade Bianche,REMOVED,PIRAS Andrea,rider/andrea-piras
2026-03-28T07:04:41.019698Z,Ronde van Vlaanderen,REMOVED,BONNET Thomas,rider/thomas-bonnet
2026-03-28T07:04:41.019698Z,Brabantse Pijl,REMOVED,BONNET Thomas,rider/thomas-bonnet
2026-03-28T07:04:41.019698Z,Amstel Gold Race,REMOVED,BONNET Thomas,rider/thomas-bonnet
2026-03-28T07:04:41.019698Z,Omloop Nieuwsblad,REMOVED,BONNET Thomas,rider/thomas-bonnet
2026-03-28T07:04:41.019698Z,Samyn Classic,REMOVED,LOWAGIE Arthur,rider/arthur-lowagie
2026-03-28T07:04:41.019698Z,Amstel Gold Race,REMOVED,SKJELMOSE Mattias,rider/mattias-skjelmose-jensen
2026-03-28T07:04:41.019698Z,Luik-Bastenaken-Luik,REMOVED,SKJELMOSE Mattias,rider/mattias-skjelmose-jensen
2026-03-28T07:04:41.019698Z,Waalse Pijl,REMOVED,SKJELMOSE Mattias,rider/mattias-skjelmose-jensen
2026-03-28T07:04:41.019698Z,Amstel Gold Race,REMOVED,IZAGIRRE Ion,rider/ion-izagirre
2026-03-28T07:04:41.019698Z,Luik-Bastenaken-Luik,REMOVED,IZAGIRRE Ion,rider/ion-izagirre
2026-03-28T07:04:41.019698Z,Waalse Pijl,REMOVED,IZAGIRRE Ion,rider/ion-izagirre
2026-03-28T07:04:41.019698Z,Brabantse Pijl,REMOVED,MENTEN Milan,rider/milan-menten
2026-03-28T07:04:41.019698Z,Scheldeprijs,REMOVED,MENTEN Milan,rider/milan-menten
2026-03-28T07:04:41.019698Z,Nokere Koerse,REMOVED,MENTEN Milan,rider/milan-menten
2026-03-28T07:04:41.019698Z,Ronde van Limburg,REMOVED,MENTEN Milan,rider/milan-menten
2026-03-28T07:04:41.019698Z,Luik-Bastenaken-Luik,REMOVED,MARTIN Guillaume,rider/guillaume-martin
2026-03-28T07:04:41.019698Z,Waalse Pijl,REMOVED,MARTIN Guillaume,rider/guillaume-martin
2026-03-28T07:04:41.019698Z,Ronde van Vlaanderen,REMOVED,LOUVEL Matis,rider/matis-louvel
2026-03-28T07:04:41.019698Z,Dwars door Vlaanderen,REMOVED,LOUVEL Matis,rider/matis-louvel
2026-03-28T07:04:41.019698Z,Omloop Nieuwsblad,REMOVED,LOUVEL Matis,rider/matis-louvel
2026-03-28T07:04:41.019698Z,Kuurne-Brussel-Kuurne,REMOVED,LOUVEL Matis,rider/matis-louvel
2026-03-28T07:04:41.019698Z,Parijs-Roubaix,REMOVED,LOUVEL Matis,rider/matis-louvel
2026-03-28T07:04:41.019698Z,In Flanders Fields,REMOVED,LOUVEL Matis,rider/matis-louvel
2026-03-28T07:04:41.019698Z,E3 Saxo Classic,REMOVED,LOUVEL Matis,rider/matis-louvel
2026-03-28T07:04:41.019698Z,Amstel Gold Race,REMOVED,DOUBEY Fabien,rider/fabien-doubey
2026-03-28T07:04:41.019698Z,Ronde van Vlaanderen,REMOVED,ALLEGAERT Piet,rider/piet-allegaert
2026-03-28T07:04:41.019698Z,Dwars door Vlaanderen,REMOVED,ALLEGAERT Piet,rider/piet-allegaert
2026-03-28T07:04:41.019698Z,Scheldeprijs,REMOVED,ALLEGAERT Piet,rider/piet-allegaert
2026-03-28T07:04:41.019698Z,Nokere Koerse,REMOVED,ALLEGAERT Piet,rider/piet-allegaert
2026-03-28T07:04:41.019698Z,Omloop Nieuwsblad,REMOVED,ALLEGAERT Piet,rider/piet-allegaert
2026-03-28T07:04:41.019698Z,Kuurne-Brussel-Kuurne,REMOVED,ALLEGAERT Piet,rider/piet-allegaert
2026-03-28T07:04:41.019698Z,In Flanders Fields,REMOVED,ALLEGAERT Piet,rider/piet-allegaert
2026-03-28T07:04:41.019698Z,Amstel Gold Race,REMOVED,VAN WILDER Ilan,rider/ilan-van-wilder
2026-03-28T07:04:41.019698Z,Luik-Bastenaken-Luik,REMOVED,VAN WILDER Ilan,rider/ilan-van-wilder
2026-03-28T07:04:41.019698Z,Waalse Pijl,REMOVED,VAN WILDER Ilan,rider/ilan-van-wilder
2026-03-28T07:04:41.019698Z,Ronde van Vlaanderen,REMOVED,WRIGHT Fred,rider/alfred-wright
2026-03-28T07:04:41.019698Z,Omloop Nieuwsblad,REMOVED,WRIGHT Fred,rider/alfred-wright
2026-03-28T07:04:41.019698Z,Parijs-Roubaix,REMOVED,WRIGHT Fred,rider/alfred-wright
2026-03-28T07:04:41.019698Z,E3 Saxo Classic,REMOVED,WRIGHT Fred,rider/alfred-wright
2026-03-28T07:04:41.019698Z,Dwars door Vlaanderen,REMOVED,WRIGHT Fred,rider/alfred-wright
2026-03-28T07:04:41.019698Z,Scheldeprijs,REMOVED,WRIGHT Fred,rider/alfred-wright
2026-03-28T07:04:41.019698Z,Kuurne-Brussel-Kuurne,REMOVED,WRIGHT Fred,rider/alfred-wright
2026-03-28T07:04:41.019698Z,In Flanders Fields,REMOVED,WRIGHT Fred,rider/alfred-wright
2026-03-28T07:04:41.019698Z,Milaan-Sanremo,REMOVED,WRIGHT Fred,rider/alfred-wright
2026-03-28T07:04:41.019698Z,Ronde van Vlaanderen,REMOVED,RIESEBEEK Oscar,rider/oscar-riesebeek
2026-03-28T07:04:41.019698Z,Nokere Koerse,REMOVED,RIESEBEEK Oscar,rider/oscar-riesebeek
2026-03-28T07:04:41.019698Z,Brabantse Pijl,REMOVED,RIESEBEEK Oscar,rider/oscar-riesebeek
2026-03-28T07:04:41.019698Z,Parijs-Roubaix,REMOVED,RIESEBEEK Oscar,rider/oscar-riesebeek
2026-03-28T07:04:41.019698Z,E3 Saxo Classic,REMOVED,RIESEBEEK Oscar,rider/oscar-riesebeek
2026-03-28T07:04:41.019698Z,Nokere Koerse,REMOVED,GELDERS Gil,rider/gil-gelders
2026-03-28T07:04:41.019698Z,Bredene Koksijde Classic,REMOVED,GELDERS Gil,rider/gil-gelders
2026-03-28T07:04:41.019698Z,Ronde van Brugge,REMOVED,TESSON Jason,rider/jason-tesson
2026-03-28T07:04:41.019698Z,Samyn Classic,REMOVED,TESSON Jason,rider/jason-tesson
2026-03-28T07:04:41.019698Z,Nokere Koerse,REMOVED,TESSON Jason,rider/jason-tesson
2026-03-28T07:04:41.019698Z,Bredene Koksijde Classic,REMOVED,TESSON Jason,rider/jason-tesson
2026-03-28T07:04:41.019698Z,Nokere Koerse,REMOVED,DE CEUSTER Milan,rider/milan-de-ceuster
2026-03-28T07:04:41.019698Z,Milaan-Sanremo,REMOVED,RIDOLFO Filippo,rider/filippo-ridolfo
2026-03-28T07:04:41.019698Z,Milaan-Sanremo,REMOVED,JOHANNINK Jelle,rider/jelle-johannink
2026-03-28T07:04:41.019698Z,Amstel Gold Race,REMOVED,JOHANNINK Jelle,rider/jelle-johannink
2026-03-28T07:04:41.019698Z,Brabantse Pijl,REMOVED,JOHANNINK Jelle,rider/jelle-johannink
2026-03-28T07:04:41.019698Z,Strade Bianche,REMOVED,JOHANNINK Jelle,rider/jelle-johannink
2026-03-28T07:04:41.019698Z,E3 Saxo Classic,REMOVED,JOHANNINK Jelle,rider/jelle-johannink
2026-03-28T07:04:41.019698Z,Scheldeprijs,REMOVED,ROMMELAERE Iben,rider/iben-rommelaere
2026-03-28T07:04:41.019698Z,Nokere Koerse,REMOVED,ROMMELAERE Iben,rider/iben-rommelaere
2026-03-28T07:04:41.019698Z,Milaan-Sanremo,REMOVED,VINOKUROV Nicolas,rider/nicolas-vinokurov
2026-03-28T07:04:41.019698Z,Strade Bianche,REMOVED,VAN EETVELT Lennert,rider/lennert-van-eetvelt
2026-03-28T07:04:41.019698Z,Luik-Bastenaken-Luik,REMOVED,VAN EETVELT Lennert,rider/lennert-van-eetvelt
2026-03-28T07:04:41.019698Z,Waalse Pijl,REMOVED,VAN EETVELT Lennert,rider/lennert-van-eetvelt
2026-03-28T07:04:41.019698Z,Strade Bianche,REMOVED,BENNETT George,rider/george-bennett
2026-03-28T07:04:41.019698Z,Bredene Koksijde Classic,REMOVED,BRINKMAN Joost,rider/joost-brinkman
2026-03-28T07:04:41.019698Z,Ronde van Limburg,REMOVED,BRINKMAN Joost,rider/joost-brinkman
2026-03-28T07:04:41.019698Z,Dwars door Vlaanderen,REMOVED,THORNLEY Callum,rider/callum-thornley
2026-03-28T07:04:41.019698Z,Ronde van Vlaanderen,REMOVED,THORNLEY Callum,rider/callum-thornley
2026-03-28T07:04:41.019698Z,Strade Bianche,REMOVED,NENCINI Tommaso,rider/tommaso-nencini
2026-03-28T07:04:41.019698Z,Ronde van Vlaanderen,REMOVED,POGAČAR Tadej,rider/tadej-pogacar
2026-03-28T07:04:41.019698Z,Luik-Bastenaken-Luik,REMOVED,POGAČAR Tadej,rider/tadej-pogacar
2026-03-28T07:04:41.019698Z,Parijs-Roubaix,REMOVED,POGAČAR Tadej,rider/tadej-pogacar
2026-03-28T07:04:41.019698Z,Strade Bianche,REMOVED,POGAČAR Tadej,rider/tadej-pogacar
2026-03-28T07:04:41.019698Z,Milaan-Sanremo,REMOVED,POGAČAR Tadej,rider/tadej-pogacar
2026-03-28T07:04:41.019698Z,Milaan-Sanremo,REMOVED,COLNAGHI Luca,rider/luca-colnaghi
2026-03-28T07:04:41.019698Z,Brabantse Pijl,REMOVED,COQUARD Bryan,rider/bryan-coquard
2026-03-28T07:04:41.019698Z,Amstel Gold Race,REMOVED,COQUARD Bryan,rider/bryan-coquard
2026-03-28T07:04:41.019698Z,Milaan-Sanremo,REMOVED,COQUARD Bryan,rider/bryan-coquard
2026-03-28T07:04:41.019698Z,Brabantse Pijl,REMOVED,MATTHEWS Michael,rider/michael-matthews
2026-03-28T07:04:41.019698Z,Amstel Gold Race,REMOVED,MATTHEWS Michael,rider/michael-matthews
2026-03-28T07:04:41.019698Z,Dwars door Vlaanderen,REMOVED,DEL GROSSO Tibor,rider/tibor-del-grosso
2026-03-28T07:04:41.019698Z,Ronde van Limburg,REMOVED,DEL GROSSO Tibor,rider/tibor-del-grosso
2026-03-28T07:04:41.019698Z,Brabantse Pijl,REMOVED,DEL GROSSO Tibor,rider/tibor-del-grosso
2026-03-28T07:04:41.019698Z,Strade Bianche,REMOVED,DEL GROSSO Tibor,rider/tibor-del-grosso
2026-03-28T07:04:41.019698Z,E3 Saxo Classic,REMOVED,DEL GROSSO Tibor,rider/tibor-del-grosso
2026-03-28T07:04:41.019698Z,Milaan-Sanremo,REMOVED,GAUTHERAT Pierre,rider/pierre-gautherat
2026-03-28T07:04:41.019698Z,Amstel Gold Race,REMOVED,GAUTHERAT Pierre,rider/pierre-gautherat
2026-03-28T07:04:41.019698Z,Ronde van Brugge,REMOVED,GAUTHERAT Pierre,rider/pierre-gautherat
2026-03-28T07:04:41.019698Z,Strade Bianche,REMOVED,GAUTHERAT Pierre,rider/pierre-gautherat
2026-03-28T07:04:41.019698Z,E3 Saxo Classic,REMOVED,GAUTHERAT Pierre,rider/pierre-gautherat
2026-03-28T07:04:41.019698Z,Scheldeprijs,REMOVED,SIERRA Juan David,rider/juan-david-sierra
2026-03-28T07:04:41.019698Z,Samyn Classic,REMOVED,TAILLIEU Aldo,rider/aldo-taillieu
2026-03-28T07:04:41.019698Z,Ronde van Vlaanderen,REMOVED,KRAGH ANDERSEN Søren,rider/soren-kragh-andersen
2026-03-28T07:04:41.019698Z,Dwars door Vlaanderen,REMOVED,KRAGH ANDERSEN Søren,rider/soren-kragh-andersen
2026-03-28T07:04:41.019698Z,Omloop Nieuwsblad,REMOVED,KRAGH ANDERSEN Søren,rider/soren-kragh-andersen
2026-03-28T07:04:41.019698Z,Parijs-Roubaix,REMOVED,KRAGH ANDERSEN Søren,rider/soren-kragh-andersen
2026-03-28T07:04:41.019698Z,In Flanders Fields,REMOVED,KRAGH ANDERSEN Søren,rider/soren-kragh-andersen
2026-03-28T07:04:41.019698Z,Milaan-Sanremo,REMOVED,KRAGH ANDERSEN Søren,rider/soren-kragh-andersen
2026-03-28T07:04:41.019698Z,Strade Bianche,REMOVED,MAGLI Filippo,rider/filippo-magli2
2026-03-28T07:04:41.019698Z,Ronde van Vlaanderen,REMOVED,REX Laurenz,rider/laurenz-rex
2026-03-28T07:04:41.019698Z,Kuurne-Brussel-Kuurne,REMOVED,REX Laurenz,rider/laurenz-rex
2026-03-28T07:04:41.019698Z,Ronde van Brugge,REMOVED,REX Laurenz,rider/laurenz-rex
2026-03-28T07:04:41.019698Z,Samyn Classic,REMOVED,REX Laurenz,rider/laurenz-rex
2026-03-28T07:04:41.019698Z,Parijs-Roubaix,REMOVED,REX Laurenz,rider/laurenz-rex
2026-03-28T07:04:41.019698Z,In Flanders Fields,REMOVED,REX Laurenz,rider/laurenz-rex
2026-03-28T07:04:41.019698Z,Milaan-Sanremo,REMOVED,REX Laurenz,rider/laurenz-rex
2026-03-28T07:04:41.019698Z,Ronde van Brugge,REMOVED,ÁLVAREZ Rodrigo,rider/rodrigo-alvarez-rogriguez
2026-03-28T07:04:41.019698Z,Scheldeprijs,REMOVED,ÁLVAREZ Rodrigo,rider/rodrigo-alvarez-rogriguez
2026-03-28T07:04:41.019698Z,E3 Saxo Classic,REMOVED,ÁLVAREZ Rodrigo,rider/rodrigo-alvarez-rogriguez
2026-03-28T07:04:41.019698Z,Strade Bianche,REMOVED,BOICHIS Adrien,rider/adrien-boichis
2026-03-28T07:04:41.019698Z,Ronde van Vlaanderen,REMOVED,WÆRENSKJOLD Søren,rider/soren-waerenskjold
2026-03-28T07:04:41.019698Z,Dwars door Vlaanderen,REMOVED,WÆRENSKJOLD Søren,rider/soren-waerenskjold
2026-03-28T07:04:41.019698Z,Omloop Nieuwsblad,REMOVED,WÆRENSKJOLD Søren,rider/soren-waerenskjold
2026-03-28T07:04:41.019698Z,Ronde van Brugge,REMOVED,WÆRENSKJOLD Søren,rider/soren-waerenskjold
2026-03-28T07:04:41.019698Z,Parijs-Roubaix,REMOVED,WÆRENSKJOLD Søren,rider/soren-waerenskjold
2026-03-28T07:04:41.019698Z,In Flanders Fields,REMOVED,WÆRENSKJOLD Søren,rider/soren-waerenskjold
2026-03-28T07:04:41.019698Z,Milaan-Sanremo,REMOVED,WÆRENSKJOLD Søren,rider/soren-waerenskjold
2026-03-28T07:04:41.019698Z,Ronde van Vlaanderen,REMOVED,LAMPERTI Luke,rider/luke-lamperti
2026-03-28T07:04:41.019698Z,Omloop Nieuwsblad,REMOVED,LAMPERTI Luke,rider/luke-lamperti
2026-03-28T07:04:41.019698Z,Parijs-Roubaix,REMOVED,LAMPERTI Luke,rider/luke-lamperti
2026-03-28T07:04:41.019698Z,E3 Saxo Classic,REMOVED,LAMPERTI Luke,rider/luke-lamperti
2026-03-28T07:04:41.019698Z,Dwars door Vlaanderen,REMOVED,LAMPERTI Luke,rider/luke-lamperti
2026-03-28T07:04:41.019698Z,Ronde van Brugge,REMOVED,LAMPERTI Luke,rider/luke-lamperti
2026-03-28T07:04:41.019698Z,Kuurne-Brussel-Kuurne,REMOVED,LAMPERTI Luke,rider/luke-lamperti
2026-03-28T07:04:41.019698Z,In Flanders Fields,REMOVED,LAMPERTI Luke,rider/luke-lamperti
2026-03-28T07:04:41.019698Z,Milaan-Sanremo,REMOVED,LAMPERTI Luke,rider/luke-lamperti
2026-03-28T07:04:41.019698Z,Ronde van Vlaanderen,REMOVED,DE GENDT Aimé,rider/aime-de-gendt
2026-03-28T07:04:41.019698Z,Nokere Koerse,REMOVED,DE GENDT Aimé,rider/aime-de-gendt
2026-03-28T07:04:41.019698Z,Omloop Nieuwsblad,REMOVED,DE GENDT Aimé,rider/aime-de-gendt
2026-03-28T07:04:41.019698Z,Bredene Koksijde Classic,REMOVED,DE GENDT Aimé,rider/aime-de-gendt
2026-03-28T07:04:41.019698Z,E3 Saxo Classic,REMOVED,DE GENDT Aimé,rider/aime-de-gendt
2026-03-28T07:04:41.019698Z,Dwars door Vlaanderen,REMOVED,DE GENDT Aimé,rider/aime-de-gendt
2026-03-28T07:04:41.019698Z,Scheldeprijs,REMOVED,DE GENDT Aimé,rider/aime-de-gendt
2026-03-28T07:04:41.019698Z,Kuurne-Brussel-Kuurne,REMOVED,DE GENDT Aimé,rider/aime-de-gendt
2026-03-28T07:04:41.019698Z,In Flanders Fields,REMOVED,DE GENDT Aimé,rider/aime-de-gendt
2026-03-28T07:04:41.019698Z,Strade Bianche,REMOVED,VERRANDO Luca,rider/luca-verrando
2026-03-28T07:04:41.019698Z,Ronde van Vlaanderen,REMOVED,VAN BAARLE Dylan,rider/dylan-van-baarle
2026-03-28T07:04:41.019698Z,Dwars door Vlaanderen,REMOVED,VAN BAARLE Dylan,rider/dylan-van-baarle
2026-03-28T07:04:41.019698Z,Omloop Nieuwsblad,REMOVED,VAN BAARLE Dylan,rider/dylan-van-baarle
2026-03-28T07:04:41.019698Z,Kuurne-Brussel-Kuurne,REMOVED,VAN BAARLE Dylan,rider/dylan-van-baarle
2026-03-28T07:04:41.019698Z,Parijs-Roubaix,REMOVED,VAN BAARLE Dylan,rider/dylan-van-baarle
2026-03-28T07:04:41.019698Z,E3 Saxo Classic,REMOVED,VAN BAARLE Dylan,rider/dylan-van-baarle
2026-03-28T07:04:41.019698Z,Nokere Koerse,REMOVED,MOLANO Juan Sebastián,rider/juan-sebastian-molano
2026-03-28T07:04:41.019698Z,Omloop Nieuwsblad,REMOVED,MOLANO Juan Sebastián,rider/juan-sebastian-molano
2026-03-28T07:04:41.019698Z,Ronde van Brugge,REMOVED,MOLANO Juan Sebastián,rider/juan-sebastian-molano
2026-03-28T07:04:41.019698Z,Kuurne-Brussel-Kuurne,REMOVED,MOLANO Juan Sebastián,rider/juan-sebastian-molano
2026-03-28T07:04:41.019698Z,In Flanders Fields,REMOVED,MOLANO Juan Sebastián,rider/juan-sebastian-molano
2026-03-28T07:04:41.019698Z,Bredene Koksijde Classic,REMOVED,MOLANO Juan Sebastián,rider/juan-sebastian-molano
2026-03-28T07:04:41.019698Z,Omloop Nieuwsblad,REMOVED,BOUGLAS Georgios,rider/georgios-bouglas
2026-03-28T07:04:41.019698Z,Ronde van Limburg,REMOVED,BOUGLAS Georgios,rider/georgios-bouglas
2026-03-28T07:04:41.019698Z,E3 Saxo Classic,REMOVED,BOUGLAS Georgios,rider/georgios-bouglas
2026-03-28T07:04:41.019698Z,Dwars door Vlaanderen,REMOVED,BOUGLAS Georgios,rider/georgios-bouglas
2026-03-28T07:04:41.019698Z,Ronde van Brugge,REMOVED,BOUGLAS Georgios,rider/georgios-bouglas
2026-03-28T07:04:41.019698Z,Brabantse Pijl,REMOVED,BOUGLAS Georgios,rider/georgios-bouglas
2026-03-28T07:04:41.019698Z,Kuurne-Brussel-Kuurne,REMOVED,BOUGLAS Georgios,rider/georgios-bouglas
2026-03-28T07:04:41.019698Z,In Flanders Fields,REMOVED,BOUGLAS Georgios,rider/georgios-bouglas
2026-03-28T07:04:41.019698Z,Strade Bianche,REMOVED,CRETTI Luca,rider/luca-cretti
2026-03-28T07:04:41.019698Z,Strade Bianche,REMOVED,DINA Márton,rider/marton-dina
2026-03-28T07:04:41.019698Z,Samyn Classic,REMOVED,VAN DER WAL Rik,rider/rik-van-der-wal
2026-03-28T07:04:41.019698Z,Ronde van Brugge,REMOVED,MARSMAN Tim,rider/tim-marsman
2026-03-28T07:04:41.019698Z,In Flanders Fields,REMOVED,MARSMAN Tim,rider/tim-marsman
2026-03-28T07:04:41.019698Z,Milaan-Sanremo,REMOVED,MARSMAN Tim,rider/tim-marsman
2026-03-28T07:04:41.019698Z,Ronde van Limburg,REMOVED,WEIERINK Jelle,rider/jelle-weierink
2026-03-28T07:04:41.019698Z,Milaan-Sanremo,REMOVED,DOULL Owain,rider/owain-doull
2026-03-28T07:04:41.019698Z,In Flanders Fields,REMOVED,DOULL Owain,rider/owain-doull
2026-03-28T07:04:41.019698Z,E3 Saxo Classic,REMOVED,DOULL Owain,rider/owain-doull
2026-03-28T07:04:41.019698Z,Ronde van Vlaanderen,REMOVED,LAMPAERT Yves,rider/yves-lampaert
2026-03-28T07:04:41.019698Z,Nokere Koerse,REMOVED,LAMPAERT Yves,rider/yves-lampaert
2026-03-28T07:04:41.019698Z,Omloop Nieuwsblad,REMOVED,LAMPAERT Yves,rider/yves-lampaert
2026-03-28T07:04:41.019698Z,Parijs-Roubaix,REMOVED,LAMPAERT Yves,rider/yves-lampaert
2026-03-28T07:04:41.019698Z,Bredene Koksijde Classic,REMOVED,LAMPAERT Yves,rider/yves-lampaert
2026-03-28T07:04:41.019698Z,Dwars door Vlaanderen,REMOVED,LAMPAERT Yves,rider/yves-lampaert
2026-03-28T07:04:41.019698Z,Ronde van Brugge,REMOVED,LAMPAERT Yves,rider/yves-lampaert
2026-03-28T07:04:41.019698Z,Kuurne-Brussel-Kuurne,REMOVED,LAMPAERT Yves,rider/yves-lampaert
2026-03-28T07:04:41.019698Z,In Flanders Fields,REMOVED,LAMPAERT Yves,rider/yves-lampaert
2026-03-28T07:04:41.019698Z,Milaan-Sanremo,REMOVED,MAESTRI Mirco,rider/mirco-maestri
2026-03-28T07:04:41.019698Z,Milaan-Sanremo,REMOVED,CARUSO Damiano,rider/damiano-caruso
2026-03-28T07:04:41.019698Z,Nokere Koerse,REMOVED,VILLAR Iker,rider/iker-villar
2026-03-28T07:04:41.019698Z,Bredene Koksijde Classic,REMOVED,VILLAR Iker,rider/iker-villar
2026-03-28T07:04:41.019698Z,Amstel Gold Race,REMOVED,DELBOVE Joris,rider/joris-delbove
2026-03-28T07:04:41.019698Z,Scheldeprijs,REMOVED,BAUWENS Siebe,rider/siebe-bauwens
2026-03-28T07:04:41.019698Z,Ronde van Limburg,REMOVED,BAUWENS Siebe,rider/siebe-bauwens
2026-03-28T07:04:41.019698Z,Samyn Classic,REMOVED,DUNWOODY Seth,rider/seth-dunwoody
2026-03-28T07:04:41.019698Z,Nokere Koerse,REMOVED,DUNWOODY Seth,rider/seth-dunwoody
2026-03-28T07:04:41.019698Z,Ronde van Limburg,REMOVED,DUNWOODY Seth,rider/seth-dunwoody
2026-03-28T07:04:41.019698Z,Brabantse Pijl,REMOVED,COSNEFROY Benoît,rider/benoit-cosnefroy
2026-03-28T07:04:41.019698Z,Luik-Bastenaken-Luik,REMOVED,COSNEFROY Benoît,rider/benoit-cosnefroy
2026-03-28T07:04:41.019698Z,Amstel Gold Race,REMOVED,COSNEFROY Benoît,rider/benoit-cosnefroy
2026-03-28T07:04:41.019698Z,Waalse Pijl,REMOVED,COSNEFROY Benoît,rider/benoit-cosnefroy
2026-03-28T07:04:41.019698Z,Luik-Bastenaken-Luik,REMOVED,MARTÍNEZ Daniel Felipe,rider/daniel-felipe-martinez
2026-03-28T07:04:41.019698Z,Waalse Pijl,REMOVED,MARTÍNEZ Daniel Felipe,rider/daniel-felipe-martinez
2026-03-28T07:04:41.019698Z,Ronde van Vlaanderen,REMOVED,POLITT Nils,rider/nils-politt
2026-03-28T07:04:41.019698Z,Dwars door Vlaanderen,REMOVED,POLITT Nils,rider/nils-politt
2026-03-28T07:04:41.019698Z,Omloop Nieuwsblad,REMOVED,POLITT Nils,rider/nils-politt
2026-03-28T07:04:41.019698Z,Kuurne-Brussel-Kuurne,REMOVED,POLITT Nils,rider/nils-politt
2026-03-28T07:04:41.019698Z,In Flanders Fields,REMOVED,POLITT Nils,rider/nils-politt
2026-03-28T07:04:41.019698Z,Bredene Koksijde Classic,REMOVED,POLITT Nils,rider/nils-politt
2026-03-28T07:04:41.019698Z,E3 Saxo Classic,REMOVED,POLITT Nils,rider/nils-politt
2026-03-28T07:04:41.019698Z,Dwars door Vlaanderen,REMOVED,CORKERY Dillon,rider/dillon-corkery
2026-03-28T07:04:41.019698Z,Ronde van Vlaanderen,REMOVED,CORKERY Dillon,rider/dillon-corkery
2026-03-28T07:04:41.019698Z,Scheldeprijs,REMOVED,CORKERY Dillon,rider/dillon-corkery
2026-03-28T07:04:41.019698Z,Ronde van Brugge,REMOVED,BITTNER Pavel,rider/pavel-bittner
2026-03-28T07:04:41.019698Z,Kuurne-Brussel-Kuurne,REMOVED,BITTNER Pavel,rider/pavel-bittner
2026-03-28T07:04:41.019698Z,Parijs-Roubaix,REMOVED,BITTNER Pavel,rider/pavel-bittner
2026-03-28T07:04:41.019698Z,In Flanders Fields,REMOVED,BITTNER Pavel,rider/pavel-bittner
2026-03-28T07:04:41.019698Z,Bredene Koksijde Classic,REMOVED,BITTNER Pavel,rider/pavel-bittner
2026-03-28T07:04:41.019698Z,Scheldeprijs,REMOVED,JEANNIÈRE Emilien,rider/emilien-jeanniere
2026-03-28T07:04:41.019698Z,Nokere Koerse,REMOVED,JEANNIÈRE Emilien,rider/emilien-jeanniere
2026-03-28T07:04:41.019698Z,Ronde van Brugge,REMOVED,JEANNIÈRE Emilien,rider/emilien-jeanniere
2026-03-28T07:04:41.019698Z,Kuurne-Brussel-Kuurne,REMOVED,JEANNIÈRE Emilien,rider/emilien-jeanniere
2026-03-28T07:04:41.019698Z,In Flanders Fields,REMOVED,JEANNIÈRE Emilien,rider/emilien-jeanniere
2026-03-28T07:04:41.019698Z,Bredene Koksijde Classic,REMOVED,JEANNIÈRE Emilien,rider/emilien-jeanniere
2026-03-28T07:04:41.019698Z,Dwars door Vlaanderen,REMOVED,MOURIS Wessel,rider/wessel-mouris
2026-03-28T07:04:41.019698Z,Scheldeprijs,REMOVED,MOURIS Wessel,rider/wessel-mouris
2026-03-28T07:04:41.019698Z,Ronde van Limburg,REMOVED,MOURIS Wessel,rider/wessel-mouris
2026-03-28T07:04:41.019698Z,Ronde van Brugge,REMOVED,MOURIS Wessel,rider/wessel-mouris
2026-03-28T07:04:41.019698Z,In Flanders Fields,REMOVED,MOURIS Wessel,rider/wessel-mouris
2026-03-28T07:04:41.019698Z,Bredene Koksijde Classic,REMOVED,MOURIS Wessel,rider/wessel-mouris
2026-03-28T07:04:41.019698Z,Strade Bianche,REMOVED,FAURE PROST Alexy,rider/alexy-faure-prost
2026-03-28T07:04:41.019698Z,Amstel Gold Race,REMOVED,FAURE PROST Alexy,rider/alexy-faure-prost
2026-03-28T07:04:41.019698Z,Milaan-Sanremo,REMOVED,FAURE PROST Alexy,rider/alexy-faure-prost
2026-03-28T07:04:41.019698Z,Samyn Classic,REMOVED,BLUM Elia,rider/elia-blum
2026-03-28T07:04:41.019698Z,Brabantse Pijl,REMOVED,COSTIOU Ewen,rider/ewen-costiou
2026-03-28T07:04:41.019698Z,Luik-Bastenaken-Luik,REMOVED,COSTIOU Ewen,rider/ewen-costiou
2026-03-28T07:04:41.019698Z,Amstel Gold Race,REMOVED,COSTIOU Ewen,rider/ewen-costiou
2026-03-28T07:04:41.019698Z,Waalse Pijl,REMOVED,COSTIOU Ewen,rider/ewen-costiou
2026-03-28T07:04:41.019698Z,Samyn Classic,REMOVED,JEAN Victor,rider/victor-jean
2026-03-28T07:04:41.019698Z,Ronde van Vlaanderen,REMOVED,MIQUEL Pau,rider/pau-miquel-delgado
2026-03-28T07:04:41.019698Z,Nokere Koerse,REMOVED,MIQUEL Pau,rider/pau-miquel-delgado
2026-03-28T07:04:41.019698Z,Omloop Nieuwsblad,REMOVED,MIQUEL Pau,rider/pau-miquel-delgado
2026-03-28T07:04:41.019698Z,Amstel Gold Race,REMOVED,MIQUEL Pau,rider/pau-miquel-delgado
2026-03-28T07:04:41.019698Z,Strade Bianche,REMOVED,MIQUEL Pau,rider/pau-miquel-delgado
2026-03-28T07:04:41.019698Z,Dwars door Vlaanderen,REMOVED,MIQUEL Pau,rider/pau-miquel-delgado
2026-03-28T07:04:41.019698Z,Brabantse Pijl,REMOVED,MIQUEL Pau,rider/pau-miquel-delgado
2026-03-28T07:04:41.019698Z,Kuurne-Brussel-Kuurne,REMOVED,MIQUEL Pau,rider/pau-miquel-delgado
2026-03-28T07:04:41.019698Z,In Flanders Fields,REMOVED,MIQUEL Pau,rider/pau-miquel-delgado
2026-03-28T07:04:41.019698Z,Milaan-Sanremo,REMOVED,MIQUEL Pau,rider/pau-miquel-delgado
2026-03-28T07:04:41.019698Z,Samyn Classic,REMOVED,UPTEGROVE Ed,rider/ed-uptegrove
2026-03-28T07:04:41.019698Z,Ronde van Limburg,REMOVED,AMBROSINI Matteo,rider/matteo-ambrosini
2026-03-28T07:04:41.019698Z,Brabantse Pijl,REMOVED,BAUDIN Alex,rider/alex-baudin
2026-03-28T07:04:41.019698Z,Luik-Bastenaken-Luik,REMOVED,BAUDIN Alex,rider/alex-baudin
2026-03-28T07:04:41.019698Z,Amstel Gold Race,REMOVED,BAUDIN Alex,rider/alex-baudin
2026-03-28T07:04:41.019698Z,Waalse Pijl,REMOVED,BAUDIN Alex,rider/alex-baudin
2026-03-28T07:04:41.019698Z,Amstel Gold Race,REMOVED,VAN BEKKUM Darren,rider/darren-van-bekkum
2026-03-28T07:04:41.019698Z,Strade Bianche,REMOVED,WIRTGEN Luc,rider/luc-wirtgen
2026-03-28T07:04:41.019698Z,Waalse Pijl,REMOVED,HERMANS Quinten,rider/quinten-hermans
2026-03-28T07:04:41.019698Z,Luik-Bastenaken-Luik,REMOVED,HERMANS Quinten,rider/quinten-hermans
2026-03-28T07:04:41.019698Z,Amstel Gold Race,REMOVED,HERMANS Quinten,rider/quinten-hermans
2026-03-28T07:04:41.019698Z,Brabantse Pijl,REMOVED,HERMANS Quinten,rider/quinten-hermans
2026-03-28T07:04:41.019698Z,Strade Bianche,REMOVED,HERMANS Quinten,rider/quinten-hermans
2026-03-28T07:04:41.019698Z,Ronde van Vlaanderen,REMOVED,FAGÚNDEZ Eric Antonio,rider/eric-antonio-fagundez
2026-03-28T07:04:41.019698Z,Dwars door Vlaanderen,REMOVED,FAGÚNDEZ Eric Antonio,rider/eric-antonio-fagundez
2026-03-28T07:04:41.019698Z,Scheldeprijs,REMOVED,FAGÚNDEZ Eric Antonio,rider/eric-antonio-fagundez
2026-03-28T07:04:41.019698Z,In Flanders Fields,REMOVED,FAGÚNDEZ Eric Antonio,rider/eric-antonio-fagundez
2026-03-28T07:04:41.019698Z,E3 Saxo Classic,REMOVED,FAGÚNDEZ Eric Antonio,rider/eric-antonio-fagundez
2026-03-28T07:04:41.019698Z,Scheldeprijs,REMOVED,WALSCHEID Max,rider/max-walscheid
2026-03-28T07:04:41.019698Z,Nokere Koerse,REMOVED,WALSCHEID Max,rider/max-walscheid
2026-03-28T07:04:41.019698Z,Ronde van Limburg,REMOVED,WALSCHEID Max,rider/max-walscheid
2026-03-28T07:04:41.019698Z,Ronde van Brugge,REMOVED,WALSCHEID Max,rider/max-walscheid
2026-03-28T07:04:41.019698Z,Kuurne-Brussel-Kuurne,REMOVED,WALSCHEID Max,rider/max-walscheid
2026-03-28T07:04:41.019698Z,Bredene Koksijde Classic,REMOVED,WALSCHEID Max,rider/max-walscheid
2026-03-28T07:04:41.019698Z,E3 Saxo Classic,REMOVED,WALSCHEID Max,rider/max-walscheid
2026-03-28T07:04:41.019698Z,Samyn Classic,REMOVED,DESMARETS Julien,rider/julien-desmarets
2026-03-28T07:04:41.019698Z,Ronde van Vlaanderen,REMOVED,MAGNIER Paul,rider/paul-magnier
2026-03-28T07:04:41.019698Z,Dwars door Vlaanderen,REMOVED,MAGNIER Paul,rider/paul-magnier
2026-03-28T07:04:41.019698Z,Omloop Nieuwsblad,REMOVED,MAGNIER Paul,rider/paul-magnier
2026-03-28T07:04:41.019698Z,Kuurne-Brussel-Kuurne,REMOVED,MAGNIER Paul,rider/paul-magnier
2026-03-28T07:04:41.019698Z,In Flanders Fields,REMOVED,MAGNIER Paul,rider/paul-magnier
2026-03-28T07:04:41.019698Z,Milaan-Sanremo,REMOVED,MAGNIER Paul,rider/paul-magnier
2026-03-28T07:04:41.019698Z,Omloop Nieuwsblad,REMOVED,MAYER Alexandre,rider/alexandre-mayer
2026-03-28T07:04:41.019698Z,Ronde van Limburg,REMOVED,MAYER Alexandre,rider/alexandre-mayer
2026-03-28T07:04:41.019698Z,Ronde van Brugge,REMOVED,MAYER Alexandre,rider/alexandre-mayer
2026-03-28T07:04:41.019698Z,Brabantse Pijl,REMOVED,MAYER Alexandre,rider/alexandre-mayer
2026-03-28T07:04:41.019698Z,Kuurne-Brussel-Kuurne,REMOVED,MAYER Alexandre,rider/alexandre-mayer
2026-03-28T07:04:41.019698Z,E3 Saxo Classic,REMOVED,MAYER Alexandre,rider/alexandre-mayer
2026-03-28T07:04:41.019698Z,Dwars door Vlaanderen,REMOVED,ZIJLAARD Maikel,rider/maikel-zijlaard
2026-03-28T07:04:41.019698Z,Scheldeprijs,REMOVED,ZIJLAARD Maikel,rider/maikel-zijlaard
2026-03-28T07:04:41.019698Z,Samyn Classic,REMOVED,VAN DEN BROEK Axel,rider/axel-van-den-broek1
2026-03-28T07:04:41.019698Z,Strade Bianche,REMOVED,SEVILLA Diego Pablo,rider/diego-pablo-sevilla
2026-03-28T07:04:41.019698Z,Ronde van Vlaanderen,REMOVED,VAN DEN BERG Marijn,rider/marijn-van-den-berg
2026-03-28T07:04:41.019698Z,Omloop Nieuwsblad,REMOVED,VAN DEN BERG Marijn,rider/marijn-van-den-berg
2026-03-28T07:04:41.019698Z,Amstel Gold Race,REMOVED,VAN DEN BERG Marijn,rider/marijn-van-den-berg
2026-03-28T07:04:41.019698Z,Ronde van Brugge,REMOVED,VAN DEN BERG Marijn,rider/marijn-van-den-berg
2026-03-28T07:04:41.019698Z,Kuurne-Brussel-Kuurne,REMOVED,VAN DEN BERG Marijn,rider/marijn-van-den-berg
2026-03-28T07:04:41.019698Z,Parijs-Roubaix,REMOVED,VAN DEN BERG Marijn,rider/marijn-van-den-berg
2026-03-28T07:04:41.019698Z,In Flanders Fields,REMOVED,VAN DEN BERG Marijn,rider/marijn-van-den-berg
2026-03-28T07:04:41.019698Z,Dwars door Vlaanderen,REMOVED,HESTERS Jules,rider/jules-hesters
2026-03-28T07:04:41.019698Z,Scheldeprijs,REMOVED,HESTERS Jules,rider/jules-hesters
2026-03-28T07:04:41.019698Z,Ronde van Limburg,REMOVED,HESTERS Jules,rider/jules-hesters
2026-03-28T07:04:41.019698Z,Ronde van Brugge,REMOVED,HESTERS Jules,rider/jules-hesters
2026-03-28T07:04:41.019698Z,Kuurne-Brussel-Kuurne,REMOVED,HESTERS Jules,rider/jules-hesters
2026-03-28T07:04:41.019698Z,In Flanders Fields,REMOVED,HESTERS Jules,rider/jules-hesters
2026-03-28T07:04:41.019698Z,Waalse Pijl,REMOVED,ARANBURU Alex,rider/alex-aranburu
2026-03-28T07:04:41.019698Z,Luik-Bastenaken-Luik,REMOVED,ARANBURU Alex,rider/alex-aranburu
2026-03-28T07:04:41.019698Z,Amstel Gold Race,REMOVED,ARANBURU Alex,rider/alex-aranburu
2026-03-28T07:04:41.019698Z,Milaan-Sanremo,REMOVED,ARANBURU Alex,rider/alex-aranburu
2026-03-28T07:04:41.019698Z,Brabantse Pijl,REMOVED,OLDANI Stefano,rider/stefano-oldani
2026-03-28T07:04:41.019698Z,Amstel Gold Race,REMOVED,OLDANI Stefano,rider/stefano-oldani
2026-03-28T07:04:41.019698Z,Ronde van Limburg,REMOVED,OLDANI Stefano,rider/stefano-oldani
2026-03-28T07:04:41.019698Z,Ronde van Vlaanderen,REMOVED,SWIFT Connor,rider/connor-swift
2026-03-28T07:04:41.019698Z,Amstel Gold Race,REMOVED,SWIFT Connor,rider/connor-swift
2026-03-28T07:04:41.019698Z,Strade Bianche,REMOVED,SWIFT Connor,rider/connor-swift
2026-03-28T07:04:41.019698Z,E3 Saxo Classic,REMOVED,SWIFT Connor,rider/connor-swift
2026-03-28T07:04:41.019698Z,Dwars door Vlaanderen,REMOVED,SWIFT Connor,rider/connor-swift
2026-03-28T07:04:41.019698Z,Ronde van Brugge,REMOVED,SWIFT Connor,rider/connor-swift
2026-03-28T07:04:41.019698Z,In Flanders Fields,REMOVED,SWIFT Connor,rider/connor-swift
2026-03-28T07:04:41.019698Z,Milaan-Sanremo,REMOVED,SWIFT Connor,rider/connor-swift
2026-03-28T07:04:41.019698Z,Ronde van Vlaanderen,REMOVED,VACEK Mathias,rider/mathias-vacek
2026-03-28T07:04:41.019698Z,Milaan-Sanremo,REMOVED,VACEK Mathias,rider/mathias-vacek
2026-03-28T07:04:41.019698Z,Omloop Nieuwsblad,REMOVED,VACEK Mathias,rider/mathias-vacek
2026-03-28T07:04:41.019698Z,Parijs-Roubaix,REMOVED,VACEK Mathias,rider/mathias-vacek
2026-03-28T07:04:41.019698Z,In Flanders Fields,REMOVED,VACEK Mathias,rider/mathias-vacek
2026-03-28T07:04:41.019698Z,E3 Saxo Classic,REMOVED,VACEK Mathias,rider/mathias-vacek
2026-03-28T07:04:41.019698Z,Ronde van Vlaanderen,REMOVED,VAN DEN BROEK Frank,rider/frank-van-den-broek
2026-03-28T07:04:41.019698Z,Dwars door Vlaanderen,REMOVED,VAN DEN BROEK Frank,rider/frank-van-den-broek
2026-03-28T07:04:41.019698Z,Milaan-Sanremo,REMOVED,VAN DEN BROEK Frank,rider/frank-van-den-broek
2026-03-28T07:04:41.019698Z,Omloop Nieuwsblad,REMOVED,VAN DEN BROEK Frank,rider/frank-van-den-broek
2026-03-28T07:04:41.019698Z,Amstel Gold Race,REMOVED,VAN DEN BROEK Frank,rider/frank-van-den-broek
2026-03-28T07:04:41.019698Z,Waalse Pijl,REMOVED,VAN DEN BROEK Frank,rider/frank-van-den-broek
2026-03-28T07:04:41.019698Z,E3 Saxo Classic,REMOVED,VAN DEN BROEK Frank,rider/frank-van-den-broek
2026-03-28T07:04:41.019698Z,Brabantse Pijl,REMOVED,CHARMIG Anthon,rider/anthon-charmig
2026-03-28T07:04:41.019698Z,Amstel Gold Race,REMOVED,CHARMIG Anthon,rider/anthon-charmig
2026-03-28T07:04:41.019698Z,Scheldeprijs,REMOVED,RAJOVIĆ Dušan,rider/dusan-rajovic
2026-03-28T07:04:41.019698Z,Ronde van Brugge,REMOVED,LAENGEN Vegard Stake,rider/vegard-stake-laengen
2026-03-28T07:04:41.019698Z,Nokere Koerse,REMOVED,LAENGEN Vegard Stake,rider/vegard-stake-laengen
2026-03-28T07:04:41.019698Z,In Flanders Fields,REMOVED,LAENGEN Vegard Stake,rider/vegard-stake-laengen
2026-03-28T07:04:41.019698Z,Bredene Koksijde Classic,REMOVED,LAENGEN Vegard Stake,rider/vegard-stake-laengen
2026-03-28T07:04:41.019698Z,Strade Bianche,REMOVED,BRAZ AFONSO Clément,rider/clement-braz-afonso
2026-03-28T07:04:41.019698Z,Milaan-Sanremo,REMOVED,BRAZ AFONSO Clément,rider/clement-braz-afonso
2026-03-28T07:04:41.019698Z,Kuurne-Brussel-Kuurne,REMOVED,VAN LERBERGHE Bert,rider/bert-van-lerberghe
2026-03-28T07:04:41.019698Z,Scheldeprijs,REMOVED,VAN LERBERGHE Bert,rider/bert-van-lerberghe
2026-03-28T07:04:41.019698Z,Ronde van Brugge,REMOVED,VAN LERBERGHE Bert,rider/bert-van-lerberghe
2026-03-28T07:04:41.019698Z,Samyn Classic,REMOVED,VAN LERBERGHE Bert,rider/bert-van-lerberghe
2026-03-28T07:04:41.019698Z,In Flanders Fields,REMOVED,VAN LERBERGHE Bert,rider/bert-van-lerberghe
2026-03-28T07:04:41.019698Z,Waalse Pijl,REMOVED,JORGENSON Matteo,rider/matteo-jorgenson
2026-03-28T07:04:41.019698Z,Luik-Bastenaken-Luik,REMOVED,JORGENSON Matteo,rider/matteo-jorgenson
2026-03-28T07:04:41.019698Z,Amstel Gold Race,REMOVED,JORGENSON Matteo,rider/matteo-jorgenson
2026-03-28T07:04:41.019698Z,Strade Bianche,REMOVED,JORGENSON Matteo,rider/matteo-jorgenson
2026-03-28T07:04:41.019698Z,Milaan-Sanremo,REMOVED,JORGENSON Matteo,rider/matteo-jorgenson
2026-03-28T07:04:41.019698Z,Bredene Koksijde Classic,REMOVED,GADEMAN Sam,rider/sam-gademan
2026-03-28T07:04:41.019698Z,Ronde van Limburg,REMOVED,GADEMAN Sam,rider/sam-gademan
2026-03-28T07:04:41.019698Z,Brabantse Pijl,REMOVED,PACHER Quentin,rider/quentin-pacher
2026-03-28T07:04:41.019698Z,Amstel Gold Race,REMOVED,PACHER Quentin,rider/quentin-pacher
2026-03-28T07:04:41.019698Z,Milaan-Sanremo,REMOVED,PACHER Quentin,rider/quentin-pacher
2026-03-28T07:04:41.019698Z,Ronde van Vlaanderen,REMOVED,CHRISTEN Fabio,rider/fabio-christen
2026-03-28T07:04:41.019698Z,Brabantse Pijl,REMOVED,CHRISTEN Fabio,rider/fabio-christen
2026-03-28T07:04:41.019698Z,Amstel Gold Race,REMOVED,CHRISTEN Fabio,rider/fabio-christen
2026-03-28T07:04:41.019698Z,Amstel Gold Race,REMOVED,OURSELIN Paul,rider/paul-ourselin
2026-03-28T07:04:41.019698Z,Milaan-Sanremo,REMOVED,OURSELIN Paul,rider/paul-ourselin
2026-03-28T07:04:41.019698Z,Samyn Classic,REMOVED,SCHELDEMAN Xander,rider/xander-scheldeman
2026-03-28T07:04:41.019698Z,Scheldeprijs,REMOVED,EISING Tijmen,rider/tijmen-eising
2026-03-28T07:04:41.019698Z,Bredene Koksijde Classic,REMOVED,EISING Tijmen,rider/tijmen-eising
2026-03-28T07:04:41.019698Z,Ronde van Limburg,REMOVED,EISING Tijmen,rider/tijmen-eising
2026-03-28T07:04:41.019698Z,Ronde van Vlaanderen,REMOVED,FEDOROV Yevgeniy,rider/yevgeniy-fedorov
2026-03-28T07:04:41.019698Z,Milaan-Sanremo,REMOVED,FEDOROV Yevgeniy,rider/yevgeniy-fedorov
2026-03-28T07:04:41.019698Z,Ronde van Brugge,REMOVED,FEDOROV Yevgeniy,rider/yevgeniy-fedorov
2026-03-28T07:04:41.019698Z,In Flanders Fields,REMOVED,FEDOROV Yevgeniy,rider/yevgeniy-fedorov
2026-03-28T07:04:41.019698Z,E3 Saxo Classic,REMOVED,FEDOROV Yevgeniy,rider/yevgeniy-fedorov
2026-03-28T07:04:41.019698Z,Strade Bianche,REMOVED,MUÑOZ Francisco,rider/francisco-munoz-llana
2026-03-28T07:04:41.019698Z,Milaan-Sanremo,REMOVED,MUÑOZ Francisco,rider/francisco-munoz-llana
2026-03-28T07:04:41.019698Z,Strade Bianche,REMOVED,VOISARD Yannis,rider/yannis-voisard
2026-03-28T07:04:41.019698Z,Bredene Koksijde Classic,REMOVED,UHLIG Henri,rider/henri-uhlig
2026-03-28T07:04:41.019698Z,Strade Bianche,REMOVED,SOBRERO Matteo,rider/matteo-sobrero
2026-03-28T07:04:41.019698Z,Milaan-Sanremo,REMOVED,SOBRERO Matteo,rider/matteo-sobrero
2026-03-28T07:04:41.019698Z,Dwars door Vlaanderen,REMOVED,HUYSMANS Nolan,rider/nolan-huysmans
2026-03-28T07:04:41.019698Z,Kuurne-Brussel-Kuurne,REMOVED,HUYSMANS Nolan,rider/nolan-huysmans
2026-03-28T07:04:41.019698Z,Ronde van Limburg,REMOVED,HUYSMANS Nolan,rider/nolan-huysmans
2026-03-28T07:04:41.019698Z,Ronde van Brugge,REMOVED,HUYSMANS Nolan,rider/nolan-huysmans
2026-03-28T07:04:41.019698Z,Samyn Classic,REMOVED,HUYSMANS Nolan,rider/nolan-huysmans
2026-03-28T07:04:41.019698Z,Ronde van Vlaanderen,REMOVED,KUDUS Merhawi,rider/merhawi-kudus
2026-03-28T07:04:41.019698Z,Amstel Gold Race,REMOVED,KAMP Alexander,rider/alexander-kamp
2026-03-28T07:04:41.019698Z,Ronde van Brugge,REMOVED,CONSONNI Simone,rider/simone-consonni
2026-03-28T07:04:41.019698Z,Scheldeprijs,REMOVED,CONSONNI Simone,rider/simone-consonni
2026-03-28T07:04:41.019698Z,Ronde van Vlaanderen,REMOVED,SIMMONS Colby,rider/colby-simmons
2026-03-28T07:04:41.019698Z,Dwars door Vlaanderen,REMOVED,SIMMONS Colby,rider/colby-simmons
2026-03-28T07:04:41.019698Z,Omloop Nieuwsblad,REMOVED,SIMMONS Colby,rider/colby-simmons
2026-03-28T07:04:41.019698Z,Ronde van Brugge,REMOVED,SIMMONS Colby,rider/colby-simmons
2026-03-28T07:04:41.019698Z,Kuurne-Brussel-Kuurne,REMOVED,SIMMONS Colby,rider/colby-simmons
2026-03-28T07:04:41.019698Z,In Flanders Fields,REMOVED,SIMMONS Colby,rider/colby-simmons
2026-03-28T07:04:41.019698Z,E3 Saxo Classic,REMOVED,SIMMONS Colby,rider/colby-simmons
2026-03-28T07:04:41.019698Z,Samyn Classic,REMOVED,ZABELINSKIY Bogdan,rider/bogdan-zabelinskiy
2026-03-28T07:04:41.019698Z,Waalse Pijl,REMOVED,DEL TORO Isaac,rider/isaac-del-toro
2026-03-28T07:04:41.019698Z,Luik-Bastenaken-Luik,REMOVED,DEL TORO Isaac,rider/isaac-del-toro
2026-03-28T07:04:41.019698Z,Amstel Gold Race,REMOVED,DEL TORO Isaac,rider/isaac-del-toro
2026-03-28T07:04:41.019698Z,Strade Bianche,REMOVED,DEL TORO Isaac,rider/isaac-del-toro
2026-03-28T07:04:41.019698Z,Milaan-Sanremo,REMOVED,DEL TORO Isaac,rider/isaac-del-toro
2026-03-28T07:04:41.019698Z,Ronde van Brugge,REMOVED,FREDHEIM Stian,rider/stian-fredheim
2026-03-28T07:04:41.019698Z,Dwars door Vlaanderen,REMOVED,FREDHEIM Stian,rider/stian-fredheim
2026-03-28T07:04:41.019698Z,In Flanders Fields,REMOVED,FREDHEIM Stian,rider/stian-fredheim
2026-03-28T07:04:41.019698Z,Brabantse Pijl,REMOVED,APPEL Stijn,rider/stijn-appel
2026-03-28T07:04:41.019698Z,Samyn Classic,REMOVED,APPEL Stijn,rider/stijn-appel
2026-03-28T07:04:41.019698Z,Scheldeprijs,REMOVED,APPEL Stijn,rider/stijn-appel
2026-03-28T07:04:41.019698Z,Ronde van Limburg,REMOVED,APPEL Stijn,rider/stijn-appel
2026-03-28T07:04:41.019698Z,Kuurne-Brussel-Kuurne,REMOVED,CAUDELL Ezra,rider/ezra-caudell
2026-03-28T07:04:41.019698Z,Scheldeprijs,REMOVED,CAUDELL Ezra,rider/ezra-caudell
2026-03-28T07:04:41.019698Z,Ronde van Limburg,REMOVED,CAUDELL Ezra,rider/ezra-caudell
2026-03-28T07:04:41.019698Z,Samyn Classic,REMOVED,CAUDELL Ezra,rider/ezra-caudell
2026-03-28T07:04:41.019698Z,Bredene Koksijde Classic,REMOVED,CAUDELL Ezra,rider/ezra-caudell
2026-03-28T07:04:41.019698Z,Waalse Pijl,REMOVED,ADRIÀ Roger,rider/roger-adria
2026-03-28T07:04:41.019698Z,Omloop Nieuwsblad,REMOVED,ADRIÀ Roger,rider/roger-adria
2026-03-28T07:04:41.019698Z,Amstel Gold Race,REMOVED,ADRIÀ Roger,rider/roger-adria
2026-03-28T07:04:41.019698Z,Strade Bianche,REMOVED,ADRIÀ Roger,rider/roger-adria
2026-03-28T07:04:41.019698Z,E3 Saxo Classic,REMOVED,ADRIÀ Roger,rider/roger-adria
2026-03-28T07:04:41.019698Z,Luik-Bastenaken-Luik,REMOVED,ADRIÀ Roger,rider/roger-adria
2026-03-28T07:04:41.019698Z,Kuurne-Brussel-Kuurne,REMOVED,ADRIÀ Roger,rider/roger-adria
2026-03-28T07:04:41.019698Z,In Flanders Fields,REMOVED,ADRIÀ Roger,rider/roger-adria
2026-03-28T07:04:41.019698Z,Amstel Gold Race,REMOVED,HUISING Menno,rider/menno-huising
2026-03-28T07:04:41.019698Z,Amstel Gold Race,REMOVED,TESFATSION Natnael,rider/natnael-tesfatsion
2026-03-28T07:04:41.019698Z,Milaan-Sanremo,REMOVED,TESFATSION Natnael,rider/natnael-tesfatsion
2026-03-28T07:04:41.019698Z,Milaan-Sanremo,REMOVED,POLGA Antonio,rider/antonio-polga
2026-03-28T07:04:41.019698Z,Ronde van Brugge,REMOVED,MANZIN Lorrenzo,rider/lorrenzo-manzin
2026-03-28T07:04:41.019698Z,Nokere Koerse,REMOVED,MANZIN Lorrenzo,rider/lorrenzo-manzin
2026-03-28T07:04:41.019698Z,Bredene Koksijde Classic,REMOVED,MANZIN Lorrenzo,rider/lorrenzo-manzin
2026-03-28T07:04:41.019698Z,Bredene Koksijde Classic,REMOVED,PEDERSEN Martin,rider/martin-pedersen1
2026-03-28T07:04:41.019698Z,Dwars door Vlaanderen,REMOVED,GEERAERTS Ferre,rider/ferre-geeraerts
2026-03-28T07:04:41.019698Z,Scheldeprijs,REMOVED,GEERAERTS Ferre,rider/ferre-geeraerts
2026-03-28T07:04:41.019698Z,Ronde van Brugge,REMOVED,GEERAERTS Ferre,rider/ferre-geeraerts
2026-03-28T07:04:41.019698Z,Kuurne-Brussel-Kuurne,REMOVED,GEERAERTS Ferre,rider/ferre-geeraerts
2026-03-28T07:04:41.019698Z,Bredene Koksijde Classic,REMOVED,GEERAERTS Ferre,rider/ferre-geeraerts
2026-03-28T07:04:41.019698Z,Ronde van Vlaanderen,REMOVED,DAUPHIN Florian,rider/florian-dauphin
2026-03-28T07:04:41.019698Z,Dwars door Vlaanderen,REMOVED,DAUPHIN Florian,rider/florian-dauphin
2026-03-28T07:04:41.019698Z,Scheldeprijs,REMOVED,DAUPHIN Florian,rider/florian-dauphin
2026-03-28T07:04:41.019698Z,Kuurne-Brussel-Kuurne,REMOVED,DAUPHIN Florian,rider/florian-dauphin
2026-03-28T07:04:41.019698Z,Ronde van Brugge,REMOVED,DAUPHIN Florian,rider/florian-dauphin
2026-03-28T07:04:41.019698Z,Samyn Classic,REMOVED,DAUPHIN Florian,rider/florian-dauphin
2026-03-28T07:04:41.019698Z,In Flanders Fields,REMOVED,DAUPHIN Florian,rider/florian-dauphin
2026-03-28T07:04:41.019698Z,Luik-Bastenaken-Luik,REMOVED,LANGELLOTTI Victor,rider/victor-langellotti
2026-03-28T07:04:41.019698Z,Waalse Pijl,REMOVED,LANGELLOTTI Victor,rider/victor-langellotti
2026-03-28T07:04:41.019698Z,Strade Bianche,REMOVED,GRAAT Tijmen,rider/tijmen-graat
2026-03-28T07:04:41.019698Z,Ronde van Vlaanderen,REMOVED,ARTZ Huub,rider/huub-artz
2026-03-28T07:04:41.019698Z,Dwars door Vlaanderen,REMOVED,ARTZ Huub,rider/huub-artz
2026-03-28T07:04:41.019698Z,Parijs-Roubaix,REMOVED,ARTZ Huub,rider/huub-artz
2026-03-28T07:04:41.019698Z,In Flanders Fields,REMOVED,ARTZ Huub,rider/huub-artz
2026-03-28T07:04:41.019698Z,Milaan-Sanremo,REMOVED,ARTZ Huub,rider/huub-artz
2026-03-28T07:04:41.019698Z,Ronde van Vlaanderen,REMOVED,KIELICH Timo,rider/timo-kielich
2026-03-28T07:04:41.019698Z,Omloop Nieuwsblad,REMOVED,KIELICH Timo,rider/timo-kielich
2026-03-28T07:04:41.019698Z,Parijs-Roubaix,REMOVED,KIELICH Timo,rider/timo-kielich
2026-03-28T07:04:41.019698Z,Strade Bianche,REMOVED,KIELICH Timo,rider/timo-kielich
2026-03-28T07:04:41.019698Z,E3 Saxo Classic,REMOVED,KIELICH Timo,rider/timo-kielich
2026-03-28T07:04:41.019698Z,Dwars door Vlaanderen,REMOVED,KIELICH Timo,rider/timo-kielich
2026-03-28T07:04:41.019698Z,Kuurne-Brussel-Kuurne,REMOVED,KIELICH Timo,rider/timo-kielich
2026-03-28T07:04:41.019698Z,In Flanders Fields,REMOVED,KIELICH Timo,rider/timo-kielich
2026-03-28T07:04:41.019698Z,Milaan-Sanremo,REMOVED,KIELICH Timo,rider/timo-kielich
2026-03-28T07:04:41.019698Z,Strade Bianche,REMOVED,HAIG Jack,rider/jack-haig
2026-03-28T07:04:41.019698Z,Milaan-Sanremo,REMOVED,HAIG Jack,rider/jack-haig
2026-03-28T07:04:41.019698Z,Strade Bianche,REMOVED,PINARELLO Alessandro,rider/alessandro-pinarello
2026-03-28T07:04:41.019698Z,Brabantse Pijl,REMOVED,MAAS Marijn,rider/marijn-maas
2026-03-28T07:04:41.019698Z,Samyn Classic,REMOVED,MAAS Marijn,rider/marijn-maas
2026-03-28T07:04:41.019698Z,Scheldeprijs,REMOVED,MAAS Marijn,rider/marijn-maas
2026-03-28T07:04:41.019698Z,Ronde van Limburg,REMOVED,MAAS Marijn,rider/marijn-maas
2026-03-28T07:04:41.019698Z,Strade Bianche,REMOVED,KONRAD Patrick,rider/patrick-konrad
2026-03-28T07:04:41.019698Z,Brabantse Pijl,REMOVED,DE PRETTO Davide,rider/davide-de-pretto
2026-03-28T07:04:41.019698Z,Strade Bianche,REMOVED,DE PRETTO Davide,rider/davide-de-pretto
2026-03-28T07:04:41.019698Z,Amstel Gold Race,REMOVED,DE PRETTO Davide,rider/davide-de-pretto
2026-03-28T07:04:41.019698Z,Nokere Koerse,REMOVED,VEISTROFFER Baptiste,rider/baptiste-veistroffer
2026-03-28T07:04:41.019698Z,Strade Bianche,REMOVED,BAGIOLI Andrea,rider/andrea-bagioli
2026-03-28T07:04:41.019698Z,Milaan-Sanremo,REMOVED,BAGIOLI Andrea,rider/andrea-bagioli
2026-03-28T07:04:41.019698Z,Waalse Pijl,REMOVED,VENTURINI Clément,rider/clement-venturini
2026-03-28T07:04:41.019698Z,Amstel Gold Race,REMOVED,VENTURINI Clément,rider/clement-venturini
2026-03-28T07:04:41.019698Z,Brabantse Pijl,REMOVED,VENTURINI Clément,rider/clement-venturini
2026-03-28T07:04:41.019698Z,Strade Bianche,REMOVED,VENTURINI Clément,rider/clement-venturini
2026-03-28T07:04:41.019698Z,Milaan-Sanremo,REMOVED,VENTURINI Clément,rider/clement-venturini
2026-03-28T07:04:41.019698Z,Scheldeprijs,REMOVED,GAZZOLI Michele,rider/michele-gazzoli
2026-03-28T07:04:41.019698Z,Strade Bianche,REMOVED,PIETROBON Andrea,rider/andrea-pietrobon
2026-03-28T07:04:41.019698Z,Milaan-Sanremo,REMOVED,PIETROBON Andrea,rider/andrea-pietrobon
2026-03-28T07:04:41.019698Z,Dwars door Vlaanderen,REMOVED,ZINGLE Axel,rider/axel-zingle
2026-03-28T07:04:41.019698Z,Amstel Gold Race,REMOVED,ZINGLE Axel,rider/axel-zingle
2026-03-28T07:04:41.019698Z,Omloop Nieuwsblad,REMOVED,ZINGLE Axel,rider/axel-zingle
2026-03-28T07:04:41.019698Z,Kuurne-Brussel-Kuurne,REMOVED,ZINGLE Axel,rider/axel-zingle
2026-03-28T07:04:41.019698Z,E3 Saxo Classic,REMOVED,ZINGLE Axel,rider/axel-zingle
2026-03-28T07:04:41.019698Z,Kuurne-Brussel-Kuurne,REMOVED,FONTAINE Titouan,rider/titouan-fontaine
2026-03-28T07:04:41.019698Z,Nokere Koerse,REMOVED,FONTAINE Titouan,rider/titouan-fontaine
2026-03-28T07:04:41.019698Z,Ronde van Brugge,REMOVED,FONTAINE Titouan,rider/titouan-fontaine
2026-03-28T07:04:41.019698Z,Samyn Classic,REMOVED,FONTAINE Titouan,rider/titouan-fontaine
2026-03-28T07:04:41.019698Z,Bredene Koksijde Classic,REMOVED,FONTAINE Titouan,rider/titouan-fontaine
2026-03-28T07:04:41.019698Z,Brabantse Pijl,REMOVED,IZQUIERDO Clément,rider/clement-izquierdo
2026-03-28T07:04:41.019698Z,Ronde van Limburg,REMOVED,IZQUIERDO Clément,rider/clement-izquierdo
2026-03-28T07:04:41.019698Z,Milaan-Sanremo,REMOVED,IZQUIERDO Clément,rider/clement-izquierdo
2026-03-28T07:04:41.019698Z,Ronde van Limburg,REMOVED,CHESINI Cesare,rider/cesare-chesini
2026-03-28T07:04:41.019698Z,Scheldeprijs,REMOVED,TAMINIAUX Lionel,rider/lionel-taminiaux
2026-03-28T07:04:41.019698Z,Nokere Koerse,REMOVED,TAMINIAUX Lionel,rider/lionel-taminiaux
2026-03-28T07:04:41.019698Z,Ronde van Limburg,REMOVED,TAMINIAUX Lionel,rider/lionel-taminiaux
2026-03-28T07:04:41.019698Z,Ronde van Brugge,REMOVED,TAMINIAUX Lionel,rider/lionel-taminiaux
2026-03-28T07:04:41.019698Z,Bredene Koksijde Classic,REMOVED,TAMINIAUX Lionel,rider/lionel-taminiaux
2026-03-28T07:04:41.019698Z,Amstel Gold Race,REMOVED,EVENEPOEL Remco,rider/remco-evenepoel
2026-03-28T07:04:41.019698Z,Luik-Bastenaken-Luik,REMOVED,EVENEPOEL Remco,rider/remco-evenepoel
2026-03-28T07:04:41.019698Z,Waalse Pijl,REMOVED,EVENEPOEL Remco,rider/remco-evenepoel
2026-03-28T07:04:41.019698Z,E3 Saxo Classic,REMOVED,WALKER Max,rider/max-walker
2026-03-28T07:04:41.019698Z,Dwars door Vlaanderen,REMOVED,KELEMEN Petr,rider/petr-kelemen
2026-03-28T07:04:41.019698Z,Scheldeprijs,REMOVED,KELEMEN Petr,rider/petr-kelemen
2026-03-28T07:04:41.019698Z,Omloop Nieuwsblad,REMOVED,KELEMEN Petr,rider/petr-kelemen
2026-03-28T07:04:41.019698Z,Ronde van Brugge,REMOVED,KELEMEN Petr,rider/petr-kelemen
2026-03-28T07:04:41.019698Z,Kuurne-Brussel-Kuurne,REMOVED,KELEMEN Petr,rider/petr-kelemen
2026-03-28T07:04:41.019698Z,In Flanders Fields,REMOVED,KELEMEN Petr,rider/petr-kelemen
2026-03-28T07:04:41.019698Z,Samyn Classic,REMOVED,BAGUELIN Jocelyn,rider/jocelyn-baguelin
2026-03-28T07:04:41.019698Z,Brabantse Pijl,REMOVED,BATTISTELLA Samuele,rider/samuele-battistella
2026-03-28T07:04:41.019698Z,Luik-Bastenaken-Luik,REMOVED,BATTISTELLA Samuele,rider/samuele-battistella
2026-03-28T07:04:41.019698Z,Amstel Gold Race,REMOVED,BATTISTELLA Samuele,rider/samuele-battistella
2026-03-28T07:04:41.019698Z,Waalse Pijl,REMOVED,BATTISTELLA Samuele,rider/samuele-battistella
2026-03-28T07:04:41.019698Z,Samyn Classic,REMOVED,GRUPP Louis,rider/louis-grupp
2026-03-28T07:04:41.019698Z,Ronde van Brugge,REMOVED,CAPIOT Amaury,rider/amaury-capiot
2026-03-28T07:04:41.019698Z,Kuurne-Brussel-Kuurne,REMOVED,CAPIOT Amaury,rider/amaury-capiot
2026-03-28T07:04:41.019698Z,Nokere Koerse,REMOVED,CAPIOT Amaury,rider/amaury-capiot
2026-03-28T07:04:41.019698Z,Omloop Nieuwsblad,REMOVED,CAPIOT Amaury,rider/amaury-capiot
2026-03-28T07:04:41.019698Z,Strade Bianche,REMOVED,GAFFURI Mattia,rider/mattia-gaffuri
2026-03-28T07:04:41.019698Z,Omloop Nieuwsblad,REMOVED,SWIFT Ben,rider/ben-swift
2026-03-28T07:04:41.019698Z,Nokere Koerse,REMOVED,ETXEBERRIA Haimar,rider/haimar-etxeberria
2026-03-28T07:04:41.019698Z,Ronde van Vlaanderen,REMOVED,PEDERSEN Mads,rider/mads-pedersen
2026-03-28T07:04:41.019698Z,Dwars door Vlaanderen,REMOVED,PEDERSEN Mads,rider/mads-pedersen
2026-03-28T07:04:41.019698Z,Milaan-Sanremo,REMOVED,PEDERSEN Mads,rider/mads-pedersen
2026-03-28T07:04:41.019698Z,Parijs-Roubaix,REMOVED,PEDERSEN Mads,rider/mads-pedersen
2026-03-28T07:04:41.019698Z,In Flanders Fields,REMOVED,PEDERSEN Mads,rider/mads-pedersen
2026-03-28T07:04:41.019698Z,E3 Saxo Classic,REMOVED,PEDERSEN Mads,rider/mads-pedersen
2026-03-28T07:04:41.019698Z,Luik-Bastenaken-Luik,REMOVED,CORT Magnus,rider/magnus-cort-nielsen
2026-03-28T07:04:41.019698Z,Milaan-Sanremo,REMOVED,CORT Magnus,rider/magnus-cort-nielsen
2026-03-28T07:04:41.019698Z,Brabantse Pijl,REMOVED,BLACKMORE Joseph,rider/joseph-blackmore
2026-03-28T07:04:41.019698Z,Luik-Bastenaken-Luik,REMOVED,BLACKMORE Joseph,rider/joseph-blackmore
2026-03-28T07:04:41.019698Z,Amstel Gold Race,REMOVED,BLACKMORE Joseph,rider/joseph-blackmore
2026-03-28T07:04:41.019698Z,Waalse Pijl,REMOVED,BLACKMORE Joseph,rider/joseph-blackmore
2026-03-28T07:04:41.019698Z,Samyn Classic,REMOVED,GULLHAV Kristoffer,rider/kristoffer-gullhav
2026-03-28T07:04:41.019698Z,Omloop Nieuwsblad,REMOVED,O'BRIEN Kelland,rider/kelland-brien
2026-03-28T07:04:41.019698Z,E3 Saxo Classic,REMOVED,O'BRIEN Kelland,rider/kelland-brien
2026-03-28T07:04:41.019698Z,Dwars door Vlaanderen,REMOVED,O'BRIEN Kelland,rider/kelland-brien
2026-03-28T07:04:41.019698Z,Scheldeprijs,REMOVED,O'BRIEN Kelland,rider/kelland-brien
2026-03-28T07:04:41.019698Z,Ronde van Brugge,REMOVED,O'BRIEN Kelland,rider/kelland-brien
2026-03-28T07:04:41.019698Z,Kuurne-Brussel-Kuurne,REMOVED,O'BRIEN Kelland,rider/kelland-brien
2026-03-28T07:04:41.019698Z,In Flanders Fields,REMOVED,O'BRIEN Kelland,rider/kelland-brien
2026-03-28T07:04:41.019698Z,Milaan-Sanremo,REMOVED,O'BRIEN Kelland,rider/kelland-brien
2026-03-28T07:04:41.019698Z,Kuurne-Brussel-Kuurne,REMOVED,ÁLVAREZ Héctor,rider/hector-alvarez-martinez
2026-03-28T07:04:41.019698Z,Scheldeprijs,REMOVED,ÁLVAREZ Héctor,rider/hector-alvarez-martinez
2026-03-28T07:04:41.019698Z,Bredene Koksijde Classic,REMOVED,ÁLVAREZ Héctor,rider/hector-alvarez-martinez
2026-03-28T07:04:41.019698Z,Dwars door Vlaanderen,REMOVED,MARIT Arne,rider/arne-marit
2026-03-28T07:04:41.019698Z,Kuurne-Brussel-Kuurne,REMOVED,MARIT Arne,rider/arne-marit
2026-03-28T07:04:41.019698Z,Scheldeprijs,REMOVED,MARIT Arne,rider/arne-marit
2026-03-28T07:04:41.019698Z,Nokere Koerse,REMOVED,MARIT Arne,rider/arne-marit
2026-03-28T07:04:41.019698Z,Omloop Nieuwsblad,REMOVED,MARIT Arne,rider/arne-marit
2026-03-28T07:04:41.019698Z,Samyn Classic,REMOVED,MARIT Arne,rider/arne-marit
2026-03-28T07:04:41.019698Z,E3 Saxo Classic,REMOVED,MARIT Arne,rider/arne-marit
2026-03-28T07:04:41.019698Z,Kuurne-Brussel-Kuurne,REMOVED,HOBBS Noah,rider/noah-hobbs
2026-03-28T07:04:41.019698Z,Omloop Nieuwsblad,REMOVED,HOBBS Noah,rider/noah-hobbs
2026-03-28T07:04:41.019698Z,Ronde van Brugge,REMOVED,KIRSCH Alex,rider/alex-kirsch
2026-03-28T07:04:41.019698Z,Kuurne-Brussel-Kuurne,REMOVED,KIRSCH Alex,rider/alex-kirsch
2026-03-28T07:04:41.019698Z,Omloop Nieuwsblad,REMOVED,KIRSCH Alex,rider/alex-kirsch
2026-03-28T07:04:41.019698Z,Ronde van Vlaanderen,REMOVED,VAN MOER Brent,rider/brent-van-moer
2026-03-28T07:04:41.019698Z,Omloop Nieuwsblad,REMOVED,VAN MOER Brent,rider/brent-van-moer
2026-03-28T07:04:41.019698Z,Strade Bianche,REMOVED,VAN MOER Brent,rider/brent-van-moer
2026-03-28T07:04:41.019698Z,E3 Saxo Classic,REMOVED,VAN MOER Brent,rider/brent-van-moer
2026-03-28T07:04:41.019698Z,Dwars door Vlaanderen,REMOVED,VAN MOER Brent,rider/brent-van-moer
2026-03-28T07:04:41.019698Z,Scheldeprijs,REMOVED,VAN MOER Brent,rider/brent-van-moer
2026-03-28T07:04:41.019698Z,Kuurne-Brussel-Kuurne,REMOVED,VAN MOER Brent,rider/brent-van-moer
2026-03-28T07:04:41.019698Z,In Flanders Fields,REMOVED,VAN MOER Brent,rider/brent-van-moer
2026-03-28T07:04:41.019698Z,Milaan-Sanremo,REMOVED,VAN MOER Brent,rider/brent-van-moer
2026-03-28T07:04:41.019698Z,Kuurne-Brussel-Kuurne,REMOVED,OLIVER Ben,rider/ben-oliver
2026-03-28T07:04:41.019698Z,Scheldeprijs,REMOVED,OLIVER Ben,rider/ben-oliver
2026-03-28T07:04:41.019698Z,Nokere Koerse,REMOVED,OLIVER Ben,rider/ben-oliver
2026-03-28T07:04:41.019698Z,Ronde van Limburg,REMOVED,OLIVER Ben,rider/ben-oliver
2026-03-28T07:04:41.019698Z,Samyn Classic,REMOVED,OLIVER Ben,rider/ben-oliver
2026-03-28T07:04:41.019698Z,Bredene Koksijde Classic,REMOVED,OLIVER Ben,rider/ben-oliver
2026-03-28T07:04:41.019698Z,Samyn Classic,REMOVED,BÖGLI Noah,rider/noah-bogli
2026-03-28T07:04:41.019698Z,Luik-Bastenaken-Luik,REMOVED,BOUWMAN Koen,rider/koen-bouwman
2026-03-28T07:04:41.019698Z,Nokere Koerse,REMOVED,SORARRAIN Gorka,rider/gorka-sorarrain
2026-03-28T07:04:41.019698Z,Bredene Koksijde Classic,REMOVED,SORARRAIN Gorka,rider/gorka-sorarrain
2026-03-28T07:04:41.019698Z,Ronde van Vlaanderen,REMOVED,PLUIMERS Rick,rider/rick-pluimers
2026-03-28T07:04:41.019698Z,Dwars door Vlaanderen,REMOVED,PLUIMERS Rick,rider/rick-pluimers
2026-03-28T07:04:41.019698Z,Milaan-Sanremo,REMOVED,PLUIMERS Rick,rider/rick-pluimers
2026-03-28T07:04:41.019698Z,Omloop Nieuwsblad,REMOVED,PLUIMERS Rick,rider/rick-pluimers
2026-03-28T07:04:41.019698Z,Amstel Gold Race,REMOVED,PLUIMERS Rick,rider/rick-pluimers
2026-03-28T07:04:41.019698Z,Kuurne-Brussel-Kuurne,REMOVED,PLUIMERS Rick,rider/rick-pluimers
2026-03-28T07:04:41.019698Z,E3 Saxo Classic,REMOVED,PLUIMERS Rick,rider/rick-pluimers
2026-03-28T07:04:41.019698Z,Samyn Classic,REMOVED,OOSTERLINCK Joes,rider/joes-oosterlinck
2026-03-28T07:04:41.019698Z,Samyn Classic,REMOVED,KING Matthew,rider/matthew-king1
2026-03-28T07:04:41.019698Z,Strade Bianche,REMOVED,NEILANDS Krists,rider/krists-neilands
2026-03-28T07:04:41.019698Z,Amstel Gold Race,REMOVED,NEILANDS Krists,rider/krists-neilands
2026-03-28T07:04:41.019698Z,Milaan-Sanremo,REMOVED,NEILANDS Krists,rider/krists-neilands
2026-03-28T07:04:41.019698Z,Nokere Koerse,REMOVED,PHILIPSEN Jasper,rider/jasper-philipsen
2026-03-28T07:04:41.019698Z,Omloop Nieuwsblad,REMOVED,PHILIPSEN Jasper,rider/jasper-philipsen
2026-03-28T07:04:41.019698Z,Parijs-Roubaix,REMOVED,PHILIPSEN Jasper,rider/jasper-philipsen
2026-03-28T07:04:41.019698Z,Dwars door Vlaanderen,REMOVED,PHILIPSEN Jasper,rider/jasper-philipsen
2026-03-28T07:04:41.019698Z,Scheldeprijs,REMOVED,PHILIPSEN Jasper,rider/jasper-philipsen
2026-03-28T07:04:41.019698Z,Ronde van Brugge,REMOVED,PHILIPSEN Jasper,rider/jasper-philipsen
2026-03-28T07:04:41.019698Z,Kuurne-Brussel-Kuurne,REMOVED,PHILIPSEN Jasper,rider/jasper-philipsen
2026-03-28T07:04:41.019698Z,In Flanders Fields,REMOVED,PHILIPSEN Jasper,rider/jasper-philipsen
2026-03-28T07:04:41.019698Z,Milaan-Sanremo,REMOVED,PHILIPSEN Jasper,rider/jasper-philipsen
2026-03-28T07:04:41.019698Z,Strade Bianche,REMOVED,MOSCA Jacopo,rider/jacopo-mosca
2026-03-28T07:04:41.019698Z,Milaan-Sanremo,REMOVED,MACIEJUK Filip,rider/filip-maciejuk
2026-03-28T07:04:41.019698Z,Omloop Nieuwsblad,REMOVED,MACIEJUK Filip,rider/filip-maciejuk
2026-03-28T07:04:41.019698Z,Ronde van Brugge,REMOVED,MACIEJUK Filip,rider/filip-maciejuk
2026-03-28T07:04:41.019698Z,Kuurne-Brussel-Kuurne,REMOVED,MACIEJUK Filip,rider/filip-maciejuk
2026-03-28T07:04:41.019698Z,Strade Bianche,REMOVED,MACIEJUK Filip,rider/filip-maciejuk
2026-03-28T07:04:41.019698Z,E3 Saxo Classic,REMOVED,MACIEJUK Filip,rider/filip-maciejuk
2026-03-28T07:04:41.019698Z,Ronde van Vlaanderen,REMOVED,DE VRIES Hartthijs,rider/hartthijs-de-vries
2026-03-28T07:04:41.019698Z,Nokere Koerse,REMOVED,DE VRIES Hartthijs,rider/hartthijs-de-vries
2026-03-28T07:04:41.019698Z,Ronde van Limburg,REMOVED,DE VRIES Hartthijs,rider/hartthijs-de-vries
2026-03-28T07:04:41.019698Z,Samyn Classic,REMOVED,DE VRIES Hartthijs,rider/hartthijs-de-vries
2026-03-28T07:04:41.019698Z,E3 Saxo Classic,REMOVED,DE VRIES Hartthijs,rider/hartthijs-de-vries
2026-03-28T07:04:41.019698Z,Dwars door Vlaanderen,REMOVED,DE VRIES Hartthijs,rider/hartthijs-de-vries
2026-03-28T07:04:41.019698Z,Kuurne-Brussel-Kuurne,REMOVED,DE VRIES Hartthijs,rider/hartthijs-de-vries
2026-03-28T07:04:41.019698Z,In Flanders Fields,REMOVED,DE VRIES Hartthijs,rider/hartthijs-de-vries
2026-03-28T07:04:41.019698Z,Milaan-Sanremo,REMOVED,DE VRIES Hartthijs,rider/hartthijs-de-vries
2026-03-28T07:04:41.019698Z,Nokere Koerse,REMOVED,LARRONDE Ellande,rider/ellande-larronde
2026-03-28T07:04:41.019698Z,Bredene Koksijde Classic,REMOVED,LARRONDE Ellande,rider/ellande-larronde
2026-03-28T07:04:41.019698Z,Dwars door Vlaanderen,REMOVED,KANTER Max,rider/max-kanter
2026-03-28T07:04:41.019698Z,Nokere Koerse,REMOVED,KANTER Max,rider/max-kanter
2026-03-28T07:04:41.019698Z,Ronde van Brugge,REMOVED,KANTER Max,rider/max-kanter
2026-03-28T07:04:41.019698Z,Kuurne-Brussel-Kuurne,REMOVED,KANTER Max,rider/max-kanter
2026-03-28T07:04:41.019698Z,In Flanders Fields,REMOVED,KANTER Max,rider/max-kanter
2026-03-28T07:04:41.019698Z,Bredene Koksijde Classic,REMOVED,KANTER Max,rider/max-kanter
2026-03-28T07:04:41.019698Z,Samyn Classic,REMOVED,ÅRNES Daniel,rider/daniel-arnes
2026-03-28T07:04:41.019698Z,Milaan-Sanremo,REMOVED,BRAND Sam,rider/sam-brand
2026-03-28T07:04:41.019698Z,Strade Bianche,REMOVED,HATHERLY Alan,rider/alan-hatherly
2026-03-28T07:04:41.019698Z,Samyn Classic,REMOVED,MCDONALD Brody,rider/brody-mcdonald
2026-03-28T07:04:41.019698Z,Nokere Koerse,REMOVED,MCDONALD Brody,rider/brody-mcdonald
2026-03-28T07:04:41.019698Z,Bredene Koksijde Classic,REMOVED,MCDONALD Brody,rider/brody-mcdonald
2026-03-28T07:04:41.019698Z,Ronde van Limburg,REMOVED,MCDONALD Brody,rider/brody-mcdonald
2026-03-28T07:04:41.019698Z,Amstel Gold Race,REMOVED,TULETT Ben,rider/ben-tulett
2026-03-28T07:04:41.019698Z,Luik-Bastenaken-Luik,REMOVED,TULETT Ben,rider/ben-tulett
2026-03-28T07:04:41.019698Z,Waalse Pijl,REMOVED,TULETT Ben,rider/ben-tulett
2026-03-28T07:04:41.019698Z,Samyn Classic,REMOVED,BOLLE Bert,rider/bert-bolle
2026-03-28T07:04:41.019698Z,Bredene Koksijde Classic,REMOVED,BOLLE Bert,rider/bert-bolle
2026-03-28T07:04:41.019698Z,Dwars door Vlaanderen,REMOVED,TONEATTI Davide,rider/davide-toneatti
2026-03-28T07:04:41.019698Z,Amstel Gold Race,REMOVED,TONEATTI Davide,rider/davide-toneatti
2026-03-28T07:04:41.019698Z,Ronde van Brugge,REMOVED,TONEATTI Davide,rider/davide-toneatti
2026-03-28T07:04:41.019698Z,Strade Bianche,REMOVED,TONEATTI Davide,rider/davide-toneatti
2026-03-28T07:04:41.019698Z,E3 Saxo Classic,REMOVED,TONEATTI Davide,rider/davide-toneatti
2026-03-28T07:04:41.019698Z,Samyn Classic,REMOVED,VISSER Guillaume,rider/guillaume-visser
2026-03-28T07:04:41.019698Z,Amstel Gold Race,REMOVED,PALENI Enzo,rider/enzo-paleni
2026-03-28T07:04:41.019698Z,Strade Bianche,REMOVED,GAROFOLI Gianmarco,rider/gianmarco-garofoli
2026-03-28T07:04:41.019698Z,Scheldeprijs,REMOVED,VANHEEL Elias,rider/elias-vanheel
2026-03-28T07:04:41.019698Z,Ronde van Vlaanderen,REMOVED,BURNETT Josh,rider/josh-burnett
2026-03-28T07:04:41.019698Z,Kuurne-Brussel-Kuurne,REMOVED,BURNETT Josh,rider/josh-burnett
2026-03-28T07:04:41.019698Z,Scheldeprijs,REMOVED,BURNETT Josh,rider/josh-burnett
2026-03-28T07:04:41.019698Z,Omloop Nieuwsblad,REMOVED,BURNETT Josh,rider/josh-burnett
2026-03-28T07:04:41.019698Z,Ronde van Vlaanderen,REMOVED,GOVEKAR Matevž,rider/matevz-govekar
2026-03-28T07:04:41.019698Z,Kuurne-Brussel-Kuurne,REMOVED,GOVEKAR Matevž,rider/matevz-govekar
2026-03-28T07:04:41.019698Z,Nokere Koerse,REMOVED,GOVEKAR Matevž,rider/matevz-govekar
2026-03-28T07:04:41.019698Z,Samyn Classic,REMOVED,GOVEKAR Matevž,rider/matevz-govekar
2026-03-28T07:04:41.019698Z,Samyn Classic,REMOVED,MARX Louis,rider/louis-marx
2026-03-28T07:04:41.019698Z,Brabantse Pijl,REMOVED,VANDENABEELE Henri,rider/henri-vandenabeele
2026-03-28T07:04:41.019698Z,Amstel Gold Race,REMOVED,VANDENABEELE Henri,rider/henri-vandenabeele
2026-03-28T07:04:41.019698Z,Samyn Classic,REMOVED,VAN POPPEL Danny,rider/danny-van-poppel
2026-03-28T07:04:41.019698Z,Scheldeprijs,REMOVED,VAN POPPEL Danny,rider/danny-van-poppel
2026-03-28T07:04:41.019698Z,Amstel Gold Race,REMOVED,VAN POPPEL Danny,rider/danny-van-poppel
2026-03-28T07:04:41.019698Z,Milaan-Sanremo,REMOVED,VAN POPPEL Danny,rider/danny-van-poppel
2026-03-28T07:04:41.019698Z,Amstel Gold Race,REMOVED,BILBAO Pello,rider/pello-bilbao
2026-03-28T07:04:41.019698Z,Waalse Pijl,REMOVED,BILBAO Pello,rider/pello-bilbao
2026-03-28T07:04:41.019698Z,Luik-Bastenaken-Luik,REMOVED,BILBAO Pello,rider/pello-bilbao
2026-03-28T07:04:41.019698Z,Strade Bianche,REMOVED,BILBAO Pello,rider/pello-bilbao
2026-03-28T07:04:41.019698Z,Amstel Gold Race,REMOVED,HEALY Ben,rider/ben-healy
2026-03-28T07:04:41.019698Z,Waalse Pijl,REMOVED,HEALY Ben,rider/ben-healy
2026-03-28T07:04:41.019698Z,Luik-Bastenaken-Luik,REMOVED,HEALY Ben,rider/ben-healy
2026-03-28T07:04:41.019698Z,Strade Bianche,REMOVED,HEALY Ben,rider/ben-healy
2026-03-28T07:04:41.019698Z,Brabantse Pijl,REMOVED,MAISONOBE Sam,rider/sam-maisonobe
2026-03-28T07:04:41.019698Z,Amstel Gold Race,REMOVED,MAISONOBE Sam,rider/sam-maisonobe
2026-03-28T07:04:41.019698Z,Samyn Classic,REMOVED,CARDINAL Nathan,rider/nathan-cardinal
2026-03-28T07:04:41.019698Z,Brabantse Pijl,REMOVED,FAJARDO Adrián,rider/adrian-fajardo
2026-03-28T07:04:41.019698Z,Ronde van Limburg,REMOVED,FAJARDO Adrián,rider/adrian-fajardo
2026-03-28T07:04:41.019698Z,Strade Bianche,REMOVED,RIVERA Brandon Smith,rider/brandon-smith-rivera-vargas
2026-03-28T07:04:41.019698Z,Ronde van Limburg,REMOVED,SCHAPER Joeri,rider/joeri-schaper
2026-03-28T07:04:41.019698Z,Bredene Koksijde Classic,REMOVED,PLOWRIGHT Jensen,rider/jensen-plowright
2026-03-28T07:04:41.019698Z,Ronde van Vlaanderen,REMOVED,TILLER Rasmus,rider/rasmus-tiller
2026-03-28T07:04:41.019698Z,Omloop Nieuwsblad,REMOVED,TILLER Rasmus,rider/rasmus-tiller
2026-03-28T07:04:41.019698Z,Kuurne-Brussel-Kuurne,REMOVED,TILLER Rasmus,rider/rasmus-tiller
2026-03-28T07:04:41.019698Z,In Flanders Fields,REMOVED,TILLER Rasmus,rider/rasmus-tiller
2026-03-28T07:04:41.019698Z,E3 Saxo Classic,REMOVED,TILLER Rasmus,rider/rasmus-tiller
2026-03-28T07:04:41.019698Z,Ronde van Limburg,REMOVED,VAN HEESWIJK Bas,rider/bas-van-heeswijk
2026-03-28T07:04:41.019698Z,Milaan-Sanremo,REMOVED,STORK Florian,rider/florian-stork
2026-03-28T07:04:41.019698Z,Ronde van Brugge,REMOVED,ALBANESE Vincenzo,rider/vincenzo-albanese
2026-03-28T07:04:41.019698Z,Strade Bianche,REMOVED,ALBANESE Vincenzo,rider/vincenzo-albanese
2026-03-28T07:04:41.019698Z,Kuurne-Brussel-Kuurne,REMOVED,ALBANESE Vincenzo,rider/vincenzo-albanese
2026-03-28T07:04:41.019698Z,Omloop Nieuwsblad,REMOVED,ALBANESE Vincenzo,rider/vincenzo-albanese
2026-03-28T07:04:41.019698Z,Ronde van Vlaanderen,REMOVED,RENARD-HAQUIN Henri-François,rider/henri-francois-renard-haquin
2026-03-28T07:04:41.019698Z,Nokere Koerse,REMOVED,RENARD-HAQUIN Henri-François,rider/henri-francois-renard-haquin
2026-03-28T07:04:41.019698Z,Omloop Nieuwsblad,REMOVED,RENARD-HAQUIN Henri-François,rider/henri-francois-renard-haquin
2026-03-28T07:04:41.019698Z,Samyn Classic,REMOVED,RENARD-HAQUIN Henri-François,rider/henri-francois-renard-haquin
2026-03-28T07:04:41.019698Z,Bredene Koksijde Classic,REMOVED,RENARD-HAQUIN Henri-François,rider/henri-francois-renard-haquin
2026-03-28T07:04:41.019698Z,E3 Saxo Classic,REMOVED,RENARD-HAQUIN Henri-François,rider/henri-francois-renard-haquin
2026-03-28T07:04:41.019698Z,Dwars door Vlaanderen,REMOVED,RENARD-HAQUIN Henri-François,rider/henri-francois-renard-haquin
2026-03-28T07:04:41.019698Z,Ronde van Brugge,REMOVED,RENARD-HAQUIN Henri-François,rider/henri-francois-renard-haquin
2026-03-28T07:04:41.019698Z,Samyn Classic,REMOVED,WATTS Kiaan,rider/kiaan-watts
2026-03-28T07:04:41.019698Z,Nokere Koerse,REMOVED,WATTS Kiaan,rider/kiaan-watts
2026-03-28T07:04:41.019698Z,Ronde van Limburg,REMOVED,WATTS Kiaan,rider/kiaan-watts
2026-03-28T07:04:41.019698Z,Scheldeprijs,REMOVED,WATTS Kiaan,rider/kiaan-watts
2026-03-28T07:04:41.019698Z,Samyn Classic,REMOVED,VERMOOTE Jelle,rider/jelle-vermoote
2026-03-28T07:04:41.019698Z,Nokere Koerse,REMOVED,VERMOOTE Jelle,rider/jelle-vermoote
2026-03-28T07:04:41.019698Z,Bredene Koksijde Classic,REMOVED,VERMOOTE Jelle,rider/jelle-vermoote
2026-03-28T07:04:41.019698Z,Milaan-Sanremo,REMOVED,BAIS Mattia,rider/mattia-bais
2026-03-28T07:04:41.019698Z,Brabantse Pijl,REMOVED,RETAILLEAU Valentin,rider/valentin-retailleau
2026-03-28T07:04:41.019698Z,Amstel Gold Race,REMOVED,RETAILLEAU Valentin,rider/valentin-retailleau
2026-03-28T07:04:41.019698Z,Ronde van Vlaanderen,REMOVED,AFFINI Edoardo,rider/edoardo-affini
2026-03-28T07:04:41.019698Z,Milaan-Sanremo,REMOVED,AFFINI Edoardo,rider/edoardo-affini
2026-03-28T07:04:41.019698Z,Omloop Nieuwsblad,REMOVED,AFFINI Edoardo,rider/edoardo-affini
2026-03-28T07:04:41.019698Z,In Flanders Fields,REMOVED,AFFINI Edoardo,rider/edoardo-affini
2026-03-28T07:04:41.019698Z,E3 Saxo Classic,REMOVED,AFFINI Edoardo,rider/edoardo-affini
2026-03-28T07:04:41.019698Z,Ronde van Vlaanderen,REMOVED,OLIVEIRA Rui,rider/rui-oliveira
2026-03-28T07:04:41.019698Z,Nokere Koerse,REMOVED,OLIVEIRA Rui,rider/rui-oliveira
2026-03-28T07:04:41.019698Z,Omloop Nieuwsblad,REMOVED,OLIVEIRA Rui,rider/rui-oliveira
2026-03-28T07:04:41.019698Z,Parijs-Roubaix,REMOVED,OLIVEIRA Rui,rider/rui-oliveira
2026-03-28T07:04:41.019698Z,Bredene Koksijde Classic,REMOVED,OLIVEIRA Rui,rider/rui-oliveira
2026-03-28T07:04:41.019698Z,E3 Saxo Classic,REMOVED,OLIVEIRA Rui,rider/rui-oliveira
2026-03-28T07:04:41.019698Z,Ronde van Brugge,REMOVED,OLIVEIRA Rui,rider/rui-oliveira
2026-03-28T07:04:41.019698Z,Kuurne-Brussel-Kuurne,REMOVED,OLIVEIRA Rui,rider/rui-oliveira
2026-03-28T07:04:41.019698Z,In Flanders Fields,REMOVED,OLIVEIRA Rui,rider/rui-oliveira
2026-03-28T07:04:41.019698Z,Nokere Koerse,REMOVED,DONATI Davide,rider/davide-donati
2026-03-28T07:04:41.019698Z,Ronde van Vlaanderen,REMOVED,ASGREEN Kasper,rider/kasper-asgreen
2026-03-28T07:04:41.019698Z,Dwars door Vlaanderen,REMOVED,ASGREEN Kasper,rider/kasper-asgreen
2026-03-28T07:04:41.019698Z,Omloop Nieuwsblad,REMOVED,ASGREEN Kasper,rider/kasper-asgreen
2026-03-28T07:04:41.019698Z,Kuurne-Brussel-Kuurne,REMOVED,ASGREEN Kasper,rider/kasper-asgreen
2026-03-28T07:04:41.019698Z,Parijs-Roubaix,REMOVED,ASGREEN Kasper,rider/kasper-asgreen
2026-03-28T07:04:41.019698Z,In Flanders Fields,REMOVED,ASGREEN Kasper,rider/kasper-asgreen
2026-03-28T07:04:41.019698Z,Milaan-Sanremo,REMOVED,ASGREEN Kasper,rider/kasper-asgreen
2026-03-28T07:04:41.019698Z,Strade Bianche,REMOVED,DINHAM Matthew,rider/matthew-dinham
2026-03-28T07:04:41.019698Z,Amstel Gold Race,REMOVED,DINHAM Matthew,rider/matthew-dinham
2026-03-28T07:04:41.019698Z,Milaan-Sanremo,REMOVED,DINHAM Matthew,rider/matthew-dinham
2026-03-28T07:04:41.019698Z,Ronde van Vlaanderen,REMOVED,CHARRET Camille,rider/camille-charret
2026-03-28T07:04:41.019698Z,Nokere Koerse,REMOVED,CHARRET Camille,rider/camille-charret
2026-03-28T07:04:41.019698Z,Ronde van Limburg,REMOVED,CHARRET Camille,rider/camille-charret
2026-03-28T07:04:41.019698Z,Bredene Koksijde Classic,REMOVED,CHARRET Camille,rider/camille-charret
2026-03-28T07:04:41.019698Z,Dwars door Vlaanderen,REMOVED,CHARRET Camille,rider/camille-charret
2026-03-28T07:04:41.019698Z,Scheldeprijs,REMOVED,CHARRET Camille,rider/camille-charret
2026-03-28T07:04:41.019698Z,Ronde van Brugge,REMOVED,CHARRET Camille,rider/camille-charret
2026-03-28T07:04:41.019698Z,In Flanders Fields,REMOVED,CHARRET Camille,rider/camille-charret
2026-03-28T07:04:41.019698Z,Waalse Pijl,REMOVED,NOVAK Domen,rider/domen-novak
2026-03-28T07:04:41.019698Z,Luik-Bastenaken-Luik,REMOVED,NOVAK Domen,rider/domen-novak
2026-03-28T07:04:41.019698Z,Strade Bianche,REMOVED,NOVAK Domen,rider/domen-novak
2026-03-28T07:04:41.019698Z,Milaan-Sanremo,REMOVED,NOVAK Domen,rider/domen-novak
2026-03-28T07:04:41.019698Z,Brabantse Pijl,REMOVED,LEKNESSUND Andreas,rider/andreas-leknessund
2026-03-28T07:04:41.019698Z,Amstel Gold Race,REMOVED,LEKNESSUND Andreas,rider/andreas-leknessund
2026-03-28T07:04:41.019698Z,Samyn Classic,REMOVED,GEORGE Alfred,rider/alfred-george
2026-03-28T07:04:41.019698Z,Ronde van Brugge,REMOVED,KOYAMA Tomoya,rider/tomoya-koyama
2026-03-28T07:04:41.019698Z,Amstel Gold Race,REMOVED,ERIKSSON Jacob,rider/jacob-eriksson
2026-03-28T07:04:41.019698Z,Milaan-Sanremo,REMOVED,ERIKSSON Jacob,rider/jacob-eriksson
2026-03-28T07:04:41.019698Z,Ronde van Vlaanderen,REMOVED,DURBRIDGE Luke,rider/luke-durbridge
2026-03-28T07:04:41.019698Z,Dwars door Vlaanderen,REMOVED,DURBRIDGE Luke,rider/luke-durbridge
2026-03-28T07:04:41.019698Z,Ronde van Limburg,REMOVED,DURBRIDGE Luke,rider/luke-durbridge
2026-03-28T07:04:41.019698Z,Ronde van Brugge,REMOVED,DURBRIDGE Luke,rider/luke-durbridge
2026-03-28T07:04:41.019698Z,E3 Saxo Classic,REMOVED,DURBRIDGE Luke,rider/luke-durbridge
2026-03-28T07:04:41.019698Z,Dwars door Vlaanderen,REMOVED,MATTIO Pietro,rider/pietro-mattio
2026-03-28T07:04:41.019698Z,Kuurne-Brussel-Kuurne,REMOVED,MATTIO Pietro,rider/pietro-mattio
2026-03-28T07:04:41.019698Z,Omloop Nieuwsblad,REMOVED,MATTIO Pietro,rider/pietro-mattio
2026-03-28T07:04:41.019698Z,Samyn Classic,REMOVED,MATTIO Pietro,rider/pietro-mattio
2026-03-28T07:04:41.019698Z,Strade Bianche,REMOVED,MATTIO Pietro,rider/pietro-mattio
2026-03-28T07:04:41.019698Z,Kuurne-Brussel-Kuurne,REMOVED,PARISINI Nicolò,rider/nicolo-parisini
2026-03-28T07:04:41.019698Z,In Flanders Fields,REMOVED,PARISINI Nicolò,rider/nicolo-parisini
2026-03-28T07:04:41.019698Z,Bredene Koksijde Classic,REMOVED,PARISINI Nicolò,rider/nicolo-parisini
2026-03-28T07:04:41.019698Z,Brabantse Pijl,REMOVED,HARTEEL Jelle,rider/jelle-harteel
2026-03-28T07:04:41.019698Z,Samyn Classic,REMOVED,HARTEEL Jelle,rider/jelle-harteel
2026-03-28T07:04:41.019698Z,Nokere Koerse,REMOVED,HARTEEL Jelle,rider/jelle-harteel
2026-03-28T07:04:41.019698Z,Strade Bianche,REMOVED,BUTTIGIEG Aidan,rider/aidan-buttigieg
2026-03-28T07:04:41.019698Z,Kuurne-Brussel-Kuurne,REMOVED,ØRN-KRISTOFF Felix,rider/felix-orn-kristoff
2026-03-28T07:04:41.019698Z,Bredene Koksijde Classic,REMOVED,ØRN-KRISTOFF Felix,rider/felix-orn-kristoff
2026-03-28T07:04:41.019698Z,Samyn Classic,REMOVED,ØRN-KRISTOFF Felix,rider/felix-orn-kristoff
2026-03-28T07:04:41.019698Z,Ronde van Brugge,REMOVED,BRUTTOMESSO Alberto,rider/alberto-bruttomesso
2026-03-28T07:04:41.019698Z,Samyn Classic,REMOVED,BRUTTOMESSO Alberto,rider/alberto-bruttomesso
2026-03-28T07:04:41.019698Z,Nokere Koerse,REMOVED,BRUTTOMESSO Alberto,rider/alberto-bruttomesso
2026-03-28T07:04:41.019698Z,Ronde van Limburg,REMOVED,BRUTTOMESSO Alberto,rider/alberto-bruttomesso
2026-03-28T07:04:41.019698Z,Ronde van Vlaanderen,REMOVED,TORRES Albert,rider/albert-torres
2026-03-28T07:04:41.019698Z,Dwars door Vlaanderen,REMOVED,TORRES Albert,rider/albert-torres
2026-03-28T07:04:41.019698Z,In Flanders Fields,REMOVED,TORRES Albert,rider/albert-torres
2026-03-28T07:04:41.019698Z,Ronde van Brugge,REMOVED,TORRES Albert,rider/albert-torres
2026-03-28T07:04:41.019698Z,Strade Bianche,REMOVED,TORRES Albert,rider/albert-torres
2026-03-28T07:04:41.019698Z,E3 Saxo Classic,REMOVED,TORRES Albert,rider/albert-torres
2026-03-28T07:04:41.019698Z,Strade Bianche,REMOVED,VANSEVENANT Mauri,rider/mauri-vansevenant
2026-03-28T07:04:41.019698Z,Ronde van Brugge,REMOVED,BAUHAUS Phil,rider/phil-bauhaus
2026-03-28T07:04:41.019698Z,Kuurne-Brussel-Kuurne,REMOVED,BAUHAUS Phil,rider/phil-bauhaus
2026-03-28T07:04:41.019698Z,Scheldeprijs,REMOVED,BAUHAUS Phil,rider/phil-bauhaus
2026-03-28T07:04:41.019698Z,Kuurne-Brussel-Kuurne,REMOVED,STEWART Mark,rider/mark-stewart
2026-03-28T07:04:41.019698Z,Scheldeprijs,REMOVED,STEWART Mark,rider/mark-stewart
2026-03-28T07:04:41.019698Z,Samyn Classic,REMOVED,STEWART Mark,rider/mark-stewart
2026-03-28T07:04:41.019698Z,Brabantse Pijl,REMOVED,NARVÁEZ Jhonatan,rider/jhonatan-narvaez
2026-03-28T07:04:41.019698Z,Amstel Gold Race,REMOVED,NARVÁEZ Jhonatan,rider/jhonatan-narvaez
2026-03-28T07:04:41.019698Z,Strade Bianche,REMOVED,HERZOG Emil,rider/emil-herzog
2026-03-28T07:04:41.019698Z,Ronde van Vlaanderen,REMOVED,SHEFFIELD Magnus,rider/magnus-sheffield
2026-03-28T07:04:41.019698Z,Dwars door Vlaanderen,REMOVED,SHEFFIELD Magnus,rider/magnus-sheffield
2026-03-28T07:04:41.019698Z,Amstel Gold Race,REMOVED,SHEFFIELD Magnus,rider/magnus-sheffield
2026-03-28T07:04:41.019698Z,Omloop Nieuwsblad,REMOVED,SHEFFIELD Magnus,rider/magnus-sheffield
2026-03-28T07:04:41.019698Z,E3 Saxo Classic,REMOVED,SHEFFIELD Magnus,rider/magnus-sheffield
2026-03-28T07:04:41.019698Z,Ronde van Vlaanderen,REMOVED,MORO Manlio,rider/manlio-moro
2026-03-28T07:04:41.019698Z,Dwars door Vlaanderen,REMOVED,MORO Manlio,rider/manlio-moro
2026-03-28T07:04:41.019698Z,Omloop Nieuwsblad,REMOVED,MORO Manlio,rider/manlio-moro
2026-03-28T07:04:41.019698Z,Kuurne-Brussel-Kuurne,REMOVED,MORO Manlio,rider/manlio-moro
2026-03-28T07:04:41.019698Z,Strade Bianche,REMOVED,MORO Manlio,rider/manlio-moro
2026-03-28T07:04:41.019698Z,Milaan-Sanremo,REMOVED,MORO Manlio,rider/manlio-moro
2026-03-28T07:04:41.019698Z,Waalse Pijl,REMOVED,LAPEIRA Paul,rider/paul-lapeira
2026-03-28T07:04:41.019698Z,Luik-Bastenaken-Luik,REMOVED,LAPEIRA Paul,rider/paul-lapeira
2026-03-28T07:04:41.019698Z,Amstel Gold Race,REMOVED,LAPEIRA Paul,rider/paul-lapeira
2026-03-28T07:04:41.019698Z,Strade Bianche,REMOVED,LAPEIRA Paul,rider/paul-lapeira
2026-03-28T07:04:41.019698Z,Milaan-Sanremo,REMOVED,LAPEIRA Paul,rider/paul-lapeira
2026-03-28T07:04:41.019698Z,Strade Bianche,REMOVED,SEIXAS Paul,rider/paul-seixas
2026-03-28T07:04:41.019698Z,Luik-Bastenaken-Luik,REMOVED,SEIXAS Paul,rider/paul-seixas
2026-03-28T07:04:41.019698Z,Waalse Pijl,REMOVED,SEIXAS Paul,rider/paul-seixas
2026-03-28T07:04:41.019698Z,Ronde van Vlaanderen,REMOVED,BOIVIN Guillaume,rider/guillaume-boivin
2026-03-28T07:04:41.019698Z,Dwars door Vlaanderen,REMOVED,BOIVIN Guillaume,rider/guillaume-boivin
2026-03-28T07:04:41.019698Z,Omloop Nieuwsblad,REMOVED,BOIVIN Guillaume,rider/guillaume-boivin
2026-03-28T07:04:41.019698Z,Kuurne-Brussel-Kuurne,REMOVED,BOIVIN Guillaume,rider/guillaume-boivin
2026-03-28T07:04:41.019698Z,In Flanders Fields,REMOVED,BOIVIN Guillaume,rider/guillaume-boivin
2026-03-28T07:04:41.019698Z,E3 Saxo Classic,REMOVED,BOIVIN Guillaume,rider/guillaume-boivin
2026-03-28T07:04:41.019698Z,Scheldeprijs,REMOVED,VAN REES Christiaan,rider/christiaan-van-rees
2026-03-28T07:04:41.019698Z,Bredene Koksijde Classic,REMOVED,VAN REES Christiaan,rider/christiaan-van-rees
2026-03-28T07:04:41.019698Z,Ronde van Vlaanderen,REMOVED,TARLING Joshua,rider/joshua-tarling
2026-03-28T07:04:41.019698Z,Milaan-Sanremo,REMOVED,TARLING Joshua,rider/joshua-tarling
2026-03-28T07:04:41.019698Z,Parijs-Roubaix,REMOVED,TARLING Joshua,rider/joshua-tarling
2026-03-28T07:04:41.019698Z,In Flanders Fields,REMOVED,TARLING Joshua,rider/joshua-tarling
2026-03-28T07:04:41.019698Z,E3 Saxo Classic,REMOVED,TARLING Joshua,rider/joshua-tarling
2026-03-28T07:04:41.019698Z,Nokere Koerse,REMOVED,BÉVORT Carl-Frederik,rider/carl-frederik-bevort
2026-03-28T07:04:41.019698Z,Omloop Nieuwsblad,REMOVED,BÉVORT Carl-Frederik,rider/carl-frederik-bevort
2026-03-28T07:04:41.019698Z,Ronde van Brugge,REMOVED,BÉVORT Carl-Frederik,rider/carl-frederik-bevort
2026-03-28T07:04:41.019698Z,Kuurne-Brussel-Kuurne,REMOVED,BÉVORT Carl-Frederik,rider/carl-frederik-bevort
2026-03-28T07:04:41.019698Z,Bredene Koksijde Classic,REMOVED,BÉVORT Carl-Frederik,rider/carl-frederik-bevort
2026-03-28T07:04:41.019698Z,Nokere Koerse,REMOVED,SCALA Hugo,rider/hugo-scala
2026-03-28T07:04:41.019698Z,Bredene Koksijde Classic,REMOVED,SCALA Hugo,rider/hugo-scala
2026-03-28T07:04:41.019698Z,Strade Bianche,REMOVED,TURCONI Filippo,rider/filippo-turconi
2026-03-28T07:04:41.019698Z,Milaan-Sanremo,REMOVED,TURCONI Filippo,rider/filippo-turconi
2026-03-28T07:04:41.019698Z,Ronde van Brugge,REMOVED,BOWER Lewis,rider/lewis-bower
2026-03-28T07:04:41.019698Z,Nokere Koerse,REMOVED,BOWER Lewis,rider/lewis-bower
2026-03-28T07:04:41.019698Z,Bredene Koksijde Classic,REMOVED,BOWER Lewis,rider/lewis-bower
2026-03-28T07:04:41.019698Z,Ronde van Vlaanderen,REMOVED,RICKAERT Jonas,rider/jonas-rickaert
2026-03-28T07:04:41.019698Z,Nokere Koerse,REMOVED,RICKAERT Jonas,rider/jonas-rickaert
2026-03-28T07:04:41.019698Z,Samyn Classic,REMOVED,RICKAERT Jonas,rider/jonas-rickaert
2026-03-28T07:04:41.019698Z,Dwars door Vlaanderen,REMOVED,RICKAERT Jonas,rider/jonas-rickaert
2026-03-28T07:04:41.019698Z,Scheldeprijs,REMOVED,RICKAERT Jonas,rider/jonas-rickaert
2026-03-28T07:04:41.019698Z,Ronde van Brugge,REMOVED,RICKAERT Jonas,rider/jonas-rickaert
2026-03-28T07:04:41.019698Z,Kuurne-Brussel-Kuurne,REMOVED,RICKAERT Jonas,rider/jonas-rickaert
2026-03-28T07:04:41.019698Z,In Flanders Fields,REMOVED,RICKAERT Jonas,rider/jonas-rickaert
2026-03-28T07:04:41.019698Z,Samyn Classic,REMOVED,CLAEYS Robbe,rider/robbe-claeys
2026-03-28T07:04:41.019698Z,Bredene Koksijde Classic,REMOVED,CLAEYS Robbe,rider/robbe-claeys
2026-03-28T07:04:41.019698Z,Milaan-Sanremo,REMOVED,ERMAKOV Roman,rider/roman-ermakov
2026-03-28T12:57:57.719914Z,E3 Saxo Classic,ADDED,TORRES Albert,rider/albert-torres
2026-03-28T12:57:57.719914Z,Ronde van Brugge,ADDED,TORRES Albert,rider/albert-torres
2026-03-28T12:57:57.719914Z,Ronde van Vlaanderen,ADDED,TORRES Albert,rider/albert-torres
2026-03-28T12:57:57.719914Z,In Flanders Fields,ADDED,TORRES Albert,rider/albert-torres
2026-03-28T12:57:57.719914Z,Dwars door Vlaanderen,ADDED,TORRES Albert,rider/albert-torres
2026-03-28T12:57:57.719914Z,Strade Bianche,ADDED,TORRES Albert,rider/albert-torres
2026-03-28T12:57:57.719914Z,In Flanders Fields,ADDED,MARSMAN Tim,rider/tim-marsman
2026-03-28T12:57:57.719914Z,Milaan-Sanremo,ADDED,MARSMAN Tim,rider/tim-marsman
2026-03-28T12:57:57.719914Z,Ronde van Brugge,ADDED,MARSMAN Tim,rider/tim-marsman
2026-03-28T12:57:57.719914Z,Scheldeprijs,ADDED,ANIOŁKOWSKI Stanisław,rider/stanislaw-aniolkowski
2026-03-28T12:57:57.719914Z,Ronde van Brugge,ADDED,ANIOŁKOWSKI Stanisław,rider/stanislaw-aniolkowski
2026-03-28T12:57:57.719914Z,Kuurne-Brussel-Kuurne,ADDED,ANIOŁKOWSKI Stanisław,rider/stanislaw-aniolkowski
2026-03-28T12:57:57.719914Z,Bredene Koksijde Classic,ADDED,ANIOŁKOWSKI Stanisław,rider/stanislaw-aniolkowski
2026-03-28T12:57:57.719914Z,Ronde van Vlaanderen,ADDED,ANIOŁKOWSKI Stanisław,rider/stanislaw-aniolkowski
2026-03-28T12:57:57.719914Z,Omloop Nieuwsblad,ADDED,ANIOŁKOWSKI Stanisław,rider/stanislaw-aniolkowski
2026-03-28T12:57:57.719914Z,Nokere Koerse,ADDED,ANIOŁKOWSKI Stanisław,rider/stanislaw-aniolkowski
2026-03-28T12:57:57.719914Z,Samyn Classic,ADDED,ANIOŁKOWSKI Stanisław,rider/stanislaw-aniolkowski
2026-03-28T12:57:57.719914Z,Amstel Gold Race,ADDED,MIHOLJEVIĆ Fran,rider/fran-miholjevic
2026-03-28T12:57:57.719914Z,Milaan-Sanremo,ADDED,MIHOLJEVIĆ Fran,rider/fran-miholjevic
2026-03-28T12:57:57.719914Z,Strade Bianche,ADDED,MIHOLJEVIĆ Fran,rider/fran-miholjevic
2026-03-28T12:57:57.719914Z,Nokere Koerse,ADDED,WANG Gustav,rider/gustav-wang
2026-03-28T12:57:57.719914Z,Bredene Koksijde Classic,ADDED,WANG Gustav,rider/gustav-wang
2026-03-28T12:57:57.719914Z,Samyn Classic,ADDED,BÉNÉTEAU Lucas,rider/lucas-beneteau
2026-03-28T12:57:57.719914Z,Kuurne-Brussel-Kuurne,ADDED,ØRN-KRISTOFF Felix,rider/felix-orn-kristoff
2026-03-28T12:57:57.719914Z,Samyn Classic,ADDED,ØRN-KRISTOFF Felix,rider/felix-orn-kristoff
2026-03-28T12:57:57.719914Z,Bredene Koksijde Classic,ADDED,ØRN-KRISTOFF Felix,rider/felix-orn-kristoff
2026-03-28T12:57:57.719914Z,Strade Bianche,ADDED,HATHERLY Alan,rider/alan-hatherly
2026-03-28T12:57:57.719914Z,Kuurne-Brussel-Kuurne,ADDED,ASKEY Lewis,rider/lewis-askey
2026-03-28T12:57:57.719914Z,Omloop Nieuwsblad,ADDED,ASKEY Lewis,rider/lewis-askey
2026-03-28T12:57:57.719914Z,Milaan-Sanremo,ADDED,ASKEY Lewis,rider/lewis-askey
2026-03-28T12:57:57.719914Z,Ronde van Vlaanderen,ADDED,ASKEY Lewis,rider/lewis-askey
2026-03-28T12:57:57.719914Z,In Flanders Fields,ADDED,ASKEY Lewis,rider/lewis-askey
2026-03-28T12:57:57.719914Z,Parijs-Roubaix,ADDED,ASKEY Lewis,rider/lewis-askey
2026-03-28T12:57:57.719914Z,Dwars door Vlaanderen,ADDED,ASKEY Lewis,rider/lewis-askey
2026-03-28T12:57:57.719914Z,Samyn Classic,ADDED,BOUMA Jelle,rider/jelle-bouma
2026-03-28T12:57:57.719914Z,Kuurne-Brussel-Kuurne,ADDED,SIMMONS Colby,rider/colby-simmons
2026-03-28T12:57:57.719914Z,E3 Saxo Classic,ADDED,SIMMONS Colby,rider/colby-simmons
2026-03-28T12:57:57.719914Z,Omloop Nieuwsblad,ADDED,SIMMONS Colby,rider/colby-simmons
2026-03-28T12:57:57.719914Z,Ronde van Brugge,ADDED,SIMMONS Colby,rider/colby-simmons
2026-03-28T12:57:57.719914Z,Ronde van Vlaanderen,ADDED,SIMMONS Colby,rider/colby-simmons
2026-03-28T12:57:57.719914Z,In Flanders Fields,ADDED,SIMMONS Colby,rider/colby-simmons
2026-03-28T12:57:57.719914Z,Dwars door Vlaanderen,ADDED,SIMMONS Colby,rider/colby-simmons
2026-03-28T12:57:57.719914Z,Ronde van Brugge,ADDED,FLYNN Sean,rider/sean-flynn
2026-03-28T12:57:57.719914Z,Amstel Gold Race,ADDED,FLYNN Sean,rider/sean-flynn
2026-03-28T12:57:57.719914Z,Dwars door Vlaanderen,ADDED,FLYNN Sean,rider/sean-flynn
2026-03-28T12:57:57.719914Z,E3 Saxo Classic,ADDED,FLYNN Sean,rider/sean-flynn
2026-03-28T12:57:57.719914Z,In Flanders Fields,ADDED,FLYNN Sean,rider/sean-flynn
2026-03-28T12:57:57.719914Z,Ronde van Vlaanderen,ADDED,FLYNN Sean,rider/sean-flynn
2026-03-28T12:57:57.719914Z,Omloop Nieuwsblad,ADDED,FLYNN Sean,rider/sean-flynn
2026-03-28T12:57:57.719914Z,Samyn Classic,ADDED,FLYNN Sean,rider/sean-flynn
2026-03-28T12:57:57.719914Z,Waalse Pijl,ADDED,LAURANCE Axel,rider/axel-laurance
2026-03-28T12:57:57.719914Z,Luik-Bastenaken-Luik,ADDED,LAURANCE Axel,rider/axel-laurance
2026-03-28T12:57:57.719914Z,Milaan-Sanremo,ADDED,LAURANCE Axel,rider/axel-laurance
2026-03-28T12:57:57.719914Z,Strade Bianche,ADDED,LAURANCE Axel,rider/axel-laurance
2026-03-28T12:57:57.719914Z,Strade Bianche,ADDED,VOISARD Yannis,rider/yannis-voisard
2026-03-28T12:57:57.719914Z,Kuurne-Brussel-Kuurne,ADDED,ALLENO Clément,rider/clement-alleno
2026-03-28T12:57:57.719914Z,Scheldeprijs,ADDED,ALLENO Clément,rider/clement-alleno
2026-03-28T12:57:57.719914Z,E3 Saxo Classic,ADDED,ALLENO Clément,rider/clement-alleno
2026-03-28T12:57:57.719914Z,Omloop Nieuwsblad,ADDED,ALLENO Clément,rider/clement-alleno
2026-03-28T12:57:57.719914Z,Ronde van Vlaanderen,ADDED,ALLENO Clément,rider/clement-alleno
2026-03-28T12:57:57.719914Z,In Flanders Fields,ADDED,ALLENO Clément,rider/clement-alleno
2026-03-28T12:57:57.719914Z,Dwars door Vlaanderen,ADDED,ALLENO Clément,rider/clement-alleno
2026-03-28T12:57:57.719914Z,Scheldeprijs,ADDED,BIESTERBOS Frits,rider/frits-biesterbos
2026-03-28T12:57:57.719914Z,Amstel Gold Race,ADDED,BIESTERBOS Frits,rider/frits-biesterbos
2026-03-28T12:57:57.719914Z,Kuurne-Brussel-Kuurne,ADDED,BIESTERBOS Frits,rider/frits-biesterbos
2026-03-28T12:57:57.719914Z,E3 Saxo Classic,ADDED,BIESTERBOS Frits,rider/frits-biesterbos
2026-03-28T12:57:57.719914Z,Bredene Koksijde Classic,ADDED,BIESTERBOS Frits,rider/frits-biesterbos
2026-03-28T12:57:57.719914Z,In Flanders Fields,ADDED,BIESTERBOS Frits,rider/frits-biesterbos
2026-03-28T12:57:57.719914Z,Nokere Koerse,ADDED,BIESTERBOS Frits,rider/frits-biesterbos
2026-03-28T12:57:57.719914Z,Samyn Classic,ADDED,BIESTERBOS Frits,rider/frits-biesterbos
2026-03-28T12:57:57.719914Z,Scheldeprijs,ADDED,GRIGNARD Sébastien,rider/sebastien-grignard
2026-03-28T12:57:57.719914Z,E3 Saxo Classic,ADDED,GRIGNARD Sébastien,rider/sebastien-grignard
2026-03-28T12:57:57.719914Z,Omloop Nieuwsblad,ADDED,GRIGNARD Sébastien,rider/sebastien-grignard
2026-03-28T12:57:57.719914Z,In Flanders Fields,ADDED,GRIGNARD Sébastien,rider/sebastien-grignard
2026-03-28T12:57:57.719914Z,Dwars door Vlaanderen,ADDED,GRIGNARD Sébastien,rider/sebastien-grignard
2026-03-28T12:57:57.719914Z,Samyn Classic,ADDED,GRIGNARD Sébastien,rider/sebastien-grignard
2026-03-28T12:57:57.719914Z,Strade Bianche,ADDED,SHAW James,rider/james-shaw
2026-03-28T12:57:57.719914Z,Amstel Gold Race,ADDED,VELASCO Simone,rider/simone-velasco
2026-03-28T12:57:57.719914Z,Strade Bianche,ADDED,VELASCO Simone,rider/simone-velasco
2026-03-28T12:57:57.719914Z,Kuurne-Brussel-Kuurne,ADDED,RASENBERG Martijn,rider/martijn-rasenberg
2026-03-28T12:57:57.719914Z,Scheldeprijs,ADDED,RASENBERG Martijn,rider/martijn-rasenberg
2026-03-28T12:57:57.719914Z,Bredene Koksijde Classic,ADDED,RASENBERG Martijn,rider/martijn-rasenberg
2026-03-28T12:57:57.719914Z,Ronde van Vlaanderen,ADDED,RASENBERG Martijn,rider/martijn-rasenberg
2026-03-28T12:57:57.719914Z,Omloop Nieuwsblad,ADDED,RASENBERG Martijn,rider/martijn-rasenberg
2026-03-28T12:57:57.719914Z,Nokere Koerse,ADDED,RASENBERG Martijn,rider/martijn-rasenberg
2026-03-28T12:57:57.719914Z,Nokere Koerse,ADDED,SAMBINELLO Mattia,rider/mattia-sambinello
2026-03-28T12:57:57.719914Z,Milaan-Sanremo,ADDED,DONOVAN Mark,rider/mark-donovan
2026-03-28T12:57:57.719914Z,Strade Bianche,ADDED,DONOVAN Mark,rider/mark-donovan
2026-03-28T12:57:57.719914Z,E3 Saxo Classic,ADDED,BYSTRØM Sven Erik,rider/sven-erik-bystrom
2026-03-28T12:57:57.719914Z,Omloop Nieuwsblad,ADDED,BYSTRØM Sven Erik,rider/sven-erik-bystrom
2026-03-28T12:57:57.719914Z,In Flanders Fields,ADDED,BYSTRØM Sven Erik,rider/sven-erik-bystrom
2026-03-28T12:57:57.719914Z,Ronde van Vlaanderen,ADDED,BYSTRØM Sven Erik,rider/sven-erik-bystrom
2026-03-28T12:57:57.719914Z,Strade Bianche,ADDED,BUTTIGIEG Aidan,rider/aidan-buttigieg
2026-03-28T12:57:57.719914Z,Milaan-Sanremo,ADDED,STORK Florian,rider/florian-stork
2026-03-28T12:57:57.719914Z,Kuurne-Brussel-Kuurne,ADDED,INGEBRIGTSEN Storm,rider/storm-ingebrigtsen
2026-03-28T12:57:57.719914Z,E3 Saxo Classic,ADDED,INGEBRIGTSEN Storm,rider/storm-ingebrigtsen
2026-03-28T12:57:57.719914Z,Ronde van Brugge,ADDED,INGEBRIGTSEN Storm,rider/storm-ingebrigtsen
2026-03-28T12:57:57.719914Z,Bredene Koksijde Classic,ADDED,INGEBRIGTSEN Storm,rider/storm-ingebrigtsen
2026-03-28T12:57:57.719914Z,Nokere Koerse,ADDED,INGEBRIGTSEN Storm,rider/storm-ingebrigtsen
2026-03-28T12:57:57.719914Z,Dwars door Vlaanderen,ADDED,INGEBRIGTSEN Storm,rider/storm-ingebrigtsen
2026-03-28T12:57:57.719914Z,Waalse Pijl,ADDED,VAN EETVELT Lennert,rider/lennert-van-eetvelt
2026-03-28T12:57:57.719914Z,Luik-Bastenaken-Luik,ADDED,VAN EETVELT Lennert,rider/lennert-van-eetvelt
2026-03-28T12:57:57.719914Z,Strade Bianche,ADDED,VAN EETVELT Lennert,rider/lennert-van-eetvelt
2026-03-28T12:57:57.719914Z,E3 Saxo Classic,ADDED,PEDERSEN Casper,rider/casper-pedersen
2026-03-28T12:57:57.719914Z,Milaan-Sanremo,ADDED,PEDERSEN Casper,rider/casper-pedersen
2026-03-28T12:57:57.719914Z,Ronde van Vlaanderen,ADDED,PEDERSEN Casper,rider/casper-pedersen
2026-03-28T12:57:57.719914Z,Omloop Nieuwsblad,ADDED,PEDERSEN Casper,rider/casper-pedersen
2026-03-28T12:57:57.719914Z,Dwars door Vlaanderen,ADDED,PEDERSEN Casper,rider/casper-pedersen
2026-03-28T12:57:57.719914Z,Milaan-Sanremo,ADDED,MARCELLUSI Martin,rider/martin-marcellusi
2026-03-28T12:57:57.719914Z,Strade Bianche,ADDED,MARCELLUSI Martin,rider/martin-marcellusi
2026-03-28T12:57:57.719914Z,Waalse Pijl,ADDED,MARTINEZ Lenny,rider/lenny-martinez
2026-03-28T12:57:57.719914Z,E3 Saxo Classic,ADDED,MORGADO António,rider/antonio-morgado
2026-03-28T12:57:57.719914Z,Nokere Koerse,ADDED,MORGADO António,rider/antonio-morgado
2026-03-28T12:57:57.719914Z,Dwars door Vlaanderen,ADDED,MORGADO António,rider/antonio-morgado
2026-03-28T12:57:57.719914Z,Ronde van Vlaanderen,ADDED,MORGADO António,rider/antonio-morgado
2026-03-28T12:57:57.719914Z,Kuurne-Brussel-Kuurne,ADDED,GONOV Lev,rider/lev-gonov
2026-03-28T12:57:57.719914Z,Omloop Nieuwsblad,ADDED,GONOV Lev,rider/lev-gonov
2026-03-28T12:57:57.719914Z,Nokere Koerse,ADDED,GONOV Lev,rider/lev-gonov
2026-03-28T12:57:57.719914Z,Bredene Koksijde Classic,ADDED,MÜLLER Tobias,rider/tobias-muller1
2026-03-28T12:57:57.719914Z,Ronde van Brugge,ADDED,MÜLLER Tobias,rider/tobias-muller1
2026-03-28T12:57:57.719914Z,Ronde van Limburg,ADDED,MÜLLER Tobias,rider/tobias-muller1
2026-03-28T12:57:57.719914Z,Nokere Koerse,ADDED,WIGGINS Ben,rider/ben-wiggins
2026-03-28T12:57:57.719914Z,Milaan-Sanremo,ADDED,CONFORTI Lorenzo,rider/lorenzo-conforti
2026-03-28T12:57:57.719914Z,Ronde van Limburg,ADDED,VERLEYSEN Thor,rider/thor-verleysen
2026-03-28T12:57:57.719914Z,Kuurne-Brussel-Kuurne,ADDED,MÄRKL Niklas,rider/niklas-markl
2026-03-28T12:57:57.719914Z,In Flanders Fields,ADDED,MÄRKL Niklas,rider/niklas-markl
2026-03-28T12:57:57.719914Z,Ronde van Brugge,ADDED,MÄRKL Niklas,rider/niklas-markl
2026-03-28T12:57:57.719914Z,Scheldeprijs,ADDED,JAKOBSEN Fabio,rider/fabio-jakobsen
2026-03-28T12:57:57.719914Z,E3 Saxo Classic,ADDED,JAKOBSEN Fabio,rider/fabio-jakobsen
2026-03-28T12:57:57.719914Z,Ronde van Brugge,ADDED,JAKOBSEN Fabio,rider/fabio-jakobsen
2026-03-28T12:57:57.719914Z,Bredene Koksijde Classic,ADDED,JAKOBSEN Fabio,rider/fabio-jakobsen
2026-03-28T12:57:57.719914Z,Nokere Koerse,ADDED,JAKOBSEN Fabio,rider/fabio-jakobsen
2026-03-28T12:57:57.719914Z,Samyn Classic,ADDED,JAKOBSEN Fabio,rider/fabio-jakobsen
2026-03-28T12:57:57.719914Z,Nokere Koerse,ADDED,VILLAR Iker,rider/iker-villar
2026-03-28T12:57:57.719914Z,Bredene Koksijde Classic,ADDED,VILLAR Iker,rider/iker-villar
2026-03-28T12:57:57.719914Z,Kuurne-Brussel-Kuurne,ADDED,HERREGODTS Rune,rider/rune-herregodts
2026-03-28T12:57:57.719914Z,E3 Saxo Classic,ADDED,HERREGODTS Rune,rider/rune-herregodts
2026-03-28T12:57:57.719914Z,Ronde van Brugge,ADDED,HERREGODTS Rune,rider/rune-herregodts
2026-03-28T12:57:57.719914Z,Ronde van Vlaanderen,ADDED,HERREGODTS Rune,rider/rune-herregodts
2026-03-28T12:57:57.719914Z,Brabantse Pijl,ADDED,HERREGODTS Rune,rider/rune-herregodts
2026-03-28T12:57:57.719914Z,Omloop Nieuwsblad,ADDED,HERREGODTS Rune,rider/rune-herregodts
2026-03-28T12:57:57.719914Z,Dwars door Vlaanderen,ADDED,HERREGODTS Rune,rider/rune-herregodts
2026-03-28T12:57:57.719914Z,Scheldeprijs,ADDED,VAN DER WERFF Thom,rider/thom-van-der-werff
2026-03-28T12:57:57.719914Z,Nokere Koerse,ADDED,VAN DER WERFF Thom,rider/thom-van-der-werff
2026-03-28T12:57:57.719914Z,Bredene Koksijde Classic,ADDED,VAN DER WERFF Thom,rider/thom-van-der-werff
2026-03-28T12:57:57.719914Z,Scheldeprijs,ADDED,CRABBE Tom,rider/tom-crabbe
2026-03-28T12:57:57.719914Z,Ronde van Brugge,ADDED,CRABBE Tom,rider/tom-crabbe
2026-03-28T12:57:57.719914Z,Dwars door Vlaanderen,ADDED,CRABBE Tom,rider/tom-crabbe
2026-03-28T12:57:57.719914Z,Kuurne-Brussel-Kuurne,ADDED,CRABBE Tom,rider/tom-crabbe
2026-03-28T12:57:57.719914Z,Bredene Koksijde Classic,ADDED,CRABBE Tom,rider/tom-crabbe
2026-03-28T12:57:57.719914Z,Ronde van Limburg,ADDED,CRABBE Tom,rider/tom-crabbe
2026-03-28T12:57:57.719914Z,In Flanders Fields,ADDED,CRABBE Tom,rider/tom-crabbe
2026-03-28T12:57:57.719914Z,Nokere Koerse,ADDED,CRABBE Tom,rider/tom-crabbe
2026-03-28T12:57:57.719914Z,Amstel Gold Race,ADDED,ERIKSSON Jacob,rider/jacob-eriksson
2026-03-28T12:57:57.719914Z,Milaan-Sanremo,ADDED,ERIKSSON Jacob,rider/jacob-eriksson
2026-03-28T12:57:57.719914Z,Kuurne-Brussel-Kuurne,ADDED,ZINGLE Axel,rider/axel-zingle
2026-03-28T12:57:57.719914Z,E3 Saxo Classic,ADDED,ZINGLE Axel,rider/axel-zingle
2026-03-28T12:57:57.719914Z,Omloop Nieuwsblad,ADDED,ZINGLE Axel,rider/axel-zingle
2026-03-28T12:57:57.719914Z,Amstel Gold Race,ADDED,ZINGLE Axel,rider/axel-zingle
2026-03-28T12:57:57.719914Z,Dwars door Vlaanderen,ADDED,ZINGLE Axel,rider/axel-zingle
2026-03-28T12:57:57.719914Z,Dwars door Vlaanderen,ADDED,PLANCKAERT Edward,rider/edward-planckaert
2026-03-28T12:57:57.719914Z,Strade Bianche,ADDED,PLANCKAERT Edward,rider/edward-planckaert
2026-03-28T12:57:57.719914Z,Kuurne-Brussel-Kuurne,ADDED,PLANCKAERT Edward,rider/edward-planckaert
2026-03-28T12:57:57.719914Z,E3 Saxo Classic,ADDED,PLANCKAERT Edward,rider/edward-planckaert
2026-03-28T12:57:57.719914Z,Milaan-Sanremo,ADDED,PLANCKAERT Edward,rider/edward-planckaert
2026-03-28T12:57:57.719914Z,Ronde van Vlaanderen,ADDED,PLANCKAERT Edward,rider/edward-planckaert
2026-03-28T12:57:57.719914Z,Omloop Nieuwsblad,ADDED,PLANCKAERT Edward,rider/edward-planckaert
2026-03-28T12:57:57.719914Z,Nokere Koerse,ADDED,PLANCKAERT Edward,rider/edward-planckaert
2026-03-28T12:57:57.719914Z,Samyn Classic,ADDED,UPTEGROVE Ed,rider/ed-uptegrove
2026-03-28T12:57:57.719914Z,E3 Saxo Classic,ADDED,TONEATTI Davide,rider/davide-toneatti
2026-03-28T12:57:57.719914Z,Ronde van Brugge,ADDED,TONEATTI Davide,rider/davide-toneatti
2026-03-28T12:57:57.719914Z,Amstel Gold Race,ADDED,TONEATTI Davide,rider/davide-toneatti
2026-03-28T12:57:57.719914Z,Dwars door Vlaanderen,ADDED,TONEATTI Davide,rider/davide-toneatti
2026-03-28T12:57:57.719914Z,Strade Bianche,ADDED,TONEATTI Davide,rider/davide-toneatti
2026-03-28T12:57:57.719914Z,Bredene Koksijde Classic,ADDED,WITHEN PHILIPSEN Albert,rider/albert-withen-philipsen
2026-03-28T12:57:57.719914Z,Ronde van Vlaanderen,ADDED,WITHEN PHILIPSEN Albert,rider/albert-withen-philipsen
2026-03-28T12:57:57.719914Z,Omloop Nieuwsblad,ADDED,WITHEN PHILIPSEN Albert,rider/albert-withen-philipsen
2026-03-28T12:57:57.719914Z,Nokere Koerse,ADDED,WITHEN PHILIPSEN Albert,rider/albert-withen-philipsen
2026-03-28T12:57:57.719914Z,Strade Bianche,ADDED,WITHEN PHILIPSEN Albert,rider/albert-withen-philipsen
2026-03-28T12:57:57.719914Z,Bredene Koksijde Classic,ADDED,MCGILL Scott,rider/scott-mcgill
2026-03-28T12:57:57.719914Z,Ronde van Limburg,ADDED,MCGILL Scott,rider/scott-mcgill
2026-03-28T12:57:57.719914Z,Scheldeprijs,ADDED,KROONEN Max,rider/max-kroonen
2026-03-28T12:57:57.719914Z,Bredene Koksijde Classic,ADDED,KROONEN Max,rider/max-kroonen
2026-03-28T12:57:57.719914Z,Brabantse Pijl,ADDED,KROONEN Max,rider/max-kroonen
2026-03-28T12:57:57.719914Z,Samyn Classic,ADDED,KROONEN Max,rider/max-kroonen
2026-03-28T12:57:57.719914Z,Kuurne-Brussel-Kuurne,ADDED,REX Laurenz,rider/laurenz-rex
2026-03-28T12:57:57.719914Z,Milaan-Sanremo,ADDED,REX Laurenz,rider/laurenz-rex
2026-03-28T12:57:57.719914Z,Ronde van Brugge,ADDED,REX Laurenz,rider/laurenz-rex
2026-03-28T12:57:57.719914Z,Ronde van Vlaanderen,ADDED,REX Laurenz,rider/laurenz-rex
2026-03-28T12:57:57.719914Z,In Flanders Fields,ADDED,REX Laurenz,rider/laurenz-rex
2026-03-28T12:57:57.719914Z,Parijs-Roubaix,ADDED,REX Laurenz,rider/laurenz-rex
2026-03-28T12:57:57.719914Z,Samyn Classic,ADDED,REX Laurenz,rider/laurenz-rex
2026-03-28T12:57:57.719914Z,Milaan-Sanremo,ADDED,PALETTI Luca,rider/luca-paletti
2026-03-28T12:57:57.719914Z,Strade Bianche,ADDED,PALETTI Luca,rider/luca-paletti
2026-03-28T12:57:57.719914Z,Strade Bianche,ADDED,ZANA Filippo,rider/filippo-zana
2026-03-28T12:57:57.719914Z,Milaan-Sanremo,ADDED,CÔTÉ Pier-André,rider/pier-andre-cote
2026-03-28T12:57:57.719914Z,Strade Bianche,ADDED,CÔTÉ Pier-André,rider/pier-andre-cote
2026-03-28T12:57:57.719914Z,Amstel Gold Race,ADDED,PRADES Eduard,rider/eduard-prades
2026-03-28T12:57:57.719914Z,Brabantse Pijl,ADDED,PRADES Eduard,rider/eduard-prades
2026-03-28T12:57:57.719914Z,Ronde van Limburg,ADDED,PRADES Eduard,rider/eduard-prades
2026-03-28T12:57:57.719914Z,E3 Saxo Classic,ADDED,JOHANNINK Jelle,rider/jelle-johannink
2026-03-28T12:57:57.719914Z,Milaan-Sanremo,ADDED,JOHANNINK Jelle,rider/jelle-johannink
2026-03-28T12:57:57.719914Z,Amstel Gold Race,ADDED,JOHANNINK Jelle,rider/jelle-johannink
2026-03-28T12:57:57.719914Z,Brabantse Pijl,ADDED,JOHANNINK Jelle,rider/jelle-johannink
2026-03-28T12:57:57.719914Z,Strade Bianche,ADDED,JOHANNINK Jelle,rider/jelle-johannink
2026-03-28T12:57:57.719914Z,Omloop Nieuwsblad,ADDED,STANNARD Robert,rider/robert-stannard
2026-03-28T12:57:57.719914Z,Samyn Classic,ADDED,STANNARD Robert,rider/robert-stannard
2026-03-28T12:57:57.719914Z,Kuurne-Brussel-Kuurne,ADDED,TOWNSEND Rory,rider/rory-townsend
2026-03-28T12:57:57.719914Z,Ronde van Limburg,ADDED,BABOVICH Mikita,rider/mikita-babovich
2026-03-28T12:57:57.719914Z,Scheldeprijs,ADDED,SUNEKÆR NORSGAARD Mathias,rider/mathias-norsgaard
2026-03-28T12:57:57.719914Z,Ronde van Brugge,ADDED,SUNEKÆR NORSGAARD Mathias,rider/mathias-norsgaard
2026-03-28T12:57:57.719914Z,Dwars door Vlaanderen,ADDED,SUNEKÆR NORSGAARD Mathias,rider/mathias-norsgaard
2026-03-28T12:57:57.719914Z,Kuurne-Brussel-Kuurne,ADDED,SUNEKÆR NORSGAARD Mathias,rider/mathias-norsgaard
2026-03-28T12:57:57.719914Z,E3 Saxo Classic,ADDED,SUNEKÆR NORSGAARD Mathias,rider/mathias-norsgaard
2026-03-28T12:57:57.719914Z,Ronde van Limburg,ADDED,SUNEKÆR NORSGAARD Mathias,rider/mathias-norsgaard
2026-03-28T12:57:57.719914Z,Milaan-Sanremo,ADDED,SUNEKÆR NORSGAARD Mathias,rider/mathias-norsgaard
2026-03-28T12:57:57.719914Z,Ronde van Vlaanderen,ADDED,SUNEKÆR NORSGAARD Mathias,rider/mathias-norsgaard
2026-03-28T12:57:57.719914Z,In Flanders Fields,ADDED,SUNEKÆR NORSGAARD Mathias,rider/mathias-norsgaard
2026-03-28T12:57:57.719914Z,Parijs-Roubaix,ADDED,SUNEKÆR NORSGAARD Mathias,rider/mathias-norsgaard
2026-03-28T12:57:57.719914Z,Samyn Classic,ADDED,ÅRNES Daniel,rider/daniel-arnes
2026-03-28T12:57:57.719914Z,Amstel Gold Race,ADDED,VENDRAME Andrea,rider/andrea-vendrame
2026-03-28T12:57:57.719914Z,Milaan-Sanremo,ADDED,VENDRAME Andrea,rider/andrea-vendrame
2026-03-28T12:57:57.719914Z,Strade Bianche,ADDED,VENDRAME Andrea,rider/andrea-vendrame
2026-03-28T12:57:57.719914Z,Ronde van Brugge,ADDED,TESSON Jason,rider/jason-tesson
2026-03-28T12:57:57.719914Z,Bredene Koksijde Classic,ADDED,TESSON Jason,rider/jason-tesson
2026-03-28T12:57:57.719914Z,Nokere Koerse,ADDED,TESSON Jason,rider/jason-tesson
2026-03-28T12:57:57.719914Z,Samyn Classic,ADDED,TESSON Jason,rider/jason-tesson
2026-03-28T12:57:57.719914Z,Kuurne-Brussel-Kuurne,ADDED,PLUIMERS Rick,rider/rick-pluimers
2026-03-28T12:57:57.719914Z,E3 Saxo Classic,ADDED,PLUIMERS Rick,rider/rick-pluimers
2026-03-28T12:57:57.719914Z,Omloop Nieuwsblad,ADDED,PLUIMERS Rick,rider/rick-pluimers
2026-03-28T12:57:57.719914Z,Milaan-Sanremo,ADDED,PLUIMERS Rick,rider/rick-pluimers
2026-03-28T12:57:57.719914Z,Ronde van Vlaanderen,ADDED,PLUIMERS Rick,rider/rick-pluimers
2026-03-28T12:57:57.719914Z,Amstel Gold Race,ADDED,PLUIMERS Rick,rider/rick-pluimers
2026-03-28T12:57:57.719914Z,Dwars door Vlaanderen,ADDED,PLUIMERS Rick,rider/rick-pluimers
2026-03-28T12:57:57.719914Z,Strade Bianche,ADDED,IACCHI Alessandro,rider/alessandro-iacchi
2026-03-28T12:57:57.719914Z,Amstel Gold Race,ADDED,DE PRETTO Davide,rider/davide-de-pretto
2026-03-28T12:57:57.719914Z,Brabantse Pijl,ADDED,DE PRETTO Davide,rider/davide-de-pretto
2026-03-28T12:57:57.719914Z,Strade Bianche,ADDED,DE PRETTO Davide,rider/davide-de-pretto
2026-03-28T12:57:57.719914Z,Ronde van Limburg,ADDED,AMBROSINI Matteo,rider/matteo-ambrosini
2026-03-28T12:57:57.719914Z,Ronde van Brugge,ADDED,RENARD-HAQUIN Henri-François,rider/henri-francois-renard-haquin
2026-03-28T12:57:57.719914Z,Dwars door Vlaanderen,ADDED,RENARD-HAQUIN Henri-François,rider/henri-francois-renard-haquin
2026-03-28T12:57:57.719914Z,E3 Saxo Classic,ADDED,RENARD-HAQUIN Henri-François,rider/henri-francois-renard-haquin
2026-03-28T12:57:57.719914Z,Bredene Koksijde Classic,ADDED,RENARD-HAQUIN Henri-François,rider/henri-francois-renard-haquin
2026-03-28T12:57:57.719914Z,Ronde van Vlaanderen,ADDED,RENARD-HAQUIN Henri-François,rider/henri-francois-renard-haquin
2026-03-28T12:57:57.719914Z,Omloop Nieuwsblad,ADDED,RENARD-HAQUIN Henri-François,rider/henri-francois-renard-haquin
2026-03-28T12:57:57.719914Z,Nokere Koerse,ADDED,RENARD-HAQUIN Henri-François,rider/henri-francois-renard-haquin
2026-03-28T12:57:57.719914Z,Samyn Classic,ADDED,RENARD-HAQUIN Henri-François,rider/henri-francois-renard-haquin
2026-03-28T12:57:57.719914Z,Ronde van Brugge,ADDED,HONORÉ Mikkel Frølich,rider/mikkel-honore
2026-03-28T12:57:57.719914Z,Amstel Gold Race,ADDED,HONORÉ Mikkel Frølich,rider/mikkel-honore
2026-03-28T12:57:57.719914Z,Dwars door Vlaanderen,ADDED,HONORÉ Mikkel Frølich,rider/mikkel-honore
2026-03-28T12:57:57.719914Z,Strade Bianche,ADDED,HONORÉ Mikkel Frølich,rider/mikkel-honore
2026-03-28T12:57:57.719914Z,Kuurne-Brussel-Kuurne,ADDED,HONORÉ Mikkel Frølich,rider/mikkel-honore
2026-03-28T12:57:57.719914Z,E3 Saxo Classic,ADDED,HONORÉ Mikkel Frølich,rider/mikkel-honore
2026-03-28T12:57:57.719914Z,Milaan-Sanremo,ADDED,HONORÉ Mikkel Frølich,rider/mikkel-honore
2026-03-28T12:57:57.719914Z,In Flanders Fields,ADDED,HONORÉ Mikkel Frølich,rider/mikkel-honore
2026-03-28T12:57:57.719914Z,Ronde van Vlaanderen,ADDED,HONORÉ Mikkel Frølich,rider/mikkel-honore
2026-03-28T12:57:57.719914Z,Omloop Nieuwsblad,ADDED,HONORÉ Mikkel Frølich,rider/mikkel-honore
2026-03-28T12:57:57.719914Z,Luik-Bastenaken-Luik,ADDED,HONORÉ Mikkel Frølich,rider/mikkel-honore
2026-03-28T12:57:57.719914Z,Brabantse Pijl,ADDED,HONORÉ Mikkel Frølich,rider/mikkel-honore
2026-03-28T12:57:57.719914Z,Kuurne-Brussel-Kuurne,ADDED,BITTNER Pavel,rider/pavel-bittner
2026-03-28T12:57:57.719914Z,Ronde van Brugge,ADDED,BITTNER Pavel,rider/pavel-bittner
2026-03-28T12:57:57.719914Z,Bredene Koksijde Classic,ADDED,BITTNER Pavel,rider/pavel-bittner
2026-03-28T12:57:57.719914Z,In Flanders Fields,ADDED,BITTNER Pavel,rider/pavel-bittner
2026-03-28T12:57:57.719914Z,Parijs-Roubaix,ADDED,BITTNER Pavel,rider/pavel-bittner
2026-03-28T12:57:57.719914Z,Amstel Gold Race,ADDED,NERURKAR Lukas,rider/lukas-nerurkar
2026-03-28T12:57:57.719914Z,Brabantse Pijl,ADDED,NERURKAR Lukas,rider/lukas-nerurkar
2026-03-28T12:57:57.719914Z,Strade Bianche,ADDED,NERURKAR Lukas,rider/lukas-nerurkar
2026-03-28T12:57:57.719914Z,Scheldeprijs,ADDED,BALLERSTEDT Maurice,rider/maurice-ballerstedt
2026-03-28T12:57:57.719914Z,Dwars door Vlaanderen,ADDED,BALLERSTEDT Maurice,rider/maurice-ballerstedt
2026-03-28T12:57:57.719914Z,Samyn Classic,ADDED,ROUILLER Loris,rider/loris-rouiller
2026-03-28T12:57:57.719914Z,Amstel Gold Race,ADDED,COSTIOU Ewen,rider/ewen-costiou
2026-03-28T12:57:57.719914Z,Luik-Bastenaken-Luik,ADDED,COSTIOU Ewen,rider/ewen-costiou
2026-03-28T12:57:57.719914Z,Brabantse Pijl,ADDED,COSTIOU Ewen,rider/ewen-costiou
2026-03-28T12:57:57.719914Z,Waalse Pijl,ADDED,COSTIOU Ewen,rider/ewen-costiou
2026-03-28T12:57:57.719914Z,Waalse Pijl,ADDED,SEIXAS Paul,rider/paul-seixas
2026-03-28T12:57:57.719914Z,Luik-Bastenaken-Luik,ADDED,SEIXAS Paul,rider/paul-seixas
2026-03-28T12:57:57.719914Z,Strade Bianche,ADDED,SEIXAS Paul,rider/paul-seixas
2026-03-28T12:57:57.719914Z,Ronde van Vlaanderen,ADDED,LAMPAERT Yves,rider/yves-lampaert
2026-03-28T12:57:57.719914Z,Ronde van Brugge,ADDED,LAMPAERT Yves,rider/yves-lampaert
2026-03-28T12:57:57.719914Z,Dwars door Vlaanderen,ADDED,LAMPAERT Yves,rider/yves-lampaert
2026-03-28T12:57:57.719914Z,Kuurne-Brussel-Kuurne,ADDED,LAMPAERT Yves,rider/yves-lampaert
2026-03-28T12:57:57.719914Z,Bredene Koksijde Classic,ADDED,LAMPAERT Yves,rider/yves-lampaert
2026-03-28T12:57:57.719914Z,In Flanders Fields,ADDED,LAMPAERT Yves,rider/yves-lampaert
2026-03-28T12:57:57.719914Z,Omloop Nieuwsblad,ADDED,LAMPAERT Yves,rider/yves-lampaert
2026-03-28T12:57:57.719914Z,Nokere Koerse,ADDED,LAMPAERT Yves,rider/yves-lampaert
2026-03-28T12:57:57.719914Z,Parijs-Roubaix,ADDED,LAMPAERT Yves,rider/yves-lampaert
2026-03-28T12:57:57.719914Z,Brabantse Pijl,ADDED,TEUGELS Lennert,rider/lennert-teugels
2026-03-28T12:57:57.719914Z,Scheldeprijs,ADDED,GRADEK Kamil,rider/kamil-gradek
2026-03-28T12:57:57.719914Z,Ronde van Brugge,ADDED,GRADEK Kamil,rider/kamil-gradek
2026-03-28T12:57:57.719914Z,Dwars door Vlaanderen,ADDED,GRADEK Kamil,rider/kamil-gradek
2026-03-28T12:57:57.719914Z,Kuurne-Brussel-Kuurne,ADDED,GRADEK Kamil,rider/kamil-gradek
2026-03-28T12:57:57.719914Z,E3 Saxo Classic,ADDED,GRADEK Kamil,rider/kamil-gradek
2026-03-28T12:57:57.719914Z,In Flanders Fields,ADDED,GRADEK Kamil,rider/kamil-gradek
2026-03-28T12:57:57.719914Z,Ronde van Vlaanderen,ADDED,GRADEK Kamil,rider/kamil-gradek
2026-03-28T12:57:57.719914Z,Omloop Nieuwsblad,ADDED,GRADEK Kamil,rider/kamil-gradek
2026-03-28T12:57:57.719914Z,Kuurne-Brussel-Kuurne,ADDED,GOVEKAR Matevž,rider/matevz-govekar
2026-03-28T12:57:57.719914Z,Nokere Koerse,ADDED,GOVEKAR Matevž,rider/matevz-govekar
2026-03-28T12:57:57.719914Z,Samyn Classic,ADDED,GOVEKAR Matevž,rider/matevz-govekar
2026-03-28T12:57:57.719914Z,Ronde van Vlaanderen,ADDED,GOVEKAR Matevž,rider/matevz-govekar
2026-03-28T12:57:57.719914Z,Kuurne-Brussel-Kuurne,ADDED,ÁLVAREZ Héctor,rider/hector-alvarez-martinez
2026-03-28T12:57:57.719914Z,Scheldeprijs,ADDED,ÁLVAREZ Héctor,rider/hector-alvarez-martinez
2026-03-28T12:57:57.719914Z,Bredene Koksijde Classic,ADDED,ÁLVAREZ Héctor,rider/hector-alvarez-martinez
2026-03-28T12:57:57.719914Z,Amstel Gold Race,ADDED,GARCÍA PIERNA Raúl,rider/raul-garcia-pierna
2026-03-28T12:57:57.719914Z,Milaan-Sanremo,ADDED,TAROZZI Manuele,rider/manuele-tarozzi
2026-03-28T12:57:57.719914Z,Kuurne-Brussel-Kuurne,ADDED,SLOCK Liam,rider/liam-slock
2026-03-28T12:57:57.719914Z,Milaan-Sanremo,ADDED,SLOCK Liam,rider/liam-slock
2026-03-28T12:57:57.719914Z,Strade Bianche,ADDED,SLOCK Liam,rider/liam-slock
2026-03-28T12:57:57.719914Z,Scheldeprijs,ADDED,KMÍNEK Vojtěch,rider/vojtech-kminek
2026-03-28T12:57:57.719914Z,Ronde van Brugge,ADDED,KMÍNEK Vojtěch,rider/vojtech-kminek
2026-03-28T12:57:57.719914Z,Dwars door Vlaanderen,ADDED,KMÍNEK Vojtěch,rider/vojtech-kminek
2026-03-28T12:57:57.719914Z,Kuurne-Brussel-Kuurne,ADDED,KMÍNEK Vojtěch,rider/vojtech-kminek
2026-03-28T12:57:57.719914Z,E3 Saxo Classic,ADDED,KMÍNEK Vojtěch,rider/vojtech-kminek
2026-03-28T12:57:57.719914Z,Ronde van Limburg,ADDED,KMÍNEK Vojtěch,rider/vojtech-kminek
2026-03-28T12:57:57.719914Z,Omloop Nieuwsblad,ADDED,KMÍNEK Vojtěch,rider/vojtech-kminek
2026-03-28T12:57:57.719914Z,Brabantse Pijl,ADDED,KMÍNEK Vojtěch,rider/vojtech-kminek
2026-03-28T12:57:57.719914Z,Ronde van Brugge,ADDED,GIDDINGS Joshua,rider/joshua-giddings
2026-03-28T12:57:57.719914Z,Scheldeprijs,ADDED,GIDDINGS Joshua,rider/joshua-giddings
2026-03-28T12:57:57.719914Z,Nokere Koerse,ADDED,GIDDINGS Joshua,rider/joshua-giddings
2026-03-28T12:57:57.719914Z,Bredene Koksijde Classic,ADDED,GIDDINGS Joshua,rider/joshua-giddings
2026-03-28T12:57:57.719914Z,Ronde van Vlaanderen,ADDED,DE GENDT Aimé,rider/aime-de-gendt
2026-03-28T12:57:57.719914Z,Scheldeprijs,ADDED,DE GENDT Aimé,rider/aime-de-gendt
2026-03-28T12:57:57.719914Z,Dwars door Vlaanderen,ADDED,DE GENDT Aimé,rider/aime-de-gendt
2026-03-28T12:57:57.719914Z,Kuurne-Brussel-Kuurne,ADDED,DE GENDT Aimé,rider/aime-de-gendt
2026-03-28T12:57:57.719914Z,E3 Saxo Classic,ADDED,DE GENDT Aimé,rider/aime-de-gendt
2026-03-28T12:57:57.719914Z,Bredene Koksijde Classic,ADDED,DE GENDT Aimé,rider/aime-de-gendt
2026-03-28T12:57:57.719914Z,In Flanders Fields,ADDED,DE GENDT Aimé,rider/aime-de-gendt
2026-03-28T12:57:57.719914Z,Omloop Nieuwsblad,ADDED,DE GENDT Aimé,rider/aime-de-gendt
2026-03-28T12:57:57.719914Z,Nokere Koerse,ADDED,DE GENDT Aimé,rider/aime-de-gendt
2026-03-28T12:57:57.719914Z,Samyn Classic,ADDED,KERCKHAERT Jochem,rider/jochem-kerckhaert
2026-03-28T12:57:57.719914Z,Brabantse Pijl,ADDED,KERCKHAERT Jochem,rider/jochem-kerckhaert
2026-03-28T12:57:57.719914Z,Bredene Koksijde Classic,ADDED,KERCKHAERT Jochem,rider/jochem-kerckhaert
2026-03-28T12:57:57.719914Z,Amstel Gold Race,ADDED,GERMANI Lorenzo,rider/lorenzo-germani
2026-03-28T12:57:57.719914Z,Brabantse Pijl,ADDED,GERMANI Lorenzo,rider/lorenzo-germani
2026-03-28T12:57:57.719914Z,Strade Bianche,ADDED,GERMANI Lorenzo,rider/lorenzo-germani
2026-03-28T12:57:57.719914Z,Milaan-Sanremo,ADDED,TURCONI Filippo,rider/filippo-turconi
2026-03-28T12:57:57.719914Z,Strade Bianche,ADDED,TURCONI Filippo,rider/filippo-turconi
2026-03-28T12:57:57.719914Z,Ronde van Vlaanderen,ADDED,WATSON Samuel,rider/samuel-watson
2026-03-28T12:57:57.719914Z,E3 Saxo Classic,ADDED,WATSON Samuel,rider/samuel-watson
2026-03-28T12:57:57.719914Z,Omloop Nieuwsblad,ADDED,WATSON Samuel,rider/samuel-watson
2026-03-28T12:57:57.719914Z,Ronde van Brugge,ADDED,WATSON Samuel,rider/samuel-watson
2026-03-28T12:57:57.719914Z,In Flanders Fields,ADDED,WATSON Samuel,rider/samuel-watson
2026-03-28T12:57:57.719914Z,Amstel Gold Race,ADDED,WATSON Samuel,rider/samuel-watson
2026-03-28T12:57:57.719914Z,Dwars door Vlaanderen,ADDED,WATSON Samuel,rider/samuel-watson
2026-03-28T12:57:57.719914Z,Kuurne-Brussel-Kuurne,ADDED,GIRMAY Biniam,rider/biniam-girmay
2026-03-28T12:57:57.719914Z,E3 Saxo Classic,ADDED,GIRMAY Biniam,rider/biniam-girmay
2026-03-28T12:57:57.719914Z,Omloop Nieuwsblad,ADDED,GIRMAY Biniam,rider/biniam-girmay
2026-03-28T12:57:57.719914Z,Milaan-Sanremo,ADDED,GIRMAY Biniam,rider/biniam-girmay
2026-03-28T12:57:57.719914Z,Ronde van Vlaanderen,ADDED,GIRMAY Biniam,rider/biniam-girmay
2026-03-28T12:57:57.719914Z,In Flanders Fields,ADDED,GIRMAY Biniam,rider/biniam-girmay
2026-03-28T12:57:57.719914Z,Dwars door Vlaanderen,ADDED,GIRMAY Biniam,rider/biniam-girmay
2026-03-28T12:57:57.719914Z,E3 Saxo Classic,ADDED,GELEIJN Owen,rider/owen-geleijn
2026-03-28T12:57:57.719914Z,Strade Bianche,ADDED,GELEIJN Owen,rider/owen-geleijn
2026-03-28T12:57:57.719914Z,Milaan-Sanremo,ADDED,IZQUIERDO Clément,rider/clement-izquierdo
2026-03-28T12:57:57.719914Z,Brabantse Pijl,ADDED,IZQUIERDO Clément,rider/clement-izquierdo
2026-03-28T12:57:57.719914Z,Ronde van Limburg,ADDED,IZQUIERDO Clément,rider/clement-izquierdo
2026-03-28T12:57:57.719914Z,Scheldeprijs,ADDED,SIERRA Juan David,rider/juan-david-sierra
2026-03-28T12:57:57.719914Z,Scheldeprijs,ADDED,MENTEN Milan,rider/milan-menten
2026-03-28T12:57:57.719914Z,Nokere Koerse,ADDED,MENTEN Milan,rider/milan-menten
2026-03-28T12:57:57.719914Z,Brabantse Pijl,ADDED,MENTEN Milan,rider/milan-menten
2026-03-28T12:57:57.719914Z,Ronde van Limburg,ADDED,MENTEN Milan,rider/milan-menten
2026-03-28T12:57:57.719914Z,Amstel Gold Race,ADDED,LAPORTE Christophe,rider/christophe-laporte
2026-03-28T12:57:57.719914Z,Dwars door Vlaanderen,ADDED,LAPORTE Christophe,rider/christophe-laporte
2026-03-28T12:57:57.719914Z,Kuurne-Brussel-Kuurne,ADDED,LAPORTE Christophe,rider/christophe-laporte
2026-03-28T12:57:57.719914Z,E3 Saxo Classic,ADDED,LAPORTE Christophe,rider/christophe-laporte
2026-03-28T12:57:57.719914Z,Milaan-Sanremo,ADDED,LAPORTE Christophe,rider/christophe-laporte
2026-03-28T12:57:57.719914Z,In Flanders Fields,ADDED,LAPORTE Christophe,rider/christophe-laporte
2026-03-28T12:57:57.719914Z,Ronde van Vlaanderen,ADDED,LAPORTE Christophe,rider/christophe-laporte
2026-03-28T12:57:57.719914Z,Omloop Nieuwsblad,ADDED,LAPORTE Christophe,rider/christophe-laporte
2026-03-28T12:57:57.719914Z,Parijs-Roubaix,ADDED,LAPORTE Christophe,rider/christophe-laporte
2026-03-28T12:57:57.719914Z,Samyn Classic,ADDED,LAPORTE Christophe,rider/christophe-laporte
2026-03-28T12:57:57.719914Z,Ronde van Limburg,ADDED,WEIERINK Jelle,rider/jelle-weierink
2026-03-28T12:57:57.719914Z,Kuurne-Brussel-Kuurne,ADDED,TRENTIN Matteo,rider/matteo-trentin
2026-03-28T12:57:57.719914Z,E3 Saxo Classic,ADDED,TRENTIN Matteo,rider/matteo-trentin
2026-03-28T12:57:57.719914Z,Omloop Nieuwsblad,ADDED,TRENTIN Matteo,rider/matteo-trentin
2026-03-28T12:57:57.719914Z,Milaan-Sanremo,ADDED,TRENTIN Matteo,rider/matteo-trentin
2026-03-28T12:57:57.719914Z,Ronde van Vlaanderen,ADDED,TRENTIN Matteo,rider/matteo-trentin
2026-03-28T12:57:57.719914Z,In Flanders Fields,ADDED,TRENTIN Matteo,rider/matteo-trentin
2026-03-28T12:57:57.719914Z,Kuurne-Brussel-Kuurne,ADDED,VAN LERBERGHE Bert,rider/bert-van-lerberghe
2026-03-28T12:57:57.719914Z,Scheldeprijs,ADDED,VAN LERBERGHE Bert,rider/bert-van-lerberghe
2026-03-28T12:57:57.719914Z,Ronde van Brugge,ADDED,VAN LERBERGHE Bert,rider/bert-van-lerberghe
2026-03-28T12:57:57.719914Z,In Flanders Fields,ADDED,VAN LERBERGHE Bert,rider/bert-van-lerberghe
2026-03-28T12:57:57.719914Z,Samyn Classic,ADDED,VAN LERBERGHE Bert,rider/bert-van-lerberghe
2026-03-28T12:57:57.719914Z,Kuurne-Brussel-Kuurne,ADDED,GEENS Jonas,rider/jonas-geens
2026-03-28T12:57:57.719914Z,Scheldeprijs,ADDED,GEENS Jonas,rider/jonas-geens
2026-03-28T12:57:57.719914Z,Ronde van Brugge,ADDED,GEENS Jonas,rider/jonas-geens
2026-03-28T12:57:57.719914Z,In Flanders Fields,ADDED,GEENS Jonas,rider/jonas-geens
2026-03-28T12:57:57.719914Z,Samyn Classic,ADDED,GEENS Jonas,rider/jonas-geens
2026-03-28T12:57:57.719914Z,E3 Saxo Classic,ADDED,FEDOROV Yevgeniy,rider/yevgeniy-fedorov
2026-03-28T12:57:57.719914Z,Milaan-Sanremo,ADDED,FEDOROV Yevgeniy,rider/yevgeniy-fedorov
2026-03-28T12:57:57.719914Z,Ronde van Brugge,ADDED,FEDOROV Yevgeniy,rider/yevgeniy-fedorov
2026-03-28T12:57:57.719914Z,Ronde van Vlaanderen,ADDED,FEDOROV Yevgeniy,rider/yevgeniy-fedorov
2026-03-28T12:57:57.719914Z,In Flanders Fields,ADDED,FEDOROV Yevgeniy,rider/yevgeniy-fedorov
2026-03-28T12:57:57.719914Z,Amstel Gold Race,ADDED,POLLEFLIET Gianluca,rider/gianluca-pollefliet
2026-03-28T12:57:57.719914Z,Ronde van Brugge,ADDED,POLLEFLIET Gianluca,rider/gianluca-pollefliet
2026-03-28T12:57:57.719914Z,Milaan-Sanremo,ADDED,COLNAGHI Luca,rider/luca-colnaghi
2026-03-28T12:57:57.719914Z,Kuurne-Brussel-Kuurne,ADDED,ALLEGAERT Piet,rider/piet-allegaert
2026-03-28T12:57:57.719914Z,Scheldeprijs,ADDED,ALLEGAERT Piet,rider/piet-allegaert
2026-03-28T12:57:57.719914Z,Omloop Nieuwsblad,ADDED,ALLEGAERT Piet,rider/piet-allegaert
2026-03-28T12:57:57.719914Z,Ronde van Vlaanderen,ADDED,ALLEGAERT Piet,rider/piet-allegaert
2026-03-28T12:57:57.719914Z,In Flanders Fields,ADDED,ALLEGAERT Piet,rider/piet-allegaert
2026-03-28T12:57:57.719914Z,Nokere Koerse,ADDED,ALLEGAERT Piet,rider/piet-allegaert
2026-03-28T12:57:57.719914Z,Dwars door Vlaanderen,ADDED,ALLEGAERT Piet,rider/piet-allegaert
2026-03-28T12:57:57.719914Z,Bredene Koksijde Classic,ADDED,DISSEL Bram,rider/bram-dissel
2026-03-28T12:57:57.719914Z,Ronde van Limburg,ADDED,DISSEL Bram,rider/bram-dissel
2026-03-28T12:57:57.719914Z,E3 Saxo Classic,ADDED,LANHOVE Milan,rider/milan-lanhove
2026-03-28T12:57:57.719914Z,Omloop Nieuwsblad,ADDED,LANHOVE Milan,rider/milan-lanhove
2026-03-28T12:57:57.719914Z,Ronde van Vlaanderen,ADDED,LANHOVE Milan,rider/milan-lanhove
2026-03-28T12:57:57.719914Z,Amstel Gold Race,ADDED,LANHOVE Milan,rider/milan-lanhove
2026-03-28T12:57:57.719914Z,Nokere Koerse,ADDED,LANHOVE Milan,rider/milan-lanhove
2026-03-28T12:57:57.719914Z,Brabantse Pijl,ADDED,LANHOVE Milan,rider/milan-lanhove
2026-03-28T12:57:57.719914Z,Strade Bianche,ADDED,WARBASSE Larry,rider/lawrence-warbasse
2026-03-28T12:57:57.719914Z,Ronde van Vlaanderen,ADDED,DE BONDT Dries,rider/dries-de-bondt
2026-03-28T12:57:57.719914Z,Dwars door Vlaanderen,ADDED,DE BONDT Dries,rider/dries-de-bondt
2026-03-28T12:57:57.719914Z,Strade Bianche,ADDED,DE BONDT Dries,rider/dries-de-bondt
2026-03-28T12:57:57.719914Z,Kuurne-Brussel-Kuurne,ADDED,DE BONDT Dries,rider/dries-de-bondt
2026-03-28T12:57:57.719914Z,E3 Saxo Classic,ADDED,DE BONDT Dries,rider/dries-de-bondt
2026-03-28T12:57:57.719914Z,Ronde van Limburg,ADDED,DE BONDT Dries,rider/dries-de-bondt
2026-03-28T12:57:57.719914Z,Bredene Koksijde Classic,ADDED,DE BONDT Dries,rider/dries-de-bondt
2026-03-28T12:57:57.719914Z,In Flanders Fields,ADDED,DE BONDT Dries,rider/dries-de-bondt
2026-03-28T12:57:57.719914Z,Omloop Nieuwsblad,ADDED,DE BONDT Dries,rider/dries-de-bondt
2026-03-28T12:57:57.719914Z,Parijs-Roubaix,ADDED,DE BONDT Dries,rider/dries-de-bondt
2026-03-28T12:57:57.719914Z,Scheldeprijs,ADDED,WATTS Kiaan,rider/kiaan-watts
2026-03-28T12:57:57.719914Z,Nokere Koerse,ADDED,WATTS Kiaan,rider/kiaan-watts
2026-03-28T12:57:57.719914Z,Samyn Classic,ADDED,WATTS Kiaan,rider/kiaan-watts
2026-03-28T12:57:57.719914Z,Ronde van Limburg,ADDED,WATTS Kiaan,rider/kiaan-watts
2026-03-28T12:57:57.719914Z,Amstel Gold Race,ADDED,HOLTER Ådne,rider/adne-holter
2026-03-28T12:57:57.719914Z,Milaan-Sanremo,ADDED,HOLTER Ådne,rider/adne-holter
2026-03-28T12:57:57.719914Z,Brabantse Pijl,ADDED,HOLTER Ådne,rider/adne-holter
2026-03-28T12:57:57.719914Z,Strade Bianche,ADDED,HOLTER Ådne,rider/adne-holter
2026-03-28T12:57:57.719914Z,Kuurne-Brussel-Kuurne,ADDED,JEANNIÈRE Emilien,rider/emilien-jeanniere
2026-03-28T12:57:57.719914Z,Scheldeprijs,ADDED,JEANNIÈRE Emilien,rider/emilien-jeanniere
2026-03-28T12:57:57.719914Z,Ronde van Brugge,ADDED,JEANNIÈRE Emilien,rider/emilien-jeanniere
2026-03-28T12:57:57.719914Z,Bredene Koksijde Classic,ADDED,JEANNIÈRE Emilien,rider/emilien-jeanniere
2026-03-28T12:57:57.719914Z,In Flanders Fields,ADDED,JEANNIÈRE Emilien,rider/emilien-jeanniere
2026-03-28T12:57:57.719914Z,Nokere Koerse,ADDED,JEANNIÈRE Emilien,rider/emilien-jeanniere
2026-03-28T12:57:57.719914Z,Amstel Gold Race,ADDED,SCARONI Christian,rider/christian-scaroni
2026-03-28T12:57:57.719914Z,Luik-Bastenaken-Luik,ADDED,SCARONI Christian,rider/christian-scaroni
2026-03-28T12:57:57.719914Z,Waalse Pijl,ADDED,SCARONI Christian,rider/christian-scaroni
2026-03-28T12:57:57.719914Z,Scheldeprijs,ADDED,VAN PETEGEM Axandre,rider/axandre-van-petegem
2026-03-28T12:57:57.719914Z,Brabantse Pijl,ADDED,VAN PETEGEM Axandre,rider/axandre-van-petegem
2026-03-28T12:57:57.719914Z,Samyn Classic,ADDED,VAN PETEGEM Axandre,rider/axandre-van-petegem
2026-03-28T12:57:57.719914Z,Samyn Classic,ADDED,RIGOLE Brian,rider/brian-rigole
2026-03-28T12:57:57.719914Z,Amstel Gold Race,ADDED,GENIETS Kevin,rider/kevin-geniets
2026-03-28T12:57:57.719914Z,Milaan-Sanremo,ADDED,GENIETS Kevin,rider/kevin-geniets
2026-03-28T12:57:57.719914Z,Brabantse Pijl,ADDED,GENIETS Kevin,rider/kevin-geniets
2026-03-28T12:57:57.719914Z,Strade Bianche,ADDED,GENIETS Kevin,rider/kevin-geniets
2026-03-28T12:57:57.719914Z,Samyn Classic,ADDED,STAES Gibbe,rider/gibbe-staes
2026-03-28T12:57:57.719914Z,Nokere Koerse,ADDED,EGHOLM Kristian,rider/kristian-egholm1
2026-03-28T12:57:57.719914Z,Amstel Gold Race,ADDED,AERTS Toon,rider/toon-aerts
2026-03-28T12:57:57.719914Z,Parijs-Roubaix,ADDED,AERTS Toon,rider/toon-aerts
2026-03-28T12:57:57.719914Z,Brabantse Pijl,ADDED,AERTS Toon,rider/toon-aerts
2026-03-28T12:57:57.719914Z,Ronde van Vlaanderen,ADDED,AERTS Toon,rider/toon-aerts
2026-03-28T12:57:57.719914Z,Samyn Classic,ADDED,WOETS Mattanja,rider/mattanja-woets
2026-03-28T12:57:57.719914Z,Strade Bianche,ADDED,NESPOLI Lorenzo,rider/lorenzo-nespoli
2026-03-28T12:57:57.719914Z,Milaan-Sanremo,ADDED,LOZANO David,rider/david-lozano
2026-03-28T12:57:57.719914Z,Ronde van Vlaanderen,ADDED,LIVYNS Arjen,rider/arjen-livyns
2026-03-28T12:57:57.719914Z,Ronde van Brugge,ADDED,LIVYNS Arjen,rider/arjen-livyns
2026-03-28T12:57:57.719914Z,Dwars door Vlaanderen,ADDED,LIVYNS Arjen,rider/arjen-livyns
2026-03-28T12:57:57.719914Z,E3 Saxo Classic,ADDED,LIVYNS Arjen,rider/arjen-livyns
2026-03-28T12:57:57.719914Z,Bredene Koksijde Classic,ADDED,LIVYNS Arjen,rider/arjen-livyns
2026-03-28T12:57:57.719914Z,In Flanders Fields,ADDED,LIVYNS Arjen,rider/arjen-livyns
2026-03-28T12:57:57.719914Z,Omloop Nieuwsblad,ADDED,LIVYNS Arjen,rider/arjen-livyns
2026-03-28T12:57:57.719914Z,Nokere Koerse,ADDED,LIVYNS Arjen,rider/arjen-livyns
2026-03-28T12:57:57.719914Z,Amstel Gold Race,ADDED,DINHAM Matthew,rider/matthew-dinham
2026-03-28T12:57:57.719914Z,Milaan-Sanremo,ADDED,DINHAM Matthew,rider/matthew-dinham
2026-03-28T12:57:57.719914Z,Strade Bianche,ADDED,DINHAM Matthew,rider/matthew-dinham
2026-03-28T12:57:57.719914Z,Scheldeprijs,ADDED,VAN SINTMAARTENSDIJK Roel,rider/roel-van-sintmaartensdijk
2026-03-28T12:57:57.719914Z,E3 Saxo Classic,ADDED,VAN SINTMAARTENSDIJK Roel,rider/roel-van-sintmaartensdijk
2026-03-28T12:57:57.719914Z,Ronde van Brugge,ADDED,VAN SINTMAARTENSDIJK Roel,rider/roel-van-sintmaartensdijk
2026-03-28T12:57:57.719914Z,Bredene Koksijde Classic,ADDED,VAN SINTMAARTENSDIJK Roel,rider/roel-van-sintmaartensdijk
2026-03-28T12:57:57.719914Z,Omloop Nieuwsblad,ADDED,VAN SINTMAARTENSDIJK Roel,rider/roel-van-sintmaartensdijk
2026-03-28T12:57:57.719914Z,Nokere Koerse,ADDED,VAN SINTMAARTENSDIJK Roel,rider/roel-van-sintmaartensdijk
2026-03-28T12:57:57.719914Z,Samyn Classic,ADDED,VAN SINTMAARTENSDIJK Roel,rider/roel-van-sintmaartensdijk
2026-03-28T12:57:57.719914Z,Samyn Classic,ADDED,OOSTERLINCK Joes,rider/joes-oosterlinck
2026-03-28T12:57:57.719914Z,Dwars door Vlaanderen,ADDED,NAESEN Oliver,rider/oliver-naesen
2026-03-28T12:57:57.719914Z,Kuurne-Brussel-Kuurne,ADDED,NAESEN Oliver,rider/oliver-naesen
2026-03-28T12:57:57.719914Z,E3 Saxo Classic,ADDED,NAESEN Oliver,rider/oliver-naesen
2026-03-28T12:57:57.719914Z,Milaan-Sanremo,ADDED,NAESEN Oliver,rider/oliver-naesen
2026-03-28T12:57:57.719914Z,In Flanders Fields,ADDED,NAESEN Oliver,rider/oliver-naesen
2026-03-28T12:57:57.719914Z,Ronde van Vlaanderen,ADDED,NAESEN Oliver,rider/oliver-naesen
2026-03-28T12:57:57.719914Z,Omloop Nieuwsblad,ADDED,NAESEN Oliver,rider/oliver-naesen
2026-03-28T12:57:57.719914Z,Parijs-Roubaix,ADDED,NAESEN Oliver,rider/oliver-naesen
2026-03-28T12:57:57.719914Z,Scheldeprijs,ADDED,RICKAERT Jonas,rider/jonas-rickaert
2026-03-28T12:57:57.719914Z,Ronde van Brugge,ADDED,RICKAERT Jonas,rider/jonas-rickaert
2026-03-28T12:57:57.719914Z,Dwars door Vlaanderen,ADDED,RICKAERT Jonas,rider/jonas-rickaert
2026-03-28T12:57:57.719914Z,Kuurne-Brussel-Kuurne,ADDED,RICKAERT Jonas,rider/jonas-rickaert
2026-03-28T12:57:57.719914Z,Ronde van Vlaanderen,ADDED,RICKAERT Jonas,rider/jonas-rickaert
2026-03-28T12:57:57.719914Z,In Flanders Fields,ADDED,RICKAERT Jonas,rider/jonas-rickaert
2026-03-28T12:57:57.719914Z,Nokere Koerse,ADDED,RICKAERT Jonas,rider/jonas-rickaert
2026-03-28T12:57:57.719914Z,Samyn Classic,ADDED,RICKAERT Jonas,rider/jonas-rickaert
2026-03-28T12:57:57.719914Z,Milaan-Sanremo,ADDED,SCHULTZ Nick,rider/nick-schultz
2026-03-28T12:57:57.719914Z,Amstel Gold Race,ADDED,SCHULTZ Nick,rider/nick-schultz
2026-03-28T12:57:57.719914Z,Luik-Bastenaken-Luik,ADDED,SCHULTZ Nick,rider/nick-schultz
2026-03-28T12:57:57.719914Z,Waalse Pijl,ADDED,SCHULTZ Nick,rider/nick-schultz
2026-03-28T12:57:57.719914Z,Strade Bianche,ADDED,SCHULTZ Nick,rider/nick-schultz
2026-03-28T12:57:57.719914Z,Amstel Gold Race,ADDED,MOHORIČ Matej,rider/matej-mohoric
2026-03-28T12:57:57.719914Z,Dwars door Vlaanderen,ADDED,MOHORIČ Matej,rider/matej-mohoric
2026-03-28T12:57:57.719914Z,Strade Bianche,ADDED,MOHORIČ Matej,rider/matej-mohoric
2026-03-28T12:57:57.719914Z,Kuurne-Brussel-Kuurne,ADDED,MOHORIČ Matej,rider/matej-mohoric
2026-03-28T12:57:57.719914Z,E3 Saxo Classic,ADDED,MOHORIČ Matej,rider/matej-mohoric
2026-03-28T12:57:57.719914Z,Milaan-Sanremo,ADDED,MOHORIČ Matej,rider/matej-mohoric
2026-03-28T12:57:57.719914Z,In Flanders Fields,ADDED,MOHORIČ Matej,rider/matej-mohoric
2026-03-28T12:57:57.719914Z,Ronde van Vlaanderen,ADDED,MOHORIČ Matej,rider/matej-mohoric
2026-03-28T12:57:57.719914Z,Omloop Nieuwsblad,ADDED,MOHORIČ Matej,rider/matej-mohoric
2026-03-28T12:57:57.719914Z,Parijs-Roubaix,ADDED,MOHORIČ Matej,rider/matej-mohoric
2026-03-28T12:57:57.719914Z,Milaan-Sanremo,ADDED,MOSCON Gianni,rider/gianni-moscon
2026-03-28T12:57:57.719914Z,Strade Bianche,ADDED,MOSCON Gianni,rider/gianni-moscon
2026-03-28T12:57:57.719914Z,E3 Saxo Classic,ADDED,MARIS Elias,rider/elias-maris
2026-03-28T12:57:57.719914Z,Amstel Gold Race,ADDED,MARIS Elias,rider/elias-maris
2026-03-28T12:57:57.719914Z,Nokere Koerse,ADDED,MARIS Elias,rider/elias-maris
2026-03-28T12:57:57.719914Z,Brabantse Pijl,ADDED,MARIS Elias,rider/elias-maris
2026-03-28T12:57:57.719914Z,Amstel Gold Race,ADDED,NICOLAU Joel,rider/joel-nicolau
2026-03-28T12:57:57.719914Z,Brabantse Pijl,ADDED,NICOLAU Joel,rider/joel-nicolau
2026-03-28T12:57:57.719914Z,Ronde van Limburg,ADDED,NICOLAU Joel,rider/joel-nicolau
2026-03-28T12:57:57.719914Z,Samyn Classic,ADDED,MARX Louis,rider/louis-marx
2026-03-28T12:57:57.719914Z,Ronde van Limburg,ADDED,VAN DER HOORN Taco,rider/taco-van-der-hoorn
2026-03-28T12:57:57.719914Z,Ronde van Brugge,ADDED,GIAIMI Luca,rider/luca-giaimi
2026-03-28T12:57:57.719914Z,In Flanders Fields,ADDED,GIAIMI Luca,rider/luca-giaimi
2026-03-28T12:57:57.719914Z,Nokere Koerse,ADDED,GIAIMI Luca,rider/luca-giaimi
2026-03-28T12:57:57.719914Z,Bredene Koksijde Classic,ADDED,GIAIMI Luca,rider/luca-giaimi
2026-03-28T12:57:57.719914Z,Milaan-Sanremo,ADDED,SOBRERO Matteo,rider/matteo-sobrero
2026-03-28T12:57:57.719914Z,Strade Bianche,ADDED,SOBRERO Matteo,rider/matteo-sobrero
2026-03-28T12:57:57.719914Z,Scheldeprijs,ADDED,JUUL-JENSEN Christopher,rider/christopher-juul-jensen
2026-03-28T12:57:57.719914Z,Milaan-Sanremo,ADDED,JUUL-JENSEN Christopher,rider/christopher-juul-jensen
2026-03-28T12:57:57.719914Z,Ronde van Limburg,ADDED,JUUL-JENSEN Christopher,rider/christopher-juul-jensen
2026-03-28T12:57:57.719914Z,Nokere Koerse,ADDED,DE CEUSTER Milan,rider/milan-de-ceuster
2026-03-28T12:57:57.719914Z,Ronde van Limburg,ADDED,VADER Milan,rider/milan-vader
2026-03-28T12:57:57.719914Z,Amstel Gold Race,ADDED,VADER Milan,rider/milan-vader
2026-03-28T12:57:57.719914Z,Brabantse Pijl,ADDED,VADER Milan,rider/milan-vader
2026-03-28T12:57:57.719914Z,Strade Bianche,ADDED,VADER Milan,rider/milan-vader
2026-03-28T12:57:57.719914Z,Milaan-Sanremo,ADDED,CAMPENAERTS Victor,rider/victor-campenaerts
2026-03-28T12:57:57.719914Z,E3 Saxo Classic,ADDED,ÁLVAREZ Rodrigo,rider/rodrigo-alvarez-rogriguez
2026-03-28T12:57:57.719914Z,Scheldeprijs,ADDED,ÁLVAREZ Rodrigo,rider/rodrigo-alvarez-rogriguez
2026-03-28T12:57:57.719914Z,Ronde van Brugge,ADDED,ÁLVAREZ Rodrigo,rider/rodrigo-alvarez-rogriguez
2026-03-28T12:57:57.719914Z,Milaan-Sanremo,ADDED,POLI Umberto,rider/umberto-poli
2026-03-28T12:57:57.719914Z,Ronde van Limburg,ADDED,BURATTI Nicolò,rider/nicolo-buratti
2026-03-28T12:57:57.719914Z,Nokere Koerse,ADDED,SORARRAIN Gorka,rider/gorka-sorarrain
2026-03-28T12:57:57.719914Z,Bredene Koksijde Classic,ADDED,SORARRAIN Gorka,rider/gorka-sorarrain
2026-03-28T12:57:57.719914Z,Amstel Gold Race,ADDED,ROTA Lorenzo,rider/lorenzo-rota
2026-03-28T12:57:57.719914Z,Milaan-Sanremo,ADDED,ROTA Lorenzo,rider/lorenzo-rota
2026-03-28T12:57:57.719914Z,Waalse Pijl,ADDED,MARTÍNEZ Daniel Felipe,rider/daniel-felipe-martinez
2026-03-28T12:57:57.719914Z,Luik-Bastenaken-Luik,ADDED,MARTÍNEZ Daniel Felipe,rider/daniel-felipe-martinez
2026-03-28T12:57:57.719914Z,Kuurne-Brussel-Kuurne,ADDED,KOPECKÝ Matyáš,rider/matyas-kopecky
2026-03-28T12:57:57.719914Z,Omloop Nieuwsblad,ADDED,KOPECKÝ Matyáš,rider/matyas-kopecky
2026-03-28T12:57:57.719914Z,Parijs-Roubaix,ADDED,KOPECKÝ Matyáš,rider/matyas-kopecky
2026-03-28T12:57:57.719914Z,Ronde van Vlaanderen,ADDED,KOPECKÝ Matyáš,rider/matyas-kopecky
2026-03-28T12:57:57.719914Z,In Flanders Fields,ADDED,KOPECKÝ Matyáš,rider/matyas-kopecky
2026-03-28T12:57:57.719914Z,Nokere Koerse,ADDED,KOPECKÝ Matyáš,rider/matyas-kopecky
2026-03-28T12:57:57.719914Z,Dwars door Vlaanderen,ADDED,KOPECKÝ Matyáš,rider/matyas-kopecky
2026-03-28T12:57:57.719914Z,Samyn Classic,ADDED,JEAN Victor,rider/victor-jean
2026-03-28T12:57:57.719914Z,Scheldeprijs,ADDED,VAN REES Christiaan,rider/christiaan-van-rees
2026-03-28T12:57:57.719914Z,Bredene Koksijde Classic,ADDED,VAN REES Christiaan,rider/christiaan-van-rees
2026-03-28T12:57:57.719914Z,Scheldeprijs,ADDED,ROMMELAERE Iben,rider/iben-rommelaere
2026-03-28T12:57:57.719914Z,Nokere Koerse,ADDED,ROMMELAERE Iben,rider/iben-rommelaere
2026-03-28T12:57:57.719914Z,Samyn Classic,ADDED,PIRINEN Miko,rider/miko-pirinen
2026-03-28T12:57:57.719914Z,Ronde van Limburg,ADDED,PIRINEN Miko,rider/miko-pirinen
2026-03-28T12:57:57.719914Z,Amstel Gold Race,ADDED,HEALY Ben,rider/ben-healy
2026-03-28T12:57:57.719914Z,Luik-Bastenaken-Luik,ADDED,HEALY Ben,rider/ben-healy
2026-03-28T12:57:57.719914Z,Waalse Pijl,ADDED,HEALY Ben,rider/ben-healy
2026-03-28T12:57:57.719914Z,Strade Bianche,ADDED,HEALY Ben,rider/ben-healy
2026-03-28T12:57:57.719914Z,Amstel Gold Race,ADDED,DELBOVE Joris,rider/joris-delbove
2026-03-28T12:57:57.719914Z,Amstel Gold Race,ADDED,SKAARSETH Anders,rider/anders-skaarseth
2026-03-28T12:57:57.719914Z,Milaan-Sanremo,ADDED,SKAARSETH Anders,rider/anders-skaarseth
2026-03-28T12:57:57.719914Z,Brabantse Pijl,ADDED,SKAARSETH Anders,rider/anders-skaarseth
2026-03-28T12:57:57.719914Z,Strade Bianche,ADDED,SKAARSETH Anders,rider/anders-skaarseth
2026-03-28T12:57:57.719914Z,Ronde van Vlaanderen,ADDED,OLIVEIRA Rui,rider/rui-oliveira
2026-03-28T12:57:57.719914Z,Ronde van Brugge,ADDED,OLIVEIRA Rui,rider/rui-oliveira
2026-03-28T12:57:57.719914Z,Kuurne-Brussel-Kuurne,ADDED,OLIVEIRA Rui,rider/rui-oliveira
2026-03-28T12:57:57.719914Z,E3 Saxo Classic,ADDED,OLIVEIRA Rui,rider/rui-oliveira
2026-03-28T12:57:57.719914Z,Bredene Koksijde Classic,ADDED,OLIVEIRA Rui,rider/rui-oliveira
2026-03-28T12:57:57.719914Z,In Flanders Fields,ADDED,OLIVEIRA Rui,rider/rui-oliveira
2026-03-28T12:57:57.719914Z,Omloop Nieuwsblad,ADDED,OLIVEIRA Rui,rider/rui-oliveira
2026-03-28T12:57:57.719914Z,Nokere Koerse,ADDED,OLIVEIRA Rui,rider/rui-oliveira
2026-03-28T12:57:57.719914Z,Parijs-Roubaix,ADDED,OLIVEIRA Rui,rider/rui-oliveira
2026-03-28T12:57:57.719914Z,Kuurne-Brussel-Kuurne,ADDED,PENHOËT Paul,rider/paul-penhoet
2026-03-28T12:57:57.719914Z,Ronde van Brugge,ADDED,PENHOËT Paul,rider/paul-penhoet
2026-03-28T12:57:57.719914Z,Bredene Koksijde Classic,ADDED,PENHOËT Paul,rider/paul-penhoet
2026-03-28T12:57:57.719914Z,In Flanders Fields,ADDED,PENHOËT Paul,rider/paul-penhoet
2026-03-28T12:57:57.719914Z,Nokere Koerse,ADDED,PENHOËT Paul,rider/paul-penhoet
2026-03-28T12:57:57.719914Z,Samyn Classic,ADDED,PENHOËT Paul,rider/paul-penhoet
2026-03-28T12:57:57.719914Z,Scheldeprijs,ADDED,VERVENNE Jonathan,rider/jonathan-vervenne
2026-03-28T12:57:57.719914Z,E3 Saxo Classic,ADDED,VERVENNE Jonathan,rider/jonathan-vervenne
2026-03-28T12:57:57.719914Z,Omloop Nieuwsblad,ADDED,VERVENNE Jonathan,rider/jonathan-vervenne
2026-03-28T12:57:57.719914Z,Ronde van Brugge,ADDED,VERVENNE Jonathan,rider/jonathan-vervenne
2026-03-28T12:57:57.719914Z,Bredene Koksijde Classic,ADDED,VERVENNE Jonathan,rider/jonathan-vervenne
2026-03-28T12:57:57.719914Z,In Flanders Fields,ADDED,VERVENNE Jonathan,rider/jonathan-vervenne
2026-03-28T12:57:57.719914Z,Nokere Koerse,ADDED,VERVENNE Jonathan,rider/jonathan-vervenne
2026-03-28T12:57:57.719914Z,Strade Bianche,ADDED,PESCADOR Diego,rider/diego-pescador
2026-03-28T12:57:57.719914Z,E3 Saxo Classic,ADDED,DUJARDIN Sandy,rider/sandy-dujardin
2026-03-28T12:57:57.719914Z,Omloop Nieuwsblad,ADDED,DUJARDIN Sandy,rider/sandy-dujardin
2026-03-28T12:57:57.719914Z,In Flanders Fields,ADDED,DUJARDIN Sandy,rider/sandy-dujardin
2026-03-28T12:57:57.719914Z,Ronde van Vlaanderen,ADDED,DUJARDIN Sandy,rider/sandy-dujardin
2026-03-28T12:57:57.719914Z,Brabantse Pijl,ADDED,DUJARDIN Sandy,rider/sandy-dujardin
2026-03-28T12:57:57.719914Z,Amstel Gold Race,ADDED,DUJARDIN Sandy,rider/sandy-dujardin
2026-03-28T12:57:57.719914Z,Dwars door Vlaanderen,ADDED,DUJARDIN Sandy,rider/sandy-dujardin
2026-03-28T12:57:57.719914Z,Amstel Gold Race,ADDED,MOLLEMA Bauke,rider/bauke-mollema
2026-03-28T12:57:57.719914Z,Strade Bianche,ADDED,MOLLEMA Bauke,rider/bauke-mollema
2026-03-28T12:57:57.719914Z,Ronde van Brugge,ADDED,GHYS Robbe,rider/robbe-ghys
2026-03-28T12:57:57.719914Z,Kuurne-Brussel-Kuurne,ADDED,PAJUR Romet,rider/romet-pajur
2026-03-28T12:57:57.719914Z,E3 Saxo Classic,ADDED,BETTIOL Alberto,rider/alberto-bettiol
2026-03-28T12:57:57.719914Z,Milaan-Sanremo,ADDED,BETTIOL Alberto,rider/alberto-bettiol
2026-03-28T12:57:57.719914Z,Ronde van Vlaanderen,ADDED,BETTIOL Alberto,rider/alberto-bettiol
2026-03-28T12:57:57.719914Z,Omloop Nieuwsblad,ADDED,BETTIOL Alberto,rider/alberto-bettiol
2026-03-28T12:57:57.719914Z,Dwars door Vlaanderen,ADDED,BETTIOL Alberto,rider/alberto-bettiol
2026-03-28T12:57:57.719914Z,Strade Bianche,ADDED,BETTIOL Alberto,rider/alberto-bettiol
2026-03-28T12:57:57.719914Z,Kuurne-Brussel-Kuurne,ADDED,BOARDMAN Samuel,rider/samuel-boardman
2026-03-28T12:57:57.719914Z,Bredene Koksijde Classic,ADDED,BOARDMAN Samuel,rider/samuel-boardman
2026-03-28T12:57:57.719914Z,Nokere Koerse,ADDED,BOARDMAN Samuel,rider/samuel-boardman
2026-03-28T12:57:57.719914Z,Samyn Classic,ADDED,BOARDMAN Samuel,rider/samuel-boardman
2026-03-28T12:57:57.719914Z,Kuurne-Brussel-Kuurne,ADDED,PICKRELL Riley,rider/riley-pickrell
2026-03-28T12:57:57.719914Z,Scheldeprijs,ADDED,PICKRELL Riley,rider/riley-pickrell
2026-03-28T12:57:57.719914Z,Samyn Classic,ADDED,PICKRELL Riley,rider/riley-pickrell
2026-03-28T12:57:57.719914Z,Kuurne-Brussel-Kuurne,ADDED,KESSLER Cole,rider/cole-kessler
2026-03-28T12:57:57.719914Z,Scheldeprijs,ADDED,KESSLER Cole,rider/cole-kessler
2026-03-28T12:57:57.719914Z,Nokere Koerse,ADDED,KESSLER Cole,rider/cole-kessler
2026-03-28T12:57:57.719914Z,Waalse Pijl,ADDED,LANGELLOTTI Victor,rider/victor-langellotti
2026-03-28T12:57:57.719914Z,Luik-Bastenaken-Luik,ADDED,LANGELLOTTI Victor,rider/victor-langellotti
2026-03-28T12:57:57.719914Z,Nokere Koerse,ADDED,VEISTROFFER Baptiste,rider/baptiste-veistroffer
2026-03-28T12:57:57.719914Z,Ronde van Limburg,ADDED,DURBRIDGE Luke,rider/luke-durbridge
2026-03-28T12:57:57.719914Z,E3 Saxo Classic,ADDED,DURBRIDGE Luke,rider/luke-durbridge
2026-03-28T12:57:57.719914Z,Ronde van Brugge,ADDED,DURBRIDGE Luke,rider/luke-durbridge
2026-03-28T12:57:57.719914Z,Ronde van Vlaanderen,ADDED,DURBRIDGE Luke,rider/luke-durbridge
2026-03-28T12:57:57.719914Z,Dwars door Vlaanderen,ADDED,DURBRIDGE Luke,rider/luke-durbridge
2026-03-28T12:57:57.719914Z,Samyn Classic,ADDED,BOLLE Bert,rider/bert-bolle
2026-03-28T12:57:57.719914Z,Bredene Koksijde Classic,ADDED,BOLLE Bert,rider/bert-bolle
2026-03-28T12:57:57.719914Z,Bredene Koksijde Classic,ADDED,MCDONALD Brody,rider/brody-mcdonald
2026-03-28T12:57:57.719914Z,Nokere Koerse,ADDED,MCDONALD Brody,rider/brody-mcdonald
2026-03-28T12:57:57.719914Z,Samyn Classic,ADDED,MCDONALD Brody,rider/brody-mcdonald
2026-03-28T12:57:57.719914Z,Ronde van Limburg,ADDED,MCDONALD Brody,rider/brody-mcdonald
2026-03-28T12:57:57.719914Z,Strade Bianche,ADDED,NENCINI Tommaso,rider/tommaso-nencini
2026-03-28T12:57:57.719914Z,Milaan-Sanremo,ADDED,STRONG Corbin,rider/corbin-strong
2026-03-28T12:57:57.719914Z,Brabantse Pijl,ADDED,STRONG Corbin,rider/corbin-strong
2026-03-28T12:57:57.719914Z,Amstel Gold Race,ADDED,MATTHEWS Michael,rider/michael-matthews
2026-03-28T12:57:57.719914Z,Brabantse Pijl,ADDED,MATTHEWS Michael,rider/michael-matthews
2026-03-28T12:57:57.719914Z,Amstel Gold Race,ADDED,OLDANI Stefano,rider/stefano-oldani
2026-03-28T12:57:57.719914Z,Brabantse Pijl,ADDED,OLDANI Stefano,rider/stefano-oldani
2026-03-28T12:57:57.719914Z,Ronde van Limburg,ADDED,OLDANI Stefano,rider/stefano-oldani
2026-03-28T12:57:57.719914Z,Strade Bianche,ADDED,BENNETT George,rider/george-bennett
2026-03-28T12:57:57.719914Z,Nokere Koerse,ADDED,LARRONDE Ellande,rider/ellande-larronde
2026-03-28T12:57:57.719914Z,Bredene Koksijde Classic,ADDED,LARRONDE Ellande,rider/ellande-larronde
2026-03-28T12:57:57.719914Z,Ronde van Brugge,ADDED,VERMEERSCH Florian,rider/florian-vermeersch
2026-03-28T12:57:57.719914Z,Dwars door Vlaanderen,ADDED,VERMEERSCH Florian,rider/florian-vermeersch
2026-03-28T12:57:57.719914Z,Strade Bianche,ADDED,VERMEERSCH Florian,rider/florian-vermeersch
2026-03-28T12:57:57.719914Z,Kuurne-Brussel-Kuurne,ADDED,VERMEERSCH Florian,rider/florian-vermeersch
2026-03-28T12:57:57.719914Z,E3 Saxo Classic,ADDED,VERMEERSCH Florian,rider/florian-vermeersch
2026-03-28T12:57:57.719914Z,Milaan-Sanremo,ADDED,VERMEERSCH Florian,rider/florian-vermeersch
2026-03-28T12:57:57.719914Z,In Flanders Fields,ADDED,VERMEERSCH Florian,rider/florian-vermeersch
2026-03-28T12:57:57.719914Z,Ronde van Vlaanderen,ADDED,VERMEERSCH Florian,rider/florian-vermeersch
2026-03-28T12:57:57.719914Z,Omloop Nieuwsblad,ADDED,VERMEERSCH Florian,rider/florian-vermeersch
2026-03-28T12:57:57.719914Z,Parijs-Roubaix,ADDED,VERMEERSCH Florian,rider/florian-vermeersch
2026-03-28T12:57:57.719914Z,Samyn Classic,ADDED,VAN BELLE Loe,rider/loe-van-belle
2026-03-28T12:57:57.719914Z,Kuurne-Brussel-Kuurne,ADDED,SYRITSA Gleb,rider/gleb-syritsa
2026-03-28T12:57:57.719914Z,E3 Saxo Classic,ADDED,SYRITSA Gleb,rider/gleb-syritsa
2026-03-28T12:57:57.719914Z,Milaan-Sanremo,ADDED,SYRITSA Gleb,rider/gleb-syritsa
2026-03-28T12:57:57.719914Z,Ronde van Brugge,ADDED,SYRITSA Gleb,rider/gleb-syritsa
2026-03-28T12:57:57.719914Z,In Flanders Fields,ADDED,SYRITSA Gleb,rider/gleb-syritsa
2026-03-28T12:57:57.719914Z,Nokere Koerse,ADDED,SYRITSA Gleb,rider/gleb-syritsa
2026-03-28T12:57:57.719914Z,Dwars door Vlaanderen,ADDED,SYRITSA Gleb,rider/gleb-syritsa
2026-03-28T12:57:57.719914Z,E3 Saxo Classic,ADDED,VAN HEMELEN Vincent,rider/vincent-van-hemelen
2026-03-28T12:57:57.719914Z,Omloop Nieuwsblad,ADDED,VAN HEMELEN Vincent,rider/vincent-van-hemelen
2026-03-28T12:57:57.719914Z,Ronde van Vlaanderen,ADDED,VAN HEMELEN Vincent,rider/vincent-van-hemelen
2026-03-28T12:57:57.719914Z,Amstel Gold Race,ADDED,VAN HEMELEN Vincent,rider/vincent-van-hemelen
2026-03-28T12:57:57.719914Z,Nokere Koerse,ADDED,VAN HEMELEN Vincent,rider/vincent-van-hemelen
2026-03-28T12:57:57.719914Z,Brabantse Pijl,ADDED,VAN HEMELEN Vincent,rider/vincent-van-hemelen
2026-03-28T12:57:57.719914Z,Kuurne-Brussel-Kuurne,ADDED,MAŁECKI Kamil,rider/kamil-malecki
2026-03-28T12:57:57.719914Z,Scheldeprijs,ADDED,MAŁECKI Kamil,rider/kamil-malecki
2026-03-28T12:57:57.719914Z,E3 Saxo Classic,ADDED,MAŁECKI Kamil,rider/kamil-malecki
2026-03-28T12:57:57.719914Z,Ronde van Limburg,ADDED,MAŁECKI Kamil,rider/kamil-malecki
2026-03-28T12:57:57.719914Z,Omloop Nieuwsblad,ADDED,MAŁECKI Kamil,rider/kamil-malecki
2026-03-28T12:57:57.719914Z,Nokere Koerse,ADDED,MAŁECKI Kamil,rider/kamil-malecki
2026-03-28T12:57:57.719914Z,Dwars door Vlaanderen,ADDED,MAŁECKI Kamil,rider/kamil-malecki
2026-03-28T12:57:57.719914Z,Ronde van Limburg,ADDED,VERCOUILLIE Victor,rider/victor-vercouillie
2026-03-28T12:57:57.719914Z,Omloop Nieuwsblad,ADDED,VERCOUILLIE Victor,rider/victor-vercouillie
2026-03-28T12:57:57.719914Z,Bredene Koksijde Classic,ADDED,VERCOUILLIE Victor,rider/victor-vercouillie
2026-03-28T12:57:57.719914Z,Ronde van Vlaanderen,ADDED,VERCOUILLIE Victor,rider/victor-vercouillie
2026-03-28T12:57:57.719914Z,In Flanders Fields,ADDED,VERCOUILLIE Victor,rider/victor-vercouillie
2026-03-28T12:57:57.719914Z,Kuurne-Brussel-Kuurne,ADDED,MOZZATO Luca,rider/luca-mozzato
2026-03-28T12:57:57.719914Z,Omloop Nieuwsblad,ADDED,MOZZATO Luca,rider/luca-mozzato
2026-03-28T12:57:57.719914Z,Ronde van Brugge,ADDED,MOZZATO Luca,rider/luca-mozzato
2026-03-28T12:57:57.719914Z,Ronde van Vlaanderen,ADDED,MOZZATO Luca,rider/luca-mozzato
2026-03-28T12:57:57.719914Z,Bredene Koksijde Classic,ADDED,MOZZATO Luca,rider/luca-mozzato
2026-03-28T12:57:57.719914Z,In Flanders Fields,ADDED,MOZZATO Luca,rider/luca-mozzato
2026-03-28T12:57:57.719914Z,Ronde van Vlaanderen,ADDED,KUDUS Merhawi,rider/merhawi-kudus
2026-03-28T12:57:57.719914Z,Kuurne-Brussel-Kuurne,ADDED,REINDERS Elmar,rider/elmar-reinders
2026-03-28T12:57:57.719914Z,Scheldeprijs,ADDED,REINDERS Elmar,rider/elmar-reinders
2026-03-28T12:57:57.719914Z,Ronde van Limburg,ADDED,REINDERS Elmar,rider/elmar-reinders
2026-03-28T12:57:57.719914Z,Ronde van Brugge,ADDED,REINDERS Elmar,rider/elmar-reinders
2026-03-28T12:57:57.719914Z,Bredene Koksijde Classic,ADDED,REINDERS Elmar,rider/elmar-reinders
2026-03-28T12:57:57.719914Z,Samyn Classic,ADDED,REINDERS Elmar,rider/elmar-reinders
2026-03-28T12:57:57.719914Z,Scheldeprijs,ADDED,WRIGHT Fred,rider/alfred-wright
2026-03-28T12:57:57.719914Z,Dwars door Vlaanderen,ADDED,WRIGHT Fred,rider/alfred-wright
2026-03-28T12:57:57.719914Z,Kuurne-Brussel-Kuurne,ADDED,WRIGHT Fred,rider/alfred-wright
2026-03-28T12:57:57.719914Z,E3 Saxo Classic,ADDED,WRIGHT Fred,rider/alfred-wright
2026-03-28T12:57:57.719914Z,Milaan-Sanremo,ADDED,WRIGHT Fred,rider/alfred-wright
2026-03-28T12:57:57.719914Z,In Flanders Fields,ADDED,WRIGHT Fred,rider/alfred-wright
2026-03-28T12:57:57.719914Z,Ronde van Vlaanderen,ADDED,WRIGHT Fred,rider/alfred-wright
2026-03-28T12:57:57.719914Z,Omloop Nieuwsblad,ADDED,WRIGHT Fred,rider/alfred-wright
2026-03-28T12:57:57.719914Z,Parijs-Roubaix,ADDED,WRIGHT Fred,rider/alfred-wright
2026-03-28T12:57:57.719914Z,Amstel Gold Race,ADDED,TEUNS Dylan,rider/dylan-teuns
2026-03-28T12:57:57.719914Z,Waalse Pijl,ADDED,TEUNS Dylan,rider/dylan-teuns
2026-03-28T12:57:57.719914Z,Dwars door Vlaanderen,ADDED,TEUNS Dylan,rider/dylan-teuns
2026-03-28T12:57:57.719914Z,In Flanders Fields,ADDED,TEUNS Dylan,rider/dylan-teuns
2026-03-28T12:57:57.719914Z,Ronde van Vlaanderen,ADDED,TEUNS Dylan,rider/dylan-teuns
2026-03-28T12:57:57.719914Z,Omloop Nieuwsblad,ADDED,TEUNS Dylan,rider/dylan-teuns
2026-03-28T12:57:57.719914Z,Luik-Bastenaken-Luik,ADDED,TEUNS Dylan,rider/dylan-teuns
2026-03-28T12:57:57.719914Z,Brabantse Pijl,ADDED,TEUNS Dylan,rider/dylan-teuns
2026-03-28T12:57:57.719914Z,Samyn Classic,ADDED,TEUNS Dylan,rider/dylan-teuns
2026-03-28T12:57:57.719914Z,Amstel Gold Race,ADDED,MARTÍ Pau,rider/pau-marti-soriano
2026-03-28T12:57:57.719914Z,Brabantse Pijl,ADDED,MARTÍ Pau,rider/pau-marti-soriano
2026-03-28T12:57:57.719914Z,Strade Bianche,ADDED,MARTÍ Pau,rider/pau-marti-soriano
2026-03-28T12:57:57.719914Z,Dwars door Vlaanderen,ADDED,ABRAHAMSEN Jonas,rider/jonas-abrahamsen
2026-03-28T12:57:57.719914Z,Kuurne-Brussel-Kuurne,ADDED,ABRAHAMSEN Jonas,rider/jonas-abrahamsen
2026-03-28T12:57:57.719914Z,E3 Saxo Classic,ADDED,ABRAHAMSEN Jonas,rider/jonas-abrahamsen
2026-03-28T12:57:57.719914Z,Milaan-Sanremo,ADDED,ABRAHAMSEN Jonas,rider/jonas-abrahamsen
2026-03-28T12:57:57.719914Z,In Flanders Fields,ADDED,ABRAHAMSEN Jonas,rider/jonas-abrahamsen
2026-03-28T12:57:57.719914Z,Ronde van Vlaanderen,ADDED,ABRAHAMSEN Jonas,rider/jonas-abrahamsen
2026-03-28T12:57:57.719914Z,Omloop Nieuwsblad,ADDED,ABRAHAMSEN Jonas,rider/jonas-abrahamsen
2026-03-28T12:57:57.719914Z,Parijs-Roubaix,ADDED,ABRAHAMSEN Jonas,rider/jonas-abrahamsen
2026-03-28T12:57:57.719914Z,Strade Bianche,ADDED,KNOX James,rider/james-knox
2026-03-28T12:57:57.719914Z,Kuurne-Brussel-Kuurne,ADDED,LOUVEL Matis,rider/matis-louvel
2026-03-28T12:57:57.719914Z,E3 Saxo Classic,ADDED,LOUVEL Matis,rider/matis-louvel
2026-03-28T12:57:57.719914Z,Omloop Nieuwsblad,ADDED,LOUVEL Matis,rider/matis-louvel
2026-03-28T12:57:57.719914Z,Ronde van Vlaanderen,ADDED,LOUVEL Matis,rider/matis-louvel
2026-03-28T12:57:57.719914Z,In Flanders Fields,ADDED,LOUVEL Matis,rider/matis-louvel
2026-03-28T12:57:57.719914Z,Parijs-Roubaix,ADDED,LOUVEL Matis,rider/matis-louvel
2026-03-28T12:57:57.719914Z,Dwars door Vlaanderen,ADDED,LOUVEL Matis,rider/matis-louvel
2026-03-28T12:57:57.719914Z,Scheldeprijs,ADDED,BORGO Alessandro,rider/alessandro-borgo
2026-03-28T12:57:57.719914Z,Dwars door Vlaanderen,ADDED,BORGO Alessandro,rider/alessandro-borgo
2026-03-28T12:57:57.719914Z,Kuurne-Brussel-Kuurne,ADDED,BORGO Alessandro,rider/alessandro-borgo
2026-03-28T12:57:57.719914Z,Milaan-Sanremo,ADDED,BORGO Alessandro,rider/alessandro-borgo
2026-03-28T12:57:57.719914Z,Ronde van Vlaanderen,ADDED,BORGO Alessandro,rider/alessandro-borgo
2026-03-28T12:57:57.719914Z,In Flanders Fields,ADDED,BORGO Alessandro,rider/alessandro-borgo
2026-03-28T12:57:57.719914Z,Nokere Koerse,ADDED,BORGO Alessandro,rider/alessandro-borgo
2026-03-28T12:57:57.719914Z,Brabantse Pijl,ADDED,BORGO Alessandro,rider/alessandro-borgo
2026-03-28T12:57:57.719914Z,Samyn Classic,ADDED,BORGO Alessandro,rider/alessandro-borgo
2026-03-28T12:57:57.719914Z,E3 Saxo Classic,ADDED,PEACE Oliver,rider/oliver-peace
2026-03-28T12:57:57.719914Z,Amstel Gold Race,ADDED,PEACE Oliver,rider/oliver-peace
2026-03-28T12:57:57.719914Z,Milaan-Sanremo,ADDED,PEACE Oliver,rider/oliver-peace
2026-03-28T12:57:57.719914Z,Strade Bianche,ADDED,PEACE Oliver,rider/oliver-peace
2026-03-28T12:57:57.719914Z,Kuurne-Brussel-Kuurne,ADDED,KANTER Max,rider/max-kanter
2026-03-28T12:57:57.719914Z,Ronde van Brugge,ADDED,KANTER Max,rider/max-kanter
2026-03-28T12:57:57.719914Z,Bredene Koksijde Classic,ADDED,KANTER Max,rider/max-kanter
2026-03-28T12:57:57.719914Z,In Flanders Fields,ADDED,KANTER Max,rider/max-kanter
2026-03-28T12:57:57.719914Z,Nokere Koerse,ADDED,KANTER Max,rider/max-kanter
2026-03-28T12:57:57.719914Z,Dwars door Vlaanderen,ADDED,KANTER Max,rider/max-kanter
2026-03-28T12:57:57.719914Z,Strade Bianche,ADDED,CARAPAZ Richard,rider/richard-carapaz
2026-03-28T12:57:57.719914Z,Amstel Gold Race,ADDED,FRIGO Marco,rider/marco-frigo
2026-03-28T12:57:57.719914Z,Brabantse Pijl,ADDED,FRIGO Marco,rider/marco-frigo
2026-03-28T12:57:57.719914Z,Scheldeprijs,ADDED,GRANGER Ben,rider/ben-granger
2026-03-28T12:57:57.719914Z,Strade Bianche,ADDED,GRANGER Ben,rider/ben-granger
2026-03-28T12:57:57.719914Z,Omloop Nieuwsblad,ADDED,PIDCOCK Thomas,rider/thomas-pidcock
2026-03-28T12:57:57.719914Z,Milaan-Sanremo,ADDED,PIDCOCK Thomas,rider/thomas-pidcock
2026-03-28T12:57:57.719914Z,Amstel Gold Race,ADDED,PIDCOCK Thomas,rider/thomas-pidcock
2026-03-28T12:57:57.719914Z,Luik-Bastenaken-Luik,ADDED,PIDCOCK Thomas,rider/thomas-pidcock
2026-03-28T12:57:57.719914Z,Brabantse Pijl,ADDED,PIDCOCK Thomas,rider/thomas-pidcock
2026-03-28T12:57:57.719914Z,Waalse Pijl,ADDED,PIDCOCK Thomas,rider/thomas-pidcock
2026-03-28T12:57:57.719914Z,Strade Bianche,ADDED,PIDCOCK Thomas,rider/thomas-pidcock
2026-03-28T12:57:57.719914Z,E3 Saxo Classic,ADDED,SHMIDT Artem,rider/artem-shmidt
2026-03-28T12:57:57.719914Z,Omloop Nieuwsblad,ADDED,SHMIDT Artem,rider/artem-shmidt
2026-03-28T12:57:57.719914Z,Ronde van Brugge,ADDED,SHMIDT Artem,rider/artem-shmidt
2026-03-28T12:57:57.719914Z,In Flanders Fields,ADDED,SHMIDT Artem,rider/artem-shmidt
2026-03-28T12:57:57.719914Z,Strade Bianche,ADDED,SHMIDT Artem,rider/artem-shmidt
2026-03-28T12:57:57.719914Z,Samyn Classic,ADDED,PAARDEKOOPER Thijmen,rider/thijmen-paardekooper
2026-03-28T12:57:57.719914Z,Bredene Koksijde Classic,ADDED,PAARDEKOOPER Thijmen,rider/thijmen-paardekooper
2026-03-28T12:57:57.719914Z,Ronde van Vlaanderen,ADDED,GACHIGNARD Thomas,rider/thomas-gachignard
2026-03-28T12:57:57.719914Z,Amstel Gold Race,ADDED,GACHIGNARD Thomas,rider/thomas-gachignard
2026-03-28T12:57:57.719914Z,Dwars door Vlaanderen,ADDED,GACHIGNARD Thomas,rider/thomas-gachignard
2026-03-28T12:57:57.719914Z,E3 Saxo Classic,ADDED,GACHIGNARD Thomas,rider/thomas-gachignard
2026-03-28T12:57:57.719914Z,Bredene Koksijde Classic,ADDED,GACHIGNARD Thomas,rider/thomas-gachignard
2026-03-28T12:57:57.719914Z,In Flanders Fields,ADDED,GACHIGNARD Thomas,rider/thomas-gachignard
2026-03-28T12:57:57.719914Z,Omloop Nieuwsblad,ADDED,GACHIGNARD Thomas,rider/thomas-gachignard
2026-03-28T12:57:57.719914Z,Samyn Classic,ADDED,GACHIGNARD Thomas,rider/thomas-gachignard
2026-03-28T12:57:57.719914Z,Scheldeprijs,ADDED,SANTY Arne,rider/arne-santy
2026-03-28T12:57:57.719914Z,Bredene Koksijde Classic,ADDED,SANTY Arne,rider/arne-santy
2026-03-28T12:57:57.719914Z,Ronde van Limburg,ADDED,SANTY Arne,rider/arne-santy
2026-03-28T12:57:57.719914Z,Nokere Koerse,ADDED,SANTY Arne,rider/arne-santy
2026-03-28T12:57:57.719914Z,Samyn Classic,ADDED,SANTY Arne,rider/arne-santy
2026-03-28T12:57:57.719914Z,Brabantse Pijl,ADDED,FAJARDO Adrián,rider/adrian-fajardo
2026-03-28T12:57:57.719914Z,Ronde van Limburg,ADDED,FAJARDO Adrián,rider/adrian-fajardo
2026-03-28T12:57:57.719914Z,Scheldeprijs,ADDED,PHILIPSEN Jasper,rider/jasper-philipsen
2026-03-28T12:57:57.719914Z,Ronde van Brugge,ADDED,PHILIPSEN Jasper,rider/jasper-philipsen
2026-03-28T12:57:57.719914Z,Dwars door Vlaanderen,ADDED,PHILIPSEN Jasper,rider/jasper-philipsen
2026-03-28T12:57:57.719914Z,Kuurne-Brussel-Kuurne,ADDED,PHILIPSEN Jasper,rider/jasper-philipsen
2026-03-28T12:57:57.719914Z,Milaan-Sanremo,ADDED,PHILIPSEN Jasper,rider/jasper-philipsen
2026-03-28T12:57:57.719914Z,In Flanders Fields,ADDED,PHILIPSEN Jasper,rider/jasper-philipsen
2026-03-28T12:57:57.719914Z,Omloop Nieuwsblad,ADDED,PHILIPSEN Jasper,rider/jasper-philipsen
2026-03-28T12:57:57.719914Z,Nokere Koerse,ADDED,PHILIPSEN Jasper,rider/jasper-philipsen
2026-03-28T12:57:57.719914Z,Parijs-Roubaix,ADDED,PHILIPSEN Jasper,rider/jasper-philipsen
2026-03-28T12:57:57.719914Z,Ronde van Vlaanderen,ADDED,PAGE Hugo,rider/hugo-page
2026-03-28T12:57:57.719914Z,Dwars door Vlaanderen,ADDED,PAGE Hugo,rider/hugo-page
2026-03-28T12:57:57.719914Z,Kuurne-Brussel-Kuurne,ADDED,PAGE Hugo,rider/hugo-page
2026-03-28T12:57:57.719914Z,Bredene Koksijde Classic,ADDED,PAGE Hugo,rider/hugo-page
2026-03-28T12:57:57.719914Z,In Flanders Fields,ADDED,PAGE Hugo,rider/hugo-page
2026-03-28T12:57:57.719914Z,Omloop Nieuwsblad,ADDED,PAGE Hugo,rider/hugo-page
2026-03-28T12:57:57.719914Z,Nokere Koerse,ADDED,PAGE Hugo,rider/hugo-page
2026-03-28T12:57:57.719914Z,Samyn Classic,ADDED,PAGE Hugo,rider/hugo-page
2026-03-28T12:57:57.719914Z,Ronde van Limburg,ADDED,FELDMANN Karsten Larsen,rider/karsten-larsen-feldmann
2026-03-28T12:57:57.719914Z,Scheldeprijs,ADDED,FELDMANN Karsten Larsen,rider/karsten-larsen-feldmann
2026-03-28T12:57:57.719914Z,Ronde van Brugge,ADDED,FELDMANN Karsten Larsen,rider/karsten-larsen-feldmann
2026-03-28T12:57:57.719914Z,Bredene Koksijde Classic,ADDED,FELDMANN Karsten Larsen,rider/karsten-larsen-feldmann
2026-03-28T12:57:57.719914Z,Omloop Nieuwsblad,ADDED,FELDMANN Karsten Larsen,rider/karsten-larsen-feldmann
2026-03-28T12:57:57.719914Z,Samyn Classic,ADDED,FELDMANN Karsten Larsen,rider/karsten-larsen-feldmann
2026-03-28T12:57:57.719914Z,Kuurne-Brussel-Kuurne,ADDED,VAN HAUTEGEM Leander,rider/leander-van-hautegem
2026-03-28T12:57:57.719914Z,In Flanders Fields,ADDED,VAN HAUTEGEM Leander,rider/leander-van-hautegem
2026-03-28T12:57:57.719914Z,Ronde van Vlaanderen,ADDED,VAN HAUTEGEM Leander,rider/leander-van-hautegem
2026-03-28T12:57:57.719914Z,Samyn Classic,ADDED,JABLONSKI Ole,rider/ole-jablonski
2026-03-28T12:57:57.719914Z,E3 Saxo Classic,ADDED,WALKER Max,rider/max-walker
2026-03-28T12:57:57.719914Z,In Flanders Fields,ADDED,WALKER Max,rider/max-walker
2026-03-28T12:57:57.719914Z,Milaan-Sanremo,ADDED,POGAČAR Tadej,rider/tadej-pogacar
2026-03-28T12:57:57.719914Z,Ronde van Vlaanderen,ADDED,POGAČAR Tadej,rider/tadej-pogacar
2026-03-28T12:57:57.719914Z,Luik-Bastenaken-Luik,ADDED,POGAČAR Tadej,rider/tadej-pogacar
2026-03-28T12:57:57.719914Z,Parijs-Roubaix,ADDED,POGAČAR Tadej,rider/tadej-pogacar
2026-03-28T12:57:57.719914Z,Strade Bianche,ADDED,POGAČAR Tadej,rider/tadej-pogacar
2026-03-28T12:57:57.719914Z,Bredene Koksijde Classic,ADDED,UHLIG Henri,rider/henri-uhlig
2026-03-28T12:57:57.719914Z,Samyn Classic,ADDED,HEREMANS Joppe,rider/joppe-heremans
2026-03-28T12:57:57.719914Z,Scheldeprijs,ADDED,ZAMPERINI Edoardo,rider/edoardo-zamperini
2026-03-28T12:57:57.719914Z,Dwars door Vlaanderen,ADDED,ZAMPERINI Edoardo,rider/edoardo-zamperini
2026-03-28T12:57:57.719914Z,In Flanders Fields,ADDED,ZAMPERINI Edoardo,rider/edoardo-zamperini
2026-03-28T12:57:57.719914Z,Milaan-Sanremo,ADDED,ZAMPERINI Edoardo,rider/edoardo-zamperini
2026-03-28T12:57:57.719914Z,Bredene Koksijde Classic,ADDED,GOOSSENS Simon,rider/simon-goossens123456789
2026-03-28T12:57:57.719914Z,Scheldeprijs,ADDED,KOGUT Oded,rider/oded-kogut
2026-03-28T12:57:57.719914Z,Bredene Koksijde Classic,ADDED,KOGUT Oded,rider/oded-kogut
2026-03-28T12:57:57.719914Z,Ronde van Brugge,ADDED,KOGUT Oded,rider/oded-kogut
2026-03-28T12:57:57.719914Z,Samyn Classic,ADDED,KOGUT Oded,rider/oded-kogut
2026-03-28T12:57:57.719914Z,Ronde van Limburg,ADDED,VANHOOF Ward,rider/ward-vanhoof
2026-03-28T12:57:57.719914Z,Omloop Nieuwsblad,ADDED,VANHOOF Ward,rider/ward-vanhoof
2026-03-28T12:57:57.719914Z,Ronde van Vlaanderen,ADDED,VANHOOF Ward,rider/ward-vanhoof
2026-03-28T12:57:57.719914Z,In Flanders Fields,ADDED,VANHOOF Ward,rider/ward-vanhoof
2026-03-28T12:57:57.719914Z,Samyn Classic,ADDED,VANHOOF Ward,rider/ward-vanhoof
2026-03-28T12:57:57.719914Z,E3 Saxo Classic,ADDED,RIESEBEEK Oscar,rider/oscar-riesebeek
2026-03-28T12:57:57.719914Z,Parijs-Roubaix,ADDED,RIESEBEEK Oscar,rider/oscar-riesebeek
2026-03-28T12:57:57.719914Z,Ronde van Vlaanderen,ADDED,RIESEBEEK Oscar,rider/oscar-riesebeek
2026-03-28T12:57:57.719914Z,Nokere Koerse,ADDED,RIESEBEEK Oscar,rider/oscar-riesebeek
2026-03-28T12:57:57.719914Z,Brabantse Pijl,ADDED,RIESEBEEK Oscar,rider/oscar-riesebeek
2026-03-28T12:57:57.719914Z,Ronde van Brugge,ADDED,EINHORN Itamar,rider/itamar-einhorn
2026-03-28T12:57:57.719914Z,Scheldeprijs,ADDED,EINHORN Itamar,rider/itamar-einhorn
2026-03-28T12:57:57.719914Z,Nokere Koerse,ADDED,EINHORN Itamar,rider/itamar-einhorn
2026-03-28T12:57:57.719914Z,Bredene Koksijde Classic,ADDED,EINHORN Itamar,rider/itamar-einhorn
2026-03-28T12:57:57.719914Z,Ronde van Limburg,ADDED,VAN HEESWIJK Bas,rider/bas-van-heeswijk
2026-03-28T12:57:57.719914Z,E3 Saxo Classic,ADDED,MERIS Sergio,rider/sergio-meris
2026-03-28T12:57:57.719914Z,Amstel Gold Race,ADDED,MERIS Sergio,rider/sergio-meris
2026-03-28T12:57:57.719914Z,Milaan-Sanremo,ADDED,MERIS Sergio,rider/sergio-meris
2026-03-28T12:57:57.719914Z,Strade Bianche,ADDED,MERIS Sergio,rider/sergio-meris
2026-03-28T12:57:57.719914Z,Kuurne-Brussel-Kuurne,ADDED,DEMAN Brem,rider/brem-deman
2026-03-28T12:57:57.719914Z,In Flanders Fields,ADDED,DEMAN Brem,rider/brem-deman
2026-03-28T12:57:57.719914Z,Ronde van Vlaanderen,ADDED,DEMAN Brem,rider/brem-deman
2026-03-28T12:57:57.719914Z,Nokere Koerse,ADDED,IBÁÑEZ Javier,rider/javier-ibanez-beltran-de-salazar
2026-03-28T12:57:57.719914Z,Bredene Koksijde Classic,ADDED,IBÁÑEZ Javier,rider/javier-ibanez-beltran-de-salazar
2026-03-28T12:57:57.719914Z,Samyn Classic,ADDED,NOIRHOMME Arnaud,rider/arnaud-noirhomme
2026-03-28T12:57:57.719914Z,Amstel Gold Race,ADDED,ORINS Robin,rider/robin-orins
2026-03-28T12:57:57.719914Z,Ronde van Brugge,ADDED,ORINS Robin,rider/robin-orins
2026-03-28T12:57:57.719914Z,Ronde van Limburg,ADDED,ORINS Robin,rider/robin-orins
2026-03-28T12:57:57.719914Z,Kuurne-Brussel-Kuurne,ADDED,BOULAHOITE Rayan,rider/rayan-boulahoite
2026-03-28T12:57:57.719914Z,Scheldeprijs,ADDED,BOULAHOITE Rayan,rider/rayan-boulahoite
2026-03-28T12:57:57.719914Z,E3 Saxo Classic,ADDED,BOULAHOITE Rayan,rider/rayan-boulahoite
2026-03-28T12:57:57.719914Z,Bredene Koksijde Classic,ADDED,BOULAHOITE Rayan,rider/rayan-boulahoite
2026-03-28T12:57:57.719914Z,Dwars door Vlaanderen,ADDED,BOULAHOITE Rayan,rider/rayan-boulahoite
2026-03-28T12:57:57.719914Z,Samyn Classic,ADDED,BOULAHOITE Rayan,rider/rayan-boulahoite
2026-03-28T12:57:57.719914Z,Scheldeprijs,ADDED,FRETIN Milan,rider/milan-fretin
2026-03-28T12:57:57.719914Z,Ronde van Brugge,ADDED,FRETIN Milan,rider/milan-fretin
2026-03-28T12:57:57.719914Z,Ronde van Limburg,ADDED,FRETIN Milan,rider/milan-fretin
2026-03-28T12:57:57.719914Z,In Flanders Fields,ADDED,FRETIN Milan,rider/milan-fretin
2026-03-28T12:57:57.719914Z,Dwars door Vlaanderen,ADDED,FRETIN Milan,rider/milan-fretin
2026-03-28T12:57:57.719914Z,Amstel Gold Race,ADDED,ZIMMERMANN Georg,rider/georg-zimmermann
2026-03-28T12:57:57.719914Z,Milaan-Sanremo,ADDED,ZIMMERMANN Georg,rider/georg-zimmermann
2026-03-28T12:57:57.719914Z,Samyn Classic,ADDED,VAN NIEKERK Morné,rider/morne-van-niekerk
2026-03-28T12:57:57.719914Z,Kuurne-Brussel-Kuurne,ADDED,WALSCHEID Max,rider/max-walscheid
2026-03-28T12:57:57.719914Z,Scheldeprijs,ADDED,WALSCHEID Max,rider/max-walscheid
2026-03-28T12:57:57.719914Z,E3 Saxo Classic,ADDED,WALSCHEID Max,rider/max-walscheid
2026-03-28T12:57:57.719914Z,Ronde van Limburg,ADDED,WALSCHEID Max,rider/max-walscheid
2026-03-28T12:57:57.719914Z,Ronde van Brugge,ADDED,WALSCHEID Max,rider/max-walscheid
2026-03-28T12:57:57.719914Z,Bredene Koksijde Classic,ADDED,WALSCHEID Max,rider/max-walscheid
2026-03-28T12:57:57.719914Z,Nokere Koerse,ADDED,WALSCHEID Max,rider/max-walscheid
2026-03-28T12:57:57.719914Z,Omloop Nieuwsblad,ADDED,VAN MECHELEN Vlad,rider/vlad-van-mechelen
2026-03-28T12:57:57.719914Z,Brabantse Pijl,ADDED,VAN MECHELEN Vlad,rider/vlad-van-mechelen
2026-03-28T12:57:57.719914Z,Samyn Classic,ADDED,AVOINE Kévin,rider/kevin-avoine
2026-03-28T12:57:57.719914Z,Ronde van Limburg,ADDED,MAKRAI Bálint,rider/balint-makrai
2026-03-28T12:57:57.719914Z,Nokere Koerse,ADDED,DAINESE Alberto,rider/alberto-dainese
2026-03-28T12:57:57.719914Z,Bredene Koksijde Classic,ADDED,DAINESE Alberto,rider/alberto-dainese
2026-03-28T12:57:57.719914Z,Ronde van Limburg,ADDED,DAINESE Alberto,rider/alberto-dainese
2026-03-28T12:57:57.719914Z,Kuurne-Brussel-Kuurne,ADDED,DEGENKOLB John,rider/john-degenkolb
2026-03-28T12:57:57.719914Z,Omloop Nieuwsblad,ADDED,DEGENKOLB John,rider/john-degenkolb
2026-03-28T12:57:57.719914Z,Milaan-Sanremo,ADDED,DEGENKOLB John,rider/john-degenkolb
2026-03-28T12:57:57.719914Z,In Flanders Fields,ADDED,DEGENKOLB John,rider/john-degenkolb
2026-03-28T12:57:57.719914Z,Parijs-Roubaix,ADDED,DEGENKOLB John,rider/john-degenkolb
2026-03-28T12:57:57.719914Z,Dwars door Vlaanderen,ADDED,DEGENKOLB John,rider/john-degenkolb
2026-03-28T12:57:57.719914Z,Ronde van Vlaanderen,ADDED,DONALDSON Robert,rider/robert-donaldson
2026-03-28T12:57:57.719914Z,Ronde van Brugge,ADDED,DONALDSON Robert,rider/robert-donaldson
2026-03-28T12:57:57.719914Z,Dwars door Vlaanderen,ADDED,DONALDSON Robert,rider/robert-donaldson
2026-03-28T12:57:57.719914Z,Kuurne-Brussel-Kuurne,ADDED,DONALDSON Robert,rider/robert-donaldson
2026-03-28T12:57:57.719914Z,E3 Saxo Classic,ADDED,DONALDSON Robert,rider/robert-donaldson
2026-03-28T12:57:57.719914Z,Bredene Koksijde Classic,ADDED,DONALDSON Robert,rider/robert-donaldson
2026-03-28T12:57:57.719914Z,In Flanders Fields,ADDED,DONALDSON Robert,rider/robert-donaldson
2026-03-28T12:57:57.719914Z,Omloop Nieuwsblad,ADDED,DONALDSON Robert,rider/robert-donaldson
2026-03-28T12:57:57.719914Z,Kuurne-Brussel-Kuurne,ADDED,CANAL Carlos,rider/carlos-canal
2026-03-28T12:57:57.719914Z,E3 Saxo Classic,ADDED,CANAL Carlos,rider/carlos-canal
2026-03-28T12:57:57.719914Z,Omloop Nieuwsblad,ADDED,CANAL Carlos,rider/carlos-canal
2026-03-28T12:57:57.719914Z,Ronde van Brugge,ADDED,CANAL Carlos,rider/carlos-canal
2026-03-28T12:57:57.719914Z,Ronde van Vlaanderen,ADDED,CANAL Carlos,rider/carlos-canal
2026-03-28T12:57:57.719914Z,In Flanders Fields,ADDED,CANAL Carlos,rider/carlos-canal
2026-03-28T12:57:57.719914Z,Dwars door Vlaanderen,ADDED,CANAL Carlos,rider/carlos-canal
2026-03-28T12:57:57.719914Z,Samyn Classic,ADDED,LAURYSSEN Yorben,rider/yorben-lauryssen
2026-03-28T12:57:57.719914Z,Brabantse Pijl,ADDED,LAURYSSEN Yorben,rider/yorben-lauryssen
2026-03-28T12:57:57.719914Z,Bredene Koksijde Classic,ADDED,LAURYSSEN Yorben,rider/yorben-lauryssen
2026-03-28T12:57:57.719914Z,Amstel Gold Race,ADDED,BLACKMORE Joseph,rider/joseph-blackmore
2026-03-28T12:57:57.719914Z,Luik-Bastenaken-Luik,ADDED,BLACKMORE Joseph,rider/joseph-blackmore
2026-03-28T12:57:57.719914Z,Brabantse Pijl,ADDED,BLACKMORE Joseph,rider/joseph-blackmore
2026-03-28T12:57:57.719914Z,Waalse Pijl,ADDED,BLACKMORE Joseph,rider/joseph-blackmore
2026-03-28T12:57:57.719914Z,Milaan-Sanremo,ADDED,MUÑOZ Francisco,rider/francisco-munoz-llana
2026-03-28T12:57:57.719914Z,Strade Bianche,ADDED,MUÑOZ Francisco,rider/francisco-munoz-llana
2026-03-28T12:57:57.719914Z,Kuurne-Brussel-Kuurne,ADDED,MAGNIER Paul,rider/paul-magnier
2026-03-28T12:57:57.719914Z,Omloop Nieuwsblad,ADDED,MAGNIER Paul,rider/paul-magnier
2026-03-28T12:57:57.719914Z,Milaan-Sanremo,ADDED,MAGNIER Paul,rider/paul-magnier
2026-03-28T12:57:57.719914Z,Ronde van Vlaanderen,ADDED,MAGNIER Paul,rider/paul-magnier
2026-03-28T12:57:57.719914Z,In Flanders Fields,ADDED,MAGNIER Paul,rider/paul-magnier
2026-03-28T12:57:57.719914Z,Dwars door Vlaanderen,ADDED,MAGNIER Paul,rider/paul-magnier
2026-03-28T12:57:57.719914Z,Milaan-Sanremo,ADDED,CARUSO Damiano,rider/damiano-caruso
2026-03-28T12:57:57.719914Z,Ronde van Limburg,ADDED,STOCKMAN Abram,rider/abram-stockman
2026-03-28T12:57:57.719914Z,Scheldeprijs,ADDED,STOCKMAN Abram,rider/abram-stockman
2026-03-28T12:57:57.719914Z,Ronde van Brugge,ADDED,STOCKMAN Abram,rider/abram-stockman
2026-03-28T12:57:57.719914Z,Ronde van Vlaanderen,ADDED,STOCKMAN Abram,rider/abram-stockman
2026-03-28T12:57:57.719914Z,Bredene Koksijde Classic,ADDED,STOCKMAN Abram,rider/abram-stockman
2026-03-28T12:57:57.719914Z,Amstel Gold Race,ADDED,STOCKMAN Abram,rider/abram-stockman
2026-03-28T12:57:57.719914Z,Amstel Gold Race,ADDED,TULETT Ben,rider/ben-tulett
2026-03-28T12:57:57.719914Z,Luik-Bastenaken-Luik,ADDED,TULETT Ben,rider/ben-tulett
2026-03-28T12:57:57.719914Z,Waalse Pijl,ADDED,TULETT Ben,rider/ben-tulett
2026-03-28T12:57:57.719914Z,Bredene Koksijde Classic,ADDED,MANZIN Lorrenzo,rider/lorrenzo-manzin
2026-03-28T12:57:57.719914Z,Nokere Koerse,ADDED,MANZIN Lorrenzo,rider/lorrenzo-manzin
2026-03-28T12:57:57.719914Z,Ronde van Brugge,ADDED,MANZIN Lorrenzo,rider/lorrenzo-manzin
2026-03-28T12:57:57.719914Z,E3 Saxo Classic,ADDED,DEWEIRDT Siebe,rider/siebe-deweirdt
2026-03-28T12:57:57.719914Z,Omloop Nieuwsblad,ADDED,DEWEIRDT Siebe,rider/siebe-deweirdt
2026-03-28T12:57:57.719914Z,Bredene Koksijde Classic,ADDED,DEWEIRDT Siebe,rider/siebe-deweirdt
2026-03-28T12:57:57.719914Z,Amstel Gold Race,ADDED,DEWEIRDT Siebe,rider/siebe-deweirdt
2026-03-28T12:57:57.719914Z,Nokere Koerse,ADDED,DEWEIRDT Siebe,rider/siebe-deweirdt
2026-03-28T12:57:57.719914Z,Kuurne-Brussel-Kuurne,ADDED,BRUNEL Alexys,rider/alexys-brunel
2026-03-28T12:57:57.719914Z,E3 Saxo Classic,ADDED,BRUNEL Alexys,rider/alexys-brunel
2026-03-28T12:57:57.719914Z,Omloop Nieuwsblad,ADDED,BRUNEL Alexys,rider/alexys-brunel
2026-03-28T12:57:57.719914Z,Ronde van Vlaanderen,ADDED,BRUNEL Alexys,rider/alexys-brunel
2026-03-28T12:57:57.719914Z,In Flanders Fields,ADDED,BRUNEL Alexys,rider/alexys-brunel
2026-03-28T12:57:57.719914Z,Nokere Koerse,ADDED,BRUNEL Alexys,rider/alexys-brunel
2026-03-28T12:57:57.719914Z,Dwars door Vlaanderen,ADDED,BRUNEL Alexys,rider/alexys-brunel
2026-03-28T12:57:57.719914Z,Amstel Gold Race,ADDED,FOSS Tobias,rider/tobias-foss
2026-03-28T12:57:57.719914Z,Omloop Nieuwsblad,ADDED,BEULLENS Cedric,rider/cedric-beullens
2026-03-28T12:57:57.719914Z,Ronde van Brugge,ADDED,BEULLENS Cedric,rider/cedric-beullens
2026-03-28T12:57:57.719914Z,Ronde van Vlaanderen,ADDED,BEULLENS Cedric,rider/cedric-beullens
2026-03-28T12:57:57.719914Z,Bredene Koksijde Classic,ADDED,BEULLENS Cedric,rider/cedric-beullens
2026-03-28T12:57:57.719914Z,In Flanders Fields,ADDED,BEULLENS Cedric,rider/cedric-beullens
2026-03-28T12:57:57.719914Z,Dwars door Vlaanderen,ADDED,BEULLENS Cedric,rider/cedric-beullens
2026-03-28T12:57:57.719914Z,Samyn Classic,ADDED,BEULLENS Cedric,rider/cedric-beullens
2026-03-28T12:57:57.719914Z,Samyn Classic,ADDED,MELOTTE Matteo,rider/matteo-melotte
2026-03-28T12:57:57.719914Z,Kuurne-Brussel-Kuurne,ADDED,ROMELE Alessandro,rider/alessandro-romele
2026-03-28T12:57:57.719914Z,E3 Saxo Classic,ADDED,ROMELE Alessandro,rider/alessandro-romele
2026-03-28T12:57:57.719914Z,Bredene Koksijde Classic,ADDED,ROMELE Alessandro,rider/alessandro-romele
2026-03-28T12:57:57.719914Z,Ronde van Vlaanderen,ADDED,ROMELE Alessandro,rider/alessandro-romele
2026-03-28T12:57:57.719914Z,Omloop Nieuwsblad,ADDED,ROMELE Alessandro,rider/alessandro-romele
2026-03-28T12:57:57.719914Z,Dwars door Vlaanderen,ADDED,ROMELE Alessandro,rider/alessandro-romele
2026-03-28T12:57:57.719914Z,Strade Bianche,ADDED,THALMANN Roland,rider/roland-thalmann
2026-03-28T12:57:57.719914Z,Bredene Koksijde Classic,ADDED,BRINKMAN Joost,rider/joost-brinkman
2026-03-28T12:57:57.719914Z,Ronde van Limburg,ADDED,BRINKMAN Joost,rider/joost-brinkman
2026-03-28T12:57:57.719914Z,Omloop Nieuwsblad,ADDED,BLOEM Joren,rider/joren-bloem2
2026-03-28T12:57:57.719914Z,Brabantse Pijl,ADDED,BLOEM Joren,rider/joren-bloem2
2026-03-28T12:57:57.719914Z,Ronde van Vlaanderen,ADDED,BLOEM Joren,rider/joren-bloem2
2026-03-28T12:57:57.719914Z,In Flanders Fields,ADDED,BLOEM Joren,rider/joren-bloem2
2026-03-28T12:57:57.719914Z,Nokere Koerse,ADDED,BLOEM Joren,rider/joren-bloem2
2026-03-28T12:57:57.719914Z,Dwars door Vlaanderen,ADDED,BLOEM Joren,rider/joren-bloem2
2026-03-28T12:57:57.719914Z,Samyn Classic,ADDED,BLOEM Joren,rider/joren-bloem2
2026-03-28T12:57:57.719914Z,Scheldeprijs,ADDED,VERBRUGGHE Jens,rider/jens-verbrugghe
2026-03-28T12:57:57.719914Z,Nokere Koerse,ADDED,VERBRUGGHE Jens,rider/jens-verbrugghe
2026-03-28T12:57:57.719914Z,Samyn Classic,ADDED,VERBRUGGHE Jens,rider/jens-verbrugghe
2026-03-28T12:57:57.719914Z,Ronde van Limburg,ADDED,VERBRUGGHE Jens,rider/jens-verbrugghe
2026-03-28T12:57:57.719914Z,Samyn Classic,ADDED,BASTIAENS Ayco,rider/ayco-bastiaens
2026-03-28T12:57:57.719914Z,Amstel Gold Race,ADDED,SWEENY Harry,rider/harry-sweeny
2026-03-28T12:57:57.719914Z,Milaan-Sanremo,ADDED,SWEENY Harry,rider/harry-sweeny
2026-03-28T12:57:57.719914Z,Brabantse Pijl,ADDED,SWEENY Harry,rider/harry-sweeny
2026-03-28T12:57:57.719914Z,Samyn Classic,ADDED,DEHAIRS Simon,rider/simon-dehairs
2026-03-28T12:57:57.719914Z,Ronde van Brugge,ADDED,DEHAIRS Simon,rider/simon-dehairs
2026-03-28T12:57:57.719914Z,E3 Saxo Classic,ADDED,GAUTHERAT Pierre,rider/pierre-gautherat
2026-03-28T12:57:57.719914Z,Milaan-Sanremo,ADDED,GAUTHERAT Pierre,rider/pierre-gautherat
2026-03-28T12:57:57.719914Z,Ronde van Brugge,ADDED,GAUTHERAT Pierre,rider/pierre-gautherat
2026-03-28T12:57:57.719914Z,Amstel Gold Race,ADDED,GAUTHERAT Pierre,rider/pierre-gautherat
2026-03-28T12:57:57.719914Z,Strade Bianche,ADDED,GAUTHERAT Pierre,rider/pierre-gautherat
2026-03-28T12:57:57.719914Z,Ronde van Brugge,ADDED,BRUTTOMESSO Alberto,rider/alberto-bruttomesso
2026-03-28T12:57:57.719914Z,Nokere Koerse,ADDED,BRUTTOMESSO Alberto,rider/alberto-bruttomesso
2026-03-28T12:57:57.719914Z,Samyn Classic,ADDED,BRUTTOMESSO Alberto,rider/alberto-bruttomesso
2026-03-28T12:57:57.719914Z,Ronde van Limburg,ADDED,BRUTTOMESSO Alberto,rider/alberto-bruttomesso
2026-03-28T12:57:57.719914Z,Milaan-Sanremo,ADDED,PERON Andrea,rider/andrea-peron
2026-03-28T12:57:57.719914Z,Nokere Koerse,ADDED,SVARRE Tobias,rider/tobias-svarre
2026-03-28T12:57:57.719914Z,Bredene Koksijde Classic,ADDED,SVARRE Tobias,rider/tobias-svarre
2026-03-28T12:57:57.719914Z,Ronde van Limburg,ADDED,THIJSSEN Gerben,rider/gerben-thijssen
2026-03-28T12:57:57.719914Z,Ronde van Brugge,ADDED,THIJSSEN Gerben,rider/gerben-thijssen
2026-03-28T12:57:57.719914Z,Bredene Koksijde Classic,ADDED,THIJSSEN Gerben,rider/gerben-thijssen
2026-03-28T12:57:57.719914Z,Nokere Koerse,ADDED,THIJSSEN Gerben,rider/gerben-thijssen
2026-03-28T12:57:57.719914Z,Samyn Classic,ADDED,THIJSSEN Gerben,rider/gerben-thijssen
2026-03-28T12:57:57.719914Z,Dwars door Vlaanderen,ADDED,GANNA Filippo,rider/filippo-ganna
2026-03-28T12:57:57.719914Z,In Flanders Fields,ADDED,GANNA Filippo,rider/filippo-ganna
2026-03-28T12:57:57.719914Z,Parijs-Roubaix,ADDED,GANNA Filippo,rider/filippo-ganna
2026-03-28T12:57:57.719914Z,Milaan-Sanremo,ADDED,GANNA Filippo,rider/filippo-ganna
2026-03-28T12:57:57.719914Z,Ronde van Brugge,ADDED,BRAET Vito,rider/vito-braet
2026-03-28T12:57:57.719914Z,Amstel Gold Race,ADDED,BRAET Vito,rider/vito-braet
2026-03-28T12:57:57.719914Z,Dwars door Vlaanderen,ADDED,BRAET Vito,rider/vito-braet
2026-03-28T12:57:57.719914Z,Kuurne-Brussel-Kuurne,ADDED,BRAET Vito,rider/vito-braet
2026-03-28T12:57:57.719914Z,E3 Saxo Classic,ADDED,BRAET Vito,rider/vito-braet
2026-03-28T12:57:57.719914Z,Ronde van Limburg,ADDED,BRAET Vito,rider/vito-braet
2026-03-28T12:57:57.719914Z,Bredene Koksijde Classic,ADDED,BRAET Vito,rider/vito-braet
2026-03-28T12:57:57.719914Z,Ronde van Vlaanderen,ADDED,BRAET Vito,rider/vito-braet
2026-03-28T12:57:57.719914Z,Omloop Nieuwsblad,ADDED,BRAET Vito,rider/vito-braet
2026-03-28T12:57:57.719914Z,Brabantse Pijl,ADDED,BRAET Vito,rider/vito-braet
2026-03-28T12:57:57.719914Z,Samyn Classic,ADDED,BRAET Vito,rider/vito-braet
2026-03-28T12:57:57.719914Z,Nokere Koerse,ADDED,KOCKELMANN Mathieu,rider/mathieu-kockelmann
2026-03-28T12:57:57.719914Z,Strade Bianche,ADDED,KOCKELMANN Mathieu,rider/mathieu-kockelmann
2026-03-28T12:57:57.719914Z,Dwars door Vlaanderen,ADDED,SEGAERT Alec,rider/alec-segaert
2026-03-28T12:57:57.719914Z,Kuurne-Brussel-Kuurne,ADDED,SEGAERT Alec,rider/alec-segaert
2026-03-28T12:57:57.719914Z,E3 Saxo Classic,ADDED,SEGAERT Alec,rider/alec-segaert
2026-03-28T12:57:57.719914Z,In Flanders Fields,ADDED,SEGAERT Alec,rider/alec-segaert
2026-03-28T12:57:57.719914Z,Ronde van Vlaanderen,ADDED,SEGAERT Alec,rider/alec-segaert
2026-03-28T12:57:57.719914Z,Omloop Nieuwsblad,ADDED,SEGAERT Alec,rider/alec-segaert
2026-03-28T12:57:57.719914Z,Nokere Koerse,ADDED,SEGAERT Alec,rider/alec-segaert
2026-03-28T12:57:57.719914Z,Parijs-Roubaix,ADDED,SEGAERT Alec,rider/alec-segaert
2026-03-28T12:57:57.719914Z,Samyn Classic,ADDED,SEGAERT Alec,rider/alec-segaert
2026-03-28T12:57:57.719914Z,Amstel Gold Race,ADDED,BAUDIN Alex,rider/alex-baudin
2026-03-28T12:57:57.719914Z,Luik-Bastenaken-Luik,ADDED,BAUDIN Alex,rider/alex-baudin
2026-03-28T12:57:57.719914Z,Brabantse Pijl,ADDED,BAUDIN Alex,rider/alex-baudin
2026-03-28T12:57:57.719914Z,Waalse Pijl,ADDED,BAUDIN Alex,rider/alex-baudin
2026-03-28T12:57:57.719914Z,Ronde van Vlaanderen,ADDED,HUENS Axel,rider/axel-huens
2026-03-28T12:57:57.719914Z,Ronde van Brugge,ADDED,HUENS Axel,rider/axel-huens
2026-03-28T12:57:57.719914Z,Dwars door Vlaanderen,ADDED,HUENS Axel,rider/axel-huens
2026-03-28T12:57:57.719914Z,Kuurne-Brussel-Kuurne,ADDED,HUENS Axel,rider/axel-huens
2026-03-28T12:57:57.719914Z,E3 Saxo Classic,ADDED,HUENS Axel,rider/axel-huens
2026-03-28T12:57:57.719914Z,Bredene Koksijde Classic,ADDED,HUENS Axel,rider/axel-huens
2026-03-28T12:57:57.719914Z,In Flanders Fields,ADDED,HUENS Axel,rider/axel-huens
2026-03-28T12:57:57.719914Z,Omloop Nieuwsblad,ADDED,HUENS Axel,rider/axel-huens
2026-03-28T12:57:57.719914Z,Nokere Koerse,ADDED,HUENS Axel,rider/axel-huens
2026-03-28T12:57:57.719914Z,Samyn Classic,ADDED,HUENS Axel,rider/axel-huens
2026-03-28T12:57:57.719914Z,Bredene Koksijde Classic,ADDED,HULSMANS Senne,rider/senne-hulsmans
2026-03-28T12:57:57.719914Z,Kuurne-Brussel-Kuurne,ADDED,MOLANO Juan Sebastián,rider/juan-sebastian-molano
2026-03-28T12:57:57.719914Z,Omloop Nieuwsblad,ADDED,MOLANO Juan Sebastián,rider/juan-sebastian-molano
2026-03-28T12:57:57.719914Z,Ronde van Brugge,ADDED,MOLANO Juan Sebastián,rider/juan-sebastian-molano
2026-03-28T12:57:57.719914Z,Bredene Koksijde Classic,ADDED,MOLANO Juan Sebastián,rider/juan-sebastian-molano
2026-03-28T12:57:57.719914Z,In Flanders Fields,ADDED,MOLANO Juan Sebastián,rider/juan-sebastian-molano
2026-03-28T12:57:57.719914Z,Nokere Koerse,ADDED,MOLANO Juan Sebastián,rider/juan-sebastian-molano
2026-03-28T12:57:57.719914Z,Samyn Classic,ADDED,CROCKETT Finn,rider/finn-crockett
2026-03-28T12:57:57.719914Z,Bredene Koksijde Classic,ADDED,CROCKETT Finn,rider/finn-crockett
2026-03-28T12:57:57.719914Z,Scheldeprijs,ADDED,O'BRIEN Kelland,rider/kelland-brien
2026-03-28T12:57:57.719914Z,Ronde van Brugge,ADDED,O'BRIEN Kelland,rider/kelland-brien
2026-03-28T12:57:57.719914Z,Dwars door Vlaanderen,ADDED,O'BRIEN Kelland,rider/kelland-brien
2026-03-28T12:57:57.719914Z,Kuurne-Brussel-Kuurne,ADDED,O'BRIEN Kelland,rider/kelland-brien
2026-03-28T12:57:57.719914Z,E3 Saxo Classic,ADDED,O'BRIEN Kelland,rider/kelland-brien
2026-03-28T12:57:57.719914Z,Milaan-Sanremo,ADDED,O'BRIEN Kelland,rider/kelland-brien
2026-03-28T12:57:57.719914Z,In Flanders Fields,ADDED,O'BRIEN Kelland,rider/kelland-brien
2026-03-28T12:57:57.719914Z,Omloop Nieuwsblad,ADDED,O'BRIEN Kelland,rider/kelland-brien
2026-03-28T12:57:57.719914Z,Amstel Gold Race,ADDED,PACHER Quentin,rider/quentin-pacher
2026-03-28T12:57:57.719914Z,Milaan-Sanremo,ADDED,PACHER Quentin,rider/quentin-pacher
2026-03-28T12:57:57.719914Z,Brabantse Pijl,ADDED,PACHER Quentin,rider/quentin-pacher
2026-03-28T12:57:57.719914Z,Milaan-Sanremo,ADDED,RACCAGNI Gabriele,rider/gabriele-raccagni
2026-03-28T12:57:57.719914Z,Nokere Koerse,ADDED,KILLY Jonah,rider/jonah-killy
2026-03-28T12:57:57.719914Z,Brabantse Pijl,ADDED,KILLY Jonah,rider/jonah-killy
2026-03-28T12:57:57.719914Z,Bredene Koksijde Classic,ADDED,KILLY Jonah,rider/jonah-killy
2026-03-28T12:57:57.719914Z,Ronde van Limburg,ADDED,KILLY Jonah,rider/jonah-killy
2026-03-28T12:57:57.719914Z,Scheldeprijs,ADDED,CONSONNI Simone,rider/simone-consonni
2026-03-28T12:57:57.719914Z,Ronde van Brugge,ADDED,CONSONNI Simone,rider/simone-consonni
2026-03-28T12:57:57.719914Z,Strade Bianche,ADDED,STENICO Mattia,rider/mattia-stenico
2026-03-28T12:57:57.719914Z,Ronde van Brugge,ADDED,BOUGLAS Georgios,rider/georgios-bouglas
2026-03-28T12:57:57.719914Z,Dwars door Vlaanderen,ADDED,BOUGLAS Georgios,rider/georgios-bouglas
2026-03-28T12:57:57.719914Z,Kuurne-Brussel-Kuurne,ADDED,BOUGLAS Georgios,rider/georgios-bouglas
2026-03-28T12:57:57.719914Z,E3 Saxo Classic,ADDED,BOUGLAS Georgios,rider/georgios-bouglas
2026-03-28T12:57:57.719914Z,In Flanders Fields,ADDED,BOUGLAS Georgios,rider/georgios-bouglas
2026-03-28T12:57:57.719914Z,Ronde van Limburg,ADDED,BOUGLAS Georgios,rider/georgios-bouglas
2026-03-28T12:57:57.719914Z,Omloop Nieuwsblad,ADDED,BOUGLAS Georgios,rider/georgios-bouglas
2026-03-28T12:57:57.719914Z,Brabantse Pijl,ADDED,BOUGLAS Georgios,rider/georgios-bouglas
2026-03-28T12:57:57.719914Z,Kuurne-Brussel-Kuurne,ADDED,TORNEY Artuur,rider/artuur-torney
2026-03-28T12:57:57.719914Z,Scheldeprijs,ADDED,TORNEY Artuur,rider/artuur-torney
2026-03-28T12:57:57.719914Z,Ronde van Limburg,ADDED,TORNEY Artuur,rider/artuur-torney
2026-03-28T12:57:57.719914Z,Ronde van Brugge,ADDED,TORNEY Artuur,rider/artuur-torney
2026-03-28T12:57:57.719914Z,Bredene Koksijde Classic,ADDED,TORNEY Artuur,rider/artuur-torney
2026-03-28T12:57:57.719914Z,Dwars door Vlaanderen,ADDED,TORNEY Artuur,rider/artuur-torney
2026-03-28T12:57:57.719914Z,Samyn Classic,ADDED,TORNEY Artuur,rider/artuur-torney
2026-03-28T12:57:57.719914Z,Ronde van Brugge,ADDED,MILAN Matteo,rider/matteo-milan
2026-03-28T12:57:57.719914Z,Samyn Classic,ADDED,MILAN Matteo,rider/matteo-milan
2026-03-28T12:57:57.719914Z,Bredene Koksijde Classic,ADDED,MILAN Matteo,rider/matteo-milan
2026-03-28T12:57:57.719914Z,Milaan-Sanremo,ADDED,POLGA Antonio,rider/antonio-polga
2026-03-28T12:57:57.719914Z,Waalse Pijl,ADDED,LAFAY Victor,rider/victor-lafay
2026-03-28T12:57:57.719914Z,Scheldeprijs,ADDED,VAN DE WYNKELE Lorenz,rider/lorenz-van-de-wynkele
2026-03-28T12:57:57.719914Z,Dwars door Vlaanderen,ADDED,PITHIE Laurence,rider/laurence-pithie
2026-03-28T12:57:57.719914Z,Kuurne-Brussel-Kuurne,ADDED,PITHIE Laurence,rider/laurence-pithie
2026-03-28T12:57:57.719914Z,E3 Saxo Classic,ADDED,PITHIE Laurence,rider/laurence-pithie
2026-03-28T12:57:57.719914Z,Milaan-Sanremo,ADDED,PITHIE Laurence,rider/laurence-pithie
2026-03-28T12:57:57.719914Z,In Flanders Fields,ADDED,PITHIE Laurence,rider/laurence-pithie
2026-03-28T12:57:57.719914Z,Ronde van Vlaanderen,ADDED,PITHIE Laurence,rider/laurence-pithie
2026-03-28T12:57:57.719914Z,Omloop Nieuwsblad,ADDED,PITHIE Laurence,rider/laurence-pithie
2026-03-28T12:57:57.719914Z,Parijs-Roubaix,ADDED,PITHIE Laurence,rider/laurence-pithie
2026-03-28T12:57:57.719914Z,Waalse Pijl,ADDED,JOHANNESSEN Tobias Halland,rider/tobias-halland-johannessen
2026-03-28T12:57:57.719914Z,Luik-Bastenaken-Luik,ADDED,JOHANNESSEN Tobias Halland,rider/tobias-halland-johannessen
2026-03-28T12:57:57.719914Z,Strade Bianche,ADDED,JOHANNESSEN Tobias Halland,rider/tobias-halland-johannessen
2026-03-28T12:57:57.719914Z,Milaan-Sanremo,ADDED,BRAZ AFONSO Clément,rider/clement-braz-afonso
2026-03-28T12:57:57.719914Z,Strade Bianche,ADDED,BRAZ AFONSO Clément,rider/clement-braz-afonso
2026-03-28T12:57:57.719914Z,Strade Bianche,ADDED,GRAAT Tijmen,rider/tijmen-graat
2026-03-28T12:57:57.719914Z,Amstel Gold Race,ADDED,ZAMBANINI Edoardo,rider/edoardo-zambanini
2026-03-28T12:57:57.719914Z,Milaan-Sanremo,ADDED,ZAMBANINI Edoardo,rider/edoardo-zambanini
2026-03-28T12:57:57.719914Z,Brabantse Pijl,ADDED,ZAMBANINI Edoardo,rider/edoardo-zambanini
2026-03-28T12:57:57.719914Z,Strade Bianche,ADDED,ZAMBANINI Edoardo,rider/edoardo-zambanini
2026-03-28T12:57:57.719914Z,Kuurne-Brussel-Kuurne,ADDED,ASGREEN Kasper,rider/kasper-asgreen
2026-03-28T12:57:57.719914Z,Omloop Nieuwsblad,ADDED,ASGREEN Kasper,rider/kasper-asgreen
2026-03-28T12:57:57.719914Z,Milaan-Sanremo,ADDED,ASGREEN Kasper,rider/kasper-asgreen
2026-03-28T12:57:57.719914Z,Ronde van Vlaanderen,ADDED,ASGREEN Kasper,rider/kasper-asgreen
2026-03-28T12:57:57.719914Z,In Flanders Fields,ADDED,ASGREEN Kasper,rider/kasper-asgreen
2026-03-28T12:57:57.719914Z,Parijs-Roubaix,ADDED,ASGREEN Kasper,rider/kasper-asgreen
2026-03-28T12:57:57.719914Z,Dwars door Vlaanderen,ADDED,ASGREEN Kasper,rider/kasper-asgreen
2026-03-28T12:57:57.719914Z,E3 Saxo Classic,ADDED,HOELGAARD Markus,rider/markus-hoelgaard
2026-03-28T12:57:57.719914Z,Omloop Nieuwsblad,ADDED,HOELGAARD Markus,rider/markus-hoelgaard
2026-03-28T12:57:57.719914Z,Ronde van Vlaanderen,ADDED,HOELGAARD Markus,rider/markus-hoelgaard
2026-03-28T12:57:57.719914Z,In Flanders Fields,ADDED,HOELGAARD Markus,rider/markus-hoelgaard
2026-03-28T12:57:57.719914Z,Strade Bianche,ADDED,HOELGAARD Markus,rider/markus-hoelgaard
2026-03-28T12:57:57.719914Z,E3 Saxo Classic,ADDED,STUYVEN Jasper,rider/jasper-stuyven
2026-03-28T12:57:57.719914Z,Milaan-Sanremo,ADDED,STUYVEN Jasper,rider/jasper-stuyven
2026-03-28T12:57:57.719914Z,Ronde van Vlaanderen,ADDED,STUYVEN Jasper,rider/jasper-stuyven
2026-03-28T12:57:57.719914Z,In Flanders Fields,ADDED,STUYVEN Jasper,rider/jasper-stuyven
2026-03-28T12:57:57.719914Z,Parijs-Roubaix,ADDED,STUYVEN Jasper,rider/jasper-stuyven
2026-03-28T12:57:57.719914Z,Ronde van Vlaanderen,ADDED,FRISON Frederik,rider/frederik-frison
2026-03-28T12:57:57.719914Z,Scheldeprijs,ADDED,FRISON Frederik,rider/frederik-frison
2026-03-28T12:57:57.719914Z,Dwars door Vlaanderen,ADDED,FRISON Frederik,rider/frederik-frison
2026-03-28T12:57:57.719914Z,Kuurne-Brussel-Kuurne,ADDED,FRISON Frederik,rider/frederik-frison
2026-03-28T12:57:57.719914Z,E3 Saxo Classic,ADDED,FRISON Frederik,rider/frederik-frison
2026-03-28T12:57:57.719914Z,Ronde van Limburg,ADDED,FRISON Frederik,rider/frederik-frison
2026-03-28T12:57:57.719914Z,Bredene Koksijde Classic,ADDED,FRISON Frederik,rider/frederik-frison
2026-03-28T12:57:57.719914Z,In Flanders Fields,ADDED,FRISON Frederik,rider/frederik-frison
2026-03-28T12:57:57.719914Z,Omloop Nieuwsblad,ADDED,FRISON Frederik,rider/frederik-frison
2026-03-28T12:57:57.719914Z,Nokere Koerse,ADDED,FRISON Frederik,rider/frederik-frison
2026-03-28T12:57:57.719914Z,Amstel Gold Race,ADDED,AZPARREN Xabier Mikel,rider/xabier-mikel-azparren-irurzun
2026-03-28T12:57:57.719914Z,Milaan-Sanremo,ADDED,AZPARREN Xabier Mikel,rider/xabier-mikel-azparren-irurzun
2026-03-28T12:57:57.719914Z,Brabantse Pijl,ADDED,AZPARREN Xabier Mikel,rider/xabier-mikel-azparren-irurzun
2026-03-28T12:57:57.719914Z,Strade Bianche,ADDED,AZPARREN Xabier Mikel,rider/xabier-mikel-azparren-irurzun
2026-03-28T12:57:57.719914Z,Amstel Gold Race,ADDED,JOHANNESSEN Anders Halland,rider/anders-halland-johannessen
2026-03-28T12:57:57.719914Z,Strade Bianche,ADDED,JOHANNESSEN Anders Halland,rider/anders-halland-johannessen
2026-03-28T12:57:57.719914Z,Amstel Gold Race,ADDED,BERCKMOES Jenno,rider/jenno-berckmoes
2026-03-28T12:57:57.719914Z,Dwars door Vlaanderen,ADDED,BERCKMOES Jenno,rider/jenno-berckmoes
2026-03-28T12:57:57.719914Z,Strade Bianche,ADDED,BERCKMOES Jenno,rider/jenno-berckmoes
2026-03-28T12:57:57.719914Z,Kuurne-Brussel-Kuurne,ADDED,BERCKMOES Jenno,rider/jenno-berckmoes
2026-03-28T12:57:57.719914Z,E3 Saxo Classic,ADDED,BERCKMOES Jenno,rider/jenno-berckmoes
2026-03-28T12:57:57.719914Z,Milaan-Sanremo,ADDED,BERCKMOES Jenno,rider/jenno-berckmoes
2026-03-28T12:57:57.719914Z,In Flanders Fields,ADDED,BERCKMOES Jenno,rider/jenno-berckmoes
2026-03-28T12:57:57.719914Z,Ronde van Vlaanderen,ADDED,BERCKMOES Jenno,rider/jenno-berckmoes
2026-03-28T12:57:57.719914Z,Omloop Nieuwsblad,ADDED,BERCKMOES Jenno,rider/jenno-berckmoes
2026-03-28T12:57:57.719914Z,Brabantse Pijl,ADDED,BERCKMOES Jenno,rider/jenno-berckmoes
2026-03-28T12:57:57.719914Z,Omloop Nieuwsblad,ADDED,KÜNG Stefan,rider/stefan-kung
2026-03-28T12:57:57.719914Z,Milaan-Sanremo,ADDED,FISHER-BLACK Finn,rider/finn-fisher-black
2026-03-28T12:57:57.719914Z,Amstel Gold Race,ADDED,FAURE PROST Alexy,rider/alexy-faure-prost
2026-03-28T12:57:57.719914Z,Milaan-Sanremo,ADDED,FAURE PROST Alexy,rider/alexy-faure-prost
2026-03-28T12:57:57.719914Z,Strade Bianche,ADDED,FAURE PROST Alexy,rider/alexy-faure-prost
2026-03-28T12:57:57.719914Z,Strade Bianche,ADDED,GAROFOLI Gianmarco,rider/gianmarco-garofoli
2026-03-28T12:57:57.719914Z,Samyn Classic,ADDED,LECROQ Jérémy,rider/jeremy-lecroq
2026-03-28T12:57:57.719914Z,Strade Bianche,ADDED,SVRČEK Martin,rider/martin-svrcek
2026-03-28T12:57:57.719914Z,Samyn Classic,ADDED,SVRČEK Martin,rider/martin-svrcek
2026-03-28T12:57:57.719914Z,Ronde van Limburg,ADDED,SVRČEK Martin,rider/martin-svrcek
2026-03-28T12:57:57.719914Z,Waalse Pijl,ADDED,PARET-PEINTRE Aurélien,rider/aurelien-paret-peintre
2026-03-28T12:57:57.719914Z,Luik-Bastenaken-Luik,ADDED,PARET-PEINTRE Aurélien,rider/aurelien-paret-peintre
2026-03-28T12:57:57.719914Z,Omloop Nieuwsblad,ADDED,FOLDAGER Anders,rider/anders-foldager
2026-03-28T12:57:57.719914Z,Milaan-Sanremo,ADDED,FOLDAGER Anders,rider/anders-foldager
2026-03-28T12:57:57.719914Z,In Flanders Fields,ADDED,FOLDAGER Anders,rider/anders-foldager
2026-03-28T12:57:57.719914Z,Amstel Gold Race,ADDED,FOLDAGER Anders,rider/anders-foldager
2026-03-28T12:57:57.719914Z,Brabantse Pijl,ADDED,FOLDAGER Anders,rider/anders-foldager
2026-03-28T12:57:57.719914Z,Strade Bianche,ADDED,FOLDAGER Anders,rider/anders-foldager
2026-03-28T12:57:57.719914Z,Ronde van Brugge,ADDED,HEIDUK Kim,rider/kim-heiduk
2026-03-28T12:57:57.719914Z,Amstel Gold Race,ADDED,HEIDUK Kim,rider/kim-heiduk
2026-03-28T12:57:57.719914Z,Dwars door Vlaanderen,ADDED,HEIDUK Kim,rider/kim-heiduk
2026-03-28T12:57:57.719914Z,Strade Bianche,ADDED,HEIDUK Kim,rider/kim-heiduk
2026-03-28T12:57:57.719914Z,E3 Saxo Classic,ADDED,HEIDUK Kim,rider/kim-heiduk
2026-03-28T12:57:57.719914Z,In Flanders Fields,ADDED,HEIDUK Kim,rider/kim-heiduk
2026-03-28T12:57:57.719914Z,Ronde van Vlaanderen,ADDED,HEIDUK Kim,rider/kim-heiduk
2026-03-28T12:57:57.719914Z,Omloop Nieuwsblad,ADDED,HEIDUK Kim,rider/kim-heiduk
2026-03-28T12:57:57.719914Z,Amstel Gold Race,ADDED,ADRIÀ Roger,rider/roger-adria
2026-03-28T12:57:57.719914Z,Waalse Pijl,ADDED,ADRIÀ Roger,rider/roger-adria
2026-03-28T12:57:57.719914Z,Strade Bianche,ADDED,ADRIÀ Roger,rider/roger-adria
2026-03-28T12:57:57.719914Z,Kuurne-Brussel-Kuurne,ADDED,ADRIÀ Roger,rider/roger-adria
2026-03-28T12:57:57.719914Z,E3 Saxo Classic,ADDED,ADRIÀ Roger,rider/roger-adria
2026-03-28T12:57:57.719914Z,In Flanders Fields,ADDED,ADRIÀ Roger,rider/roger-adria
2026-03-28T12:57:57.719914Z,Omloop Nieuwsblad,ADDED,ADRIÀ Roger,rider/roger-adria
2026-03-28T12:57:57.719914Z,Luik-Bastenaken-Luik,ADDED,ADRIÀ Roger,rider/roger-adria
2026-03-28T12:57:57.719914Z,Ronde van Vlaanderen,ADDED,DE LA CALLE Hugo,rider/hugo-de-la-calle-arango
2026-03-28T12:57:57.719914Z,Scheldeprijs,ADDED,DE LA CALLE Hugo,rider/hugo-de-la-calle-arango
2026-03-28T12:57:57.719914Z,E3 Saxo Classic,ADDED,DE LA CALLE Hugo,rider/hugo-de-la-calle-arango
2026-03-28T12:57:57.719914Z,Brabantse Pijl,ADDED,DE LA CALLE Hugo,rider/hugo-de-la-calle-arango
2026-03-28T12:57:57.719914Z,Ronde van Limburg,ADDED,DE LA CALLE Hugo,rider/hugo-de-la-calle-arango
2026-03-28T12:57:57.719914Z,In Flanders Fields,ADDED,DE LA CALLE Hugo,rider/hugo-de-la-calle-arango
2026-03-28T12:57:57.719914Z,Dwars door Vlaanderen,ADDED,DE LA CALLE Hugo,rider/hugo-de-la-calle-arango
2026-03-28T12:57:57.719914Z,Strade Bianche,ADDED,KUZMIN Anton,rider/anton-kuzmin
2026-03-28T12:57:57.719914Z,Scheldeprijs,ADDED,RAJOVIĆ Dušan,rider/dusan-rajovic
2026-03-28T12:57:57.719914Z,Scheldeprijs,ADDED,PRICE-PEJTERSEN Johan,rider/johan-price-pejtersen
2026-03-28T12:57:57.719914Z,Samyn Classic,ADDED,PRICE-PEJTERSEN Johan,rider/johan-price-pejtersen
2026-03-28T12:57:57.719914Z,Samyn Classic,ADDED,CLAEYS Robbe,rider/robbe-claeys
2026-03-28T12:57:57.719914Z,Bredene Koksijde Classic,ADDED,CLAEYS Robbe,rider/robbe-claeys
2026-03-28T12:57:57.719914Z,Scheldeprijs,ADDED,ZIJLAARD Maikel,rider/maikel-zijlaard
2026-03-28T12:57:57.719914Z,Dwars door Vlaanderen,ADDED,ZIJLAARD Maikel,rider/maikel-zijlaard
2026-03-28T12:57:57.719914Z,Amstel Gold Race,ADDED,LEKNESSUND Andreas,rider/andreas-leknessund
2026-03-28T12:57:57.719914Z,Brabantse Pijl,ADDED,LEKNESSUND Andreas,rider/andreas-leknessund
2026-03-28T12:57:57.719914Z,Kuurne-Brussel-Kuurne,ADDED,LARSEN Niklas,rider/niklas-larsen
2026-03-28T12:57:57.719914Z,Scheldeprijs,ADDED,LARSEN Niklas,rider/niklas-larsen
2026-03-28T12:57:57.719914Z,Ronde van Brugge,ADDED,LARSEN Niklas,rider/niklas-larsen
2026-03-28T12:57:57.719914Z,Omloop Nieuwsblad,ADDED,LARSEN Niklas,rider/niklas-larsen
2026-03-28T12:57:57.719914Z,Dwars door Vlaanderen,ADDED,LARSEN Niklas,rider/niklas-larsen
2026-03-28T12:57:57.719914Z,Kuurne-Brussel-Kuurne,ADDED,HALLER Marco,rider/marco-haller
2026-03-28T12:57:57.719914Z,E3 Saxo Classic,ADDED,HALLER Marco,rider/marco-haller
2026-03-28T12:57:57.719914Z,Omloop Nieuwsblad,ADDED,HALLER Marco,rider/marco-haller
2026-03-28T12:57:57.719914Z,Milaan-Sanremo,ADDED,HALLER Marco,rider/marco-haller
2026-03-28T12:57:57.719914Z,Ronde van Vlaanderen,ADDED,HALLER Marco,rider/marco-haller
2026-03-28T12:57:57.719914Z,In Flanders Fields,ADDED,HALLER Marco,rider/marco-haller
2026-03-28T12:57:57.719914Z,E3 Saxo Classic,ADDED,TURGIS Anthony,rider/anthony-turgis
2026-03-28T12:57:57.719914Z,Omloop Nieuwsblad,ADDED,TURGIS Anthony,rider/anthony-turgis
2026-03-28T12:57:57.719914Z,Ronde van Vlaanderen,ADDED,TURGIS Anthony,rider/anthony-turgis
2026-03-28T12:57:57.719914Z,In Flanders Fields,ADDED,TURGIS Anthony,rider/anthony-turgis
2026-03-28T12:57:57.719914Z,Dwars door Vlaanderen,ADDED,TURGIS Anthony,rider/anthony-turgis
2026-03-28T12:57:57.719914Z,Waalse Pijl,ADDED,UIJTDEBROEKS Cian,rider/cian-uijtdebroeks
2026-03-28T12:57:57.719914Z,Luik-Bastenaken-Luik,ADDED,UIJTDEBROEKS Cian,rider/cian-uijtdebroeks
2026-03-28T12:57:57.719914Z,Nokere Koerse,ADDED,ETXEBERRIA Haimar,rider/haimar-etxeberria
2026-03-28T12:57:57.719914Z,Kuurne-Brussel-Kuurne,ADDED,MAYER Alexandre,rider/alexandre-mayer
2026-03-28T12:57:57.719914Z,E3 Saxo Classic,ADDED,MAYER Alexandre,rider/alexandre-mayer
2026-03-28T12:57:57.719914Z,Ronde van Brugge,ADDED,MAYER Alexandre,rider/alexandre-mayer
2026-03-28T12:57:57.719914Z,Ronde van Limburg,ADDED,MAYER Alexandre,rider/alexandre-mayer
2026-03-28T12:57:57.719914Z,Omloop Nieuwsblad,ADDED,MAYER Alexandre,rider/alexandre-mayer
2026-03-28T12:57:57.719914Z,Brabantse Pijl,ADDED,MAYER Alexandre,rider/alexandre-mayer
2026-03-28T12:57:57.719914Z,Bredene Koksijde Classic,ADDED,SU Haoyu,rider/haoyu-su
2026-03-28T12:57:57.719914Z,Luik-Bastenaken-Luik,ADDED,OTRUBA Jakub,rider/jakub-otruba
2026-03-28T12:57:57.719914Z,Waalse Pijl,ADDED,OTRUBA Jakub,rider/jakub-otruba
2026-03-28T12:57:57.719914Z,Nokere Koerse,ADDED,OTRUBA Jakub,rider/jakub-otruba
2026-03-28T12:57:57.719914Z,Bredene Koksijde Classic,ADDED,OTRUBA Jakub,rider/jakub-otruba
2026-03-28T12:57:57.719914Z,Ronde van Limburg,ADDED,SWENNE Delano,rider/delano-swenne
2026-03-28T12:57:57.719914Z,E3 Saxo Classic,ADDED,MIHKELS Madis,rider/madis-mihkels
2026-03-28T12:57:57.719914Z,Milaan-Sanremo,ADDED,MIHKELS Madis,rider/madis-mihkels
2026-03-28T12:57:57.719914Z,Ronde van Brugge,ADDED,MIHKELS Madis,rider/madis-mihkels
2026-03-28T12:57:57.719914Z,Ronde van Vlaanderen,ADDED,MIHKELS Madis,rider/madis-mihkels
2026-03-28T12:57:57.719914Z,In Flanders Fields,ADDED,MIHKELS Madis,rider/madis-mihkels
2026-03-28T12:57:57.719914Z,Parijs-Roubaix,ADDED,MIHKELS Madis,rider/madis-mihkels
2026-03-28T12:57:57.719914Z,Dwars door Vlaanderen,ADDED,MIHKELS Madis,rider/madis-mihkels
2026-03-28T12:57:57.719914Z,Kuurne-Brussel-Kuurne,ADDED,MARIT Arne,rider/arne-marit
2026-03-28T12:57:57.719914Z,Scheldeprijs,ADDED,MARIT Arne,rider/arne-marit
2026-03-28T12:57:57.719914Z,E3 Saxo Classic,ADDED,MARIT Arne,rider/arne-marit
2026-03-28T12:57:57.719914Z,Omloop Nieuwsblad,ADDED,MARIT Arne,rider/arne-marit
2026-03-28T12:57:57.719914Z,Nokere Koerse,ADDED,MARIT Arne,rider/arne-marit
2026-03-28T12:57:57.719914Z,Dwars door Vlaanderen,ADDED,MARIT Arne,rider/arne-marit
2026-03-28T12:57:57.719914Z,Samyn Classic,ADDED,MARIT Arne,rider/arne-marit
2026-03-28T12:57:57.719914Z,Scheldeprijs,ADDED,COPPENS Michiel,rider/michiel-coppens
2026-03-28T12:57:57.719914Z,Bredene Koksijde Classic,ADDED,COPPENS Michiel,rider/michiel-coppens
2026-03-28T12:57:57.719914Z,Ronde van Limburg,ADDED,COPPENS Michiel,rider/michiel-coppens
2026-03-28T12:57:57.719914Z,Brabantse Pijl,ADDED,COPPENS Michiel,rider/michiel-coppens
2026-03-28T12:57:57.719914Z,Samyn Classic,ADDED,COPPENS Michiel,rider/michiel-coppens
2026-03-28T12:57:57.719914Z,Kuurne-Brussel-Kuurne,ADDED,HUYSMANS Nolan,rider/nolan-huysmans
2026-03-28T12:57:57.719914Z,Ronde van Brugge,ADDED,HUYSMANS Nolan,rider/nolan-huysmans
2026-03-28T12:57:57.719914Z,Ronde van Limburg,ADDED,HUYSMANS Nolan,rider/nolan-huysmans
2026-03-28T12:57:57.719914Z,Dwars door Vlaanderen,ADDED,HUYSMANS Nolan,rider/nolan-huysmans
2026-03-28T12:57:57.719914Z,Samyn Classic,ADDED,HUYSMANS Nolan,rider/nolan-huysmans
2026-03-28T12:57:57.719914Z,E3 Saxo Classic,ADDED,GOGL Michael,rider/michael-gogl
2026-03-28T12:57:57.719914Z,Milaan-Sanremo,ADDED,GOGL Michael,rider/michael-gogl
2026-03-28T12:57:57.719914Z,Strade Bianche,ADDED,GOGL Michael,rider/michael-gogl
2026-03-28T12:57:57.719914Z,Kuurne-Brussel-Kuurne,ADDED,DESAL Ceriel,rider/ceriel-desal
2026-03-28T12:57:57.719914Z,Scheldeprijs,ADDED,DESAL Ceriel,rider/ceriel-desal
2026-03-28T12:57:57.719914Z,Bredene Koksijde Classic,ADDED,DESAL Ceriel,rider/ceriel-desal
2026-03-28T12:57:57.719914Z,Ronde van Limburg,ADDED,DESAL Ceriel,rider/ceriel-desal
2026-03-28T12:57:57.719914Z,Nokere Koerse,ADDED,DESAL Ceriel,rider/ceriel-desal
2026-03-28T12:57:57.719914Z,Samyn Classic,ADDED,DESAL Ceriel,rider/ceriel-desal
2026-03-28T12:57:57.719914Z,Omloop Nieuwsblad,ADDED,KOPECKÝ Tomáš,rider/tomas-kopecky
2026-03-28T12:57:57.719914Z,Milaan-Sanremo,ADDED,KOPECKÝ Tomáš,rider/tomas-kopecky
2026-03-28T12:57:57.719914Z,Ronde van Vlaanderen,ADDED,KOPECKÝ Tomáš,rider/tomas-kopecky
2026-03-28T12:57:57.719914Z,In Flanders Fields,ADDED,KOPECKÝ Tomáš,rider/tomas-kopecky
2026-03-28T12:57:57.719914Z,Dwars door Vlaanderen,ADDED,KOPECKÝ Tomáš,rider/tomas-kopecky
2026-03-28T12:57:57.719914Z,Samyn Classic,ADDED,KOPECKÝ Tomáš,rider/tomas-kopecky
2026-03-28T12:57:57.719914Z,Scheldeprijs,ADDED,MARCEROU Nicola,rider/nicola-marcerou
2026-03-28T12:57:57.719914Z,E3 Saxo Classic,ADDED,MARCEROU Nicola,rider/nicola-marcerou
2026-03-28T12:57:57.719914Z,Ronde van Brugge,ADDED,MARCEROU Nicola,rider/nicola-marcerou
2026-03-28T12:57:57.719914Z,Nokere Koerse,ADDED,MARCEROU Nicola,rider/nicola-marcerou
2026-03-28T12:57:57.719914Z,Samyn Classic,ADDED,MARCEROU Nicola,rider/nicola-marcerou
2026-03-28T12:57:57.719914Z,Brabantse Pijl,ADDED,AGOSTINACCHIO Mattia,rider/mattia-agostinacchio
2026-03-28T12:57:57.719914Z,Nokere Koerse,ADDED,BENNETT Sam,rider/sam-bennett
2026-03-28T12:57:57.719914Z,Bredene Koksijde Classic,ADDED,BENNETT Sam,rider/sam-bennett
2026-03-28T12:57:57.719914Z,Ronde van Limburg,ADDED,BENNETT Sam,rider/sam-bennett
2026-03-28T12:57:57.719914Z,Kuurne-Brussel-Kuurne,ADDED,DAUPHIN Florian,rider/florian-dauphin
2026-03-28T12:57:57.719914Z,Scheldeprijs,ADDED,DAUPHIN Florian,rider/florian-dauphin
2026-03-28T12:57:57.719914Z,Ronde van Brugge,ADDED,DAUPHIN Florian,rider/florian-dauphin
2026-03-28T12:57:57.719914Z,Ronde van Vlaanderen,ADDED,DAUPHIN Florian,rider/florian-dauphin
2026-03-28T12:57:57.719914Z,In Flanders Fields,ADDED,DAUPHIN Florian,rider/florian-dauphin
2026-03-28T12:57:57.719914Z,Dwars door Vlaanderen,ADDED,DAUPHIN Florian,rider/florian-dauphin
2026-03-28T12:57:57.719914Z,Samyn Classic,ADDED,DAUPHIN Florian,rider/florian-dauphin
2026-03-28T12:57:57.719914Z,Strade Bianche,ADDED,MÜHLBERGER Gregor,rider/gregor-muhlberger
2026-03-28T12:57:57.719914Z,Milaan-Sanremo,ADDED,BELLETTA Dario Igor,rider/dario-igor-belletta
2026-03-28T12:57:57.719914Z,E3 Saxo Classic,ADDED,VAN DER POEL Mathieu,rider/mathieu-van-der-poel
2026-03-28T12:57:57.719914Z,Omloop Nieuwsblad,ADDED,VAN DER POEL Mathieu,rider/mathieu-van-der-poel
2026-03-28T12:57:57.719914Z,Milaan-Sanremo,ADDED,VAN DER POEL Mathieu,rider/mathieu-van-der-poel
2026-03-28T12:57:57.719914Z,Ronde van Vlaanderen,ADDED,VAN DER POEL Mathieu,rider/mathieu-van-der-poel
2026-03-28T12:57:57.719914Z,In Flanders Fields,ADDED,VAN DER POEL Mathieu,rider/mathieu-van-der-poel
2026-03-28T12:57:57.719914Z,Parijs-Roubaix,ADDED,VAN DER POEL Mathieu,rider/mathieu-van-der-poel
2026-03-28T12:57:57.719914Z,Bredene Koksijde Classic,ADDED,BOWER Lewis,rider/lewis-bower
2026-03-28T12:57:57.719914Z,Nokere Koerse,ADDED,BOWER Lewis,rider/lewis-bower
2026-03-28T12:57:57.719914Z,Ronde van Brugge,ADDED,BOWER Lewis,rider/lewis-bower
2026-03-28T12:57:57.719914Z,Brabantse Pijl,ADDED,PORTER Rudy,rider/rudy-porter
2026-03-28T12:57:57.719914Z,Kuurne-Brussel-Kuurne,ADDED,GATE Aaron,rider/aaron-gate
2026-03-28T12:57:57.719914Z,Omloop Nieuwsblad,ADDED,GATE Aaron,rider/aaron-gate
2026-03-28T12:57:57.719914Z,Ronde van Brugge,ADDED,GATE Aaron,rider/aaron-gate
2026-03-28T12:57:57.719914Z,Ronde van Vlaanderen,ADDED,GATE Aaron,rider/aaron-gate
2026-03-28T12:57:57.719914Z,In Flanders Fields,ADDED,GATE Aaron,rider/aaron-gate
2026-03-28T12:57:57.719914Z,Nokere Koerse,ADDED,GATE Aaron,rider/aaron-gate
2026-03-28T12:57:57.719914Z,Dwars door Vlaanderen,ADDED,GATE Aaron,rider/aaron-gate
2026-03-28T12:57:57.719914Z,Strade Bianche,ADDED,DONNENWIRTH Tom,rider/tom-donnenwirth
2026-03-28T12:57:57.719914Z,Kuurne-Brussel-Kuurne,ADDED,CAPIOT Amaury,rider/amaury-capiot
2026-03-28T12:57:57.719914Z,Omloop Nieuwsblad,ADDED,CAPIOT Amaury,rider/amaury-capiot
2026-03-28T12:57:57.719914Z,Nokere Koerse,ADDED,CAPIOT Amaury,rider/amaury-capiot
2026-03-28T12:57:57.719914Z,Ronde van Brugge,ADDED,CAPIOT Amaury,rider/amaury-capiot
2026-03-28T12:57:57.719914Z,Strade Bianche,ADDED,PINARELLO Alessandro,rider/alessandro-pinarello
2026-03-28T12:57:57.719914Z,Samyn Classic,ADDED,DE DOBBELAERE Born,rider/born-de-dobbelaere
2026-03-28T12:57:57.719914Z,Ronde van Limburg,ADDED,DE DOBBELAERE Born,rider/born-de-dobbelaere
2026-03-28T12:57:57.719914Z,Strade Bianche,ADDED,VERRE Alessandro,rider/alessandro-verre
2026-03-28T12:57:57.719914Z,Kuurne-Brussel-Kuurne,ADDED,GROVES Kaden,rider/kaden-groves
2026-03-28T12:57:57.719914Z,Ronde van Vlaanderen,ADDED,GROVES Kaden,rider/kaden-groves
2026-03-28T12:57:57.719914Z,Omloop Nieuwsblad,ADDED,GROVES Kaden,rider/kaden-groves
2026-03-28T12:57:57.719914Z,Parijs-Roubaix,ADDED,GROVES Kaden,rider/kaden-groves
2026-03-28T12:57:57.719914Z,Dwars door Vlaanderen,ADDED,GROVES Kaden,rider/kaden-groves
2026-03-28T12:57:57.719914Z,Scheldeprijs,ADDED,EISING Tijmen,rider/tijmen-eising
2026-03-28T12:57:57.719914Z,Bredene Koksijde Classic,ADDED,EISING Tijmen,rider/tijmen-eising
2026-03-28T12:57:57.719914Z,Ronde van Limburg,ADDED,EISING Tijmen,rider/tijmen-eising
2026-03-28T12:57:57.719914Z,Samyn Classic,ADDED,ABMA Elmar,rider/elmar-abma
2026-03-28T12:57:57.719914Z,Kuurne-Brussel-Kuurne,ADDED,KRIJNSEN Jelte,rider/jelte-krijnsen
2026-03-28T12:57:57.719914Z,E3 Saxo Classic,ADDED,KRIJNSEN Jelte,rider/jelte-krijnsen
2026-03-28T12:57:57.719914Z,Ronde van Brugge,ADDED,KRIJNSEN Jelte,rider/jelte-krijnsen
2026-03-28T12:57:57.719914Z,Bredene Koksijde Classic,ADDED,KRIJNSEN Jelte,rider/jelte-krijnsen
2026-03-28T12:57:57.719914Z,Omloop Nieuwsblad,ADDED,KRIJNSEN Jelte,rider/jelte-krijnsen
2026-03-28T12:57:57.719914Z,Parijs-Roubaix,ADDED,KRIJNSEN Jelte,rider/jelte-krijnsen
2026-03-28T12:57:57.719914Z,Dwars door Vlaanderen,ADDED,KRIJNSEN Jelte,rider/jelte-krijnsen
2026-03-28T12:57:57.719914Z,Strade Bianche,ADDED,TOLIO Alex,rider/alex-tolio
2026-03-28T12:57:57.719914Z,Amstel Gold Race,ADDED,CHRISTOPHERSEN Cedrik Bakke,rider/cedrik-bakke-christophersen
2026-03-28T12:57:57.719914Z,Brabantse Pijl,ADDED,CHRISTOPHERSEN Cedrik Bakke,rider/cedrik-bakke-christophersen
2026-03-28T12:57:57.719914Z,Strade Bianche,ADDED,CHRISTOPHERSEN Cedrik Bakke,rider/cedrik-bakke-christophersen
2026-03-28T12:57:57.719914Z,Nokere Koerse,ADDED,PUTZ Sebastian,rider/sebastian-putz
2026-03-28T12:57:57.719914Z,Samyn Classic,ADDED,SCHELDEMAN Xander,rider/xander-scheldeman
2026-03-28T12:57:57.719914Z,Nokere Koerse,ADDED,MICHIELSEN Thor,rider/thor-michielsen
2026-03-28T12:57:57.719914Z,E3 Saxo Classic,ADDED,LØLAND Sakarias Koller,rider/sakarias-koller-loland
2026-03-28T12:57:57.719914Z,Dwars door Vlaanderen,ADDED,LØLAND Sakarias Koller,rider/sakarias-koller-loland
2026-03-28T12:57:57.719914Z,Samyn Classic,ADDED,VISSER Guillaume,rider/guillaume-visser
2026-03-28T12:57:57.719914Z,Bredene Koksijde Classic,ADDED,PLOWRIGHT Jensen,rider/jensen-plowright
2026-03-28T12:57:57.719914Z,Amstel Gold Race,ADDED,KAMP Alexander,rider/alexander-kamp
2026-03-28T12:57:57.719914Z,Samyn Classic,ADDED,GRUPP Louis,rider/louis-grupp
2026-03-28T12:57:57.719914Z,E3 Saxo Classic,ADDED,TRATNIK Jan,rider/jan-tratnik
2026-03-28T12:57:57.719914Z,In Flanders Fields,ADDED,TRATNIK Jan,rider/jan-tratnik
2026-03-28T12:57:57.719914Z,Ronde van Vlaanderen,ADDED,TRATNIK Jan,rider/jan-tratnik
2026-03-28T12:57:57.719914Z,Amstel Gold Race,ADDED,TRATNIK Jan,rider/jan-tratnik
2026-03-28T12:57:57.719914Z,Luik-Bastenaken-Luik,ADDED,TRATNIK Jan,rider/jan-tratnik
2026-03-28T12:57:57.719914Z,Dwars door Vlaanderen,ADDED,TRATNIK Jan,rider/jan-tratnik
2026-03-28T12:57:57.719914Z,Ronde van Limburg,ADDED,CAPRA Thomas,rider/thomas-capra
2026-03-28T12:57:57.719914Z,Amstel Gold Race,ADDED,BAYER Tobias,rider/tobias-bayer
2026-03-28T12:57:57.719914Z,E3 Saxo Classic,ADDED,BAYER Tobias,rider/tobias-bayer
2026-03-28T12:57:57.719914Z,Omloop Nieuwsblad,ADDED,BAYER Tobias,rider/tobias-bayer
2026-03-28T12:57:57.719914Z,Bredene Koksijde Classic,ADDED,BAYER Tobias,rider/tobias-bayer
2026-03-28T12:57:57.719914Z,Ronde van Limburg,ADDED,TAMINIAUX Lionel,rider/lionel-taminiaux
2026-03-28T12:57:57.719914Z,Scheldeprijs,ADDED,TAMINIAUX Lionel,rider/lionel-taminiaux
2026-03-28T12:57:57.719914Z,Ronde van Brugge,ADDED,TAMINIAUX Lionel,rider/lionel-taminiaux
2026-03-28T12:57:57.719914Z,Bredene Koksijde Classic,ADDED,TAMINIAUX Lionel,rider/lionel-taminiaux
2026-03-28T12:57:57.719914Z,Nokere Koerse,ADDED,TAMINIAUX Lionel,rider/lionel-taminiaux
2026-03-28T12:57:57.719914Z,Scheldeprijs,ADDED,DRIZNERS Jarrad,rider/jarrad-drizners
2026-03-28T12:57:57.719914Z,Dwars door Vlaanderen,ADDED,DRIZNERS Jarrad,rider/jarrad-drizners
2026-03-28T12:57:57.719914Z,Kuurne-Brussel-Kuurne,ADDED,DRIZNERS Jarrad,rider/jarrad-drizners
2026-03-28T12:57:57.719914Z,E3 Saxo Classic,ADDED,DRIZNERS Jarrad,rider/jarrad-drizners
2026-03-28T12:57:57.719914Z,In Flanders Fields,ADDED,DRIZNERS Jarrad,rider/jarrad-drizners
2026-03-28T12:57:57.719914Z,Ronde van Vlaanderen,ADDED,DRIZNERS Jarrad,rider/jarrad-drizners
2026-03-28T12:57:57.719914Z,Omloop Nieuwsblad,ADDED,DRIZNERS Jarrad,rider/jarrad-drizners
2026-03-28T12:57:57.719914Z,Nokere Koerse,ADDED,DRIZNERS Jarrad,rider/jarrad-drizners
2026-03-28T12:57:57.719914Z,Samyn Classic,ADDED,DRIZNERS Jarrad,rider/jarrad-drizners
2026-03-28T12:57:57.719914Z,Scheldeprijs,ADDED,CORKERY Dillon,rider/dillon-corkery
2026-03-28T12:57:57.719914Z,Dwars door Vlaanderen,ADDED,CORKERY Dillon,rider/dillon-corkery
2026-03-28T12:57:57.719914Z,Ronde van Vlaanderen,ADDED,CORKERY Dillon,rider/dillon-corkery
2026-03-28T12:57:57.719914Z,E3 Saxo Classic,ADDED,GRUEL Thibaud,rider/thibaud-gruel
2026-03-28T12:57:57.719914Z,Omloop Nieuwsblad,ADDED,GRUEL Thibaud,rider/thibaud-gruel
2026-03-28T12:57:57.719914Z,Ronde van Vlaanderen,ADDED,GRUEL Thibaud,rider/thibaud-gruel
2026-03-28T12:57:57.719914Z,In Flanders Fields,ADDED,GRUEL Thibaud,rider/thibaud-gruel
2026-03-28T12:57:57.719914Z,Nokere Koerse,ADDED,GRUEL Thibaud,rider/thibaud-gruel
2026-03-28T12:57:57.719914Z,Dwars door Vlaanderen,ADDED,GRUEL Thibaud,rider/thibaud-gruel
2026-03-28T12:57:57.719914Z,Samyn Classic,ADDED,GRUEL Thibaud,rider/thibaud-gruel
2026-03-28T12:57:57.719914Z,Milaan-Sanremo,ADDED,PELLIZZARI Giulio,rider/giulio-pellizzari
2026-03-28T12:57:57.719914Z,Strade Bianche,ADDED,PELLIZZARI Giulio,rider/giulio-pellizzari
2026-03-28T12:57:57.719914Z,Amstel Gold Race,ADDED,CHAMPOUSSIN Clément,rider/clement-champoussin
2026-03-28T12:57:57.719914Z,Luik-Bastenaken-Luik,ADDED,CHAMPOUSSIN Clément,rider/clement-champoussin
2026-03-28T12:57:57.719914Z,Waalse Pijl,ADDED,CHAMPOUSSIN Clément,rider/clement-champoussin
2026-03-28T12:57:57.719914Z,Strade Bianche,ADDED,CHAMPOUSSIN Clément,rider/clement-champoussin
2026-03-28T12:57:57.719914Z,Amstel Gold Race,ADDED,COQUARD Bryan,rider/bryan-coquard
2026-03-28T12:57:57.719914Z,Milaan-Sanremo,ADDED,COQUARD Bryan,rider/bryan-coquard
2026-03-28T12:57:57.719914Z,Brabantse Pijl,ADDED,COQUARD Bryan,rider/bryan-coquard
2026-03-28T12:57:57.719914Z,Kuurne-Brussel-Kuurne,ADDED,MOSCHETTI Matteo,rider/matteo-moschetti
2026-03-28T12:57:57.719914Z,Scheldeprijs,ADDED,MOSCHETTI Matteo,rider/matteo-moschetti
2026-03-28T12:57:57.719914Z,Nokere Koerse,ADDED,MOSCHETTI Matteo,rider/matteo-moschetti
2026-03-28T12:57:57.719914Z,Bredene Koksijde Classic,ADDED,MOSCHETTI Matteo,rider/matteo-moschetti
2026-03-28T12:57:57.719914Z,Scheldeprijs,ADDED,KOLZE CHANGIZI Sebastian,rider/sebastian-kolze-changizi
2026-03-28T12:57:57.719914Z,Ronde van Brugge,ADDED,KOLZE CHANGIZI Sebastian,rider/sebastian-kolze-changizi
2026-03-28T12:57:57.719914Z,Bredene Koksijde Classic,ADDED,KOLZE CHANGIZI Sebastian,rider/sebastian-kolze-changizi
2026-03-28T12:57:57.719914Z,In Flanders Fields,ADDED,KOLZE CHANGIZI Sebastian,rider/sebastian-kolze-changizi
2026-03-28T12:57:57.719914Z,Nokere Koerse,ADDED,KOLZE CHANGIZI Sebastian,rider/sebastian-kolze-changizi
2026-03-28T12:57:57.719914Z,Dwars door Vlaanderen,ADDED,KOLZE CHANGIZI Sebastian,rider/sebastian-kolze-changizi
2026-03-28T12:57:57.719914Z,Strade Bianche,ADDED,BOICHIS Adrien,rider/adrien-boichis
2026-03-28T12:57:57.719914Z,Scheldeprijs,ADDED,VANHEEL Elias,rider/elias-vanheel
2026-03-28T12:57:57.719914Z,Ronde van Vlaanderen,ADDED,JOHANSEN Julius,rider/julius-johansen
2026-03-28T12:57:57.719914Z,Ronde van Brugge,ADDED,JOHANSEN Julius,rider/julius-johansen
2026-03-28T12:57:57.719914Z,Dwars door Vlaanderen,ADDED,JOHANSEN Julius,rider/julius-johansen
2026-03-28T12:57:57.719914Z,Kuurne-Brussel-Kuurne,ADDED,JOHANSEN Julius,rider/julius-johansen
2026-03-28T12:57:57.719914Z,E3 Saxo Classic,ADDED,JOHANSEN Julius,rider/julius-johansen
2026-03-28T12:57:57.719914Z,Bredene Koksijde Classic,ADDED,JOHANSEN Julius,rider/julius-johansen
2026-03-28T12:57:57.719914Z,In Flanders Fields,ADDED,JOHANSEN Julius,rider/julius-johansen
2026-03-28T12:57:57.719914Z,Omloop Nieuwsblad,ADDED,JOHANSEN Julius,rider/julius-johansen
2026-03-28T12:57:57.719914Z,Nokere Koerse,ADDED,JOHANSEN Julius,rider/julius-johansen
2026-03-28T12:57:57.719914Z,Parijs-Roubaix,ADDED,JOHANSEN Julius,rider/julius-johansen
2026-03-28T12:57:57.719914Z,E3 Saxo Classic,ADDED,LIENHARD Fabian,rider/fabian-lienhard
2026-03-28T12:57:57.719914Z,Ronde van Brugge,ADDED,LIENHARD Fabian,rider/fabian-lienhard
2026-03-28T12:57:57.719914Z,Bredene Koksijde Classic,ADDED,LIENHARD Fabian,rider/fabian-lienhard
2026-03-28T12:57:57.719914Z,In Flanders Fields,ADDED,LIENHARD Fabian,rider/fabian-lienhard
2026-03-28T12:57:57.719914Z,Nokere Koerse,ADDED,LIENHARD Fabian,rider/fabian-lienhard
2026-03-28T12:57:57.719914Z,Amstel Gold Race,ADDED,ARANBURU Alex,rider/alex-aranburu
2026-03-28T12:57:57.719914Z,Luik-Bastenaken-Luik,ADDED,ARANBURU Alex,rider/alex-aranburu
2026-03-28T12:57:57.719914Z,Milaan-Sanremo,ADDED,ARANBURU Alex,rider/alex-aranburu
2026-03-28T12:57:57.719914Z,Waalse Pijl,ADDED,ARANBURU Alex,rider/alex-aranburu
2026-03-28T12:57:57.719914Z,Milaan-Sanremo,ADDED,GUDMESTAD Tord,rider/tord-gudmestad
2026-03-28T12:57:57.719914Z,Ronde van Brugge,ADDED,GUDMESTAD Tord,rider/tord-gudmestad
2026-03-28T12:57:57.719914Z,Nokere Koerse,ADDED,SCALA Hugo,rider/hugo-scala
2026-03-28T12:57:57.719914Z,Bredene Koksijde Classic,ADDED,SCALA Hugo,rider/hugo-scala
2026-03-28T12:57:57.719914Z,Amstel Gold Race,ADDED,SCHACHMANN Maximilian,rider/maximilian-schachmann
2026-03-28T12:57:57.719914Z,Luik-Bastenaken-Luik,ADDED,SCHACHMANN Maximilian,rider/maximilian-schachmann
2026-03-28T12:57:57.719914Z,Milaan-Sanremo,ADDED,SCHACHMANN Maximilian,rider/maximilian-schachmann
2026-03-28T12:57:57.719914Z,Waalse Pijl,ADDED,SCHACHMANN Maximilian,rider/maximilian-schachmann
2026-03-28T12:57:57.719914Z,Amstel Gold Race,ADDED,KRON Andreas,rider/andreas-kron
2026-03-28T12:57:57.719914Z,Brabantse Pijl,ADDED,KRON Andreas,rider/andreas-kron
2026-03-28T12:57:57.719914Z,Strade Bianche,ADDED,KRON Andreas,rider/andreas-kron
2026-03-28T12:57:57.719914Z,Ronde van Limburg,ADDED,VANGHELUWE Warre,rider/warre-vangheluwe
2026-03-28T12:57:57.719914Z,Scheldeprijs,ADDED,VANGHELUWE Warre,rider/warre-vangheluwe
2026-03-28T12:57:57.719914Z,E3 Saxo Classic,ADDED,VANGHELUWE Warre,rider/warre-vangheluwe
2026-03-28T12:57:57.719914Z,Ronde van Brugge,ADDED,VANGHELUWE Warre,rider/warre-vangheluwe
2026-03-28T12:57:57.719914Z,Bredene Koksijde Classic,ADDED,VANGHELUWE Warre,rider/warre-vangheluwe
2026-03-28T12:57:57.719914Z,Nokere Koerse,ADDED,VANGHELUWE Warre,rider/warre-vangheluwe
2026-03-28T12:57:57.719914Z,Samyn Classic,ADDED,VANGHELUWE Warre,rider/warre-vangheluwe
2026-03-28T12:57:57.719914Z,Milaan-Sanremo,ADDED,ARMITT Hamish,rider/hamish-armitt
2026-03-28T12:57:57.719914Z,E3 Saxo Classic,ADDED,HAGENES Per Strand,rider/per-strand-hagenes
2026-03-28T12:57:57.719914Z,Ronde van Vlaanderen,ADDED,HAGENES Per Strand,rider/per-strand-hagenes
2026-03-28T12:57:57.719914Z,Omloop Nieuwsblad,ADDED,HAGENES Per Strand,rider/per-strand-hagenes
2026-03-28T12:57:57.719914Z,Dwars door Vlaanderen,ADDED,HAGENES Per Strand,rider/per-strand-hagenes
2026-03-28T12:57:57.719914Z,Samyn Classic,ADDED,HAGENES Per Strand,rider/per-strand-hagenes
2026-03-28T12:57:57.719914Z,Omloop Nieuwsblad,ADDED,KUBIŠ Lukáš,rider/lukas-kubis
2026-03-28T12:57:57.719914Z,Dwars door Vlaanderen,ADDED,KUBIŠ Lukáš,rider/lukas-kubis
2026-03-28T12:57:57.719914Z,Milaan-Sanremo,ADDED,KUBIŠ Lukáš,rider/lukas-kubis
2026-03-28T12:57:57.719914Z,Ronde van Vlaanderen,ADDED,KUBIŠ Lukáš,rider/lukas-kubis
2026-03-28T12:57:57.719914Z,In Flanders Fields,ADDED,KUBIŠ Lukáš,rider/lukas-kubis
2026-03-28T12:57:57.719914Z,Nokere Koerse,ADDED,KUBIŠ Lukáš,rider/lukas-kubis
2026-03-28T12:57:57.719914Z,Parijs-Roubaix,ADDED,KUBIŠ Lukáš,rider/lukas-kubis
2026-03-28T12:57:57.719914Z,Samyn Classic,ADDED,KUBIŠ Lukáš,rider/lukas-kubis
2026-03-28T12:57:57.719914Z,Amstel Gold Race,ADDED,CHRISTEN Jan,rider/jan-christen
2026-03-28T12:57:57.719914Z,Milaan-Sanremo,ADDED,CHRISTEN Jan,rider/jan-christen
2026-03-28T12:57:57.719914Z,Strade Bianche,ADDED,CHRISTEN Jan,rider/jan-christen
2026-03-28T12:57:57.719914Z,Kuurne-Brussel-Kuurne,ADDED,THIERRY Pierre,rider/pierre-thierry
2026-03-28T12:57:57.719914Z,Scheldeprijs,ADDED,THIERRY Pierre,rider/pierre-thierry
2026-03-28T12:57:57.719914Z,Ronde van Brugge,ADDED,THIERRY Pierre,rider/pierre-thierry
2026-03-28T12:57:57.719914Z,Nokere Koerse,ADDED,THIERRY Pierre,rider/pierre-thierry
2026-03-28T12:57:57.719914Z,Samyn Classic,ADDED,THIERRY Pierre,rider/pierre-thierry
2026-03-28T12:57:57.719914Z,Milaan-Sanremo,ADDED,CATTANEO Mattia,rider/mattia-cattaneo
2026-03-28T12:57:57.719914Z,Strade Bianche,ADDED,CATTANEO Mattia,rider/mattia-cattaneo
2026-03-28T12:57:57.719914Z,Scheldeprijs,ADDED,BELMANS Lennert,rider/lennert-belmans
2026-03-28T12:57:57.719914Z,Omloop Nieuwsblad,ADDED,BELMANS Lennert,rider/lennert-belmans
2026-03-28T12:57:57.719914Z,Bredene Koksijde Classic,ADDED,BELMANS Lennert,rider/lennert-belmans
2026-03-28T12:57:57.719914Z,Ronde van Limburg,ADDED,BELMANS Lennert,rider/lennert-belmans
2026-03-28T12:57:57.719914Z,Amstel Gold Race,ADDED,BELMANS Lennert,rider/lennert-belmans
2026-03-28T12:57:57.719914Z,Brabantse Pijl,ADDED,BELMANS Lennert,rider/lennert-belmans
2026-03-28T12:57:57.719914Z,Kuurne-Brussel-Kuurne,ADDED,AULAR Orluis,rider/orluis-aular
2026-03-28T12:57:57.719914Z,Omloop Nieuwsblad,ADDED,AULAR Orluis,rider/orluis-aular
2026-03-28T12:57:57.719914Z,Milaan-Sanremo,ADDED,AULAR Orluis,rider/orluis-aular
2026-03-28T12:57:57.719914Z,Ronde van Brugge,ADDED,AULAR Orluis,rider/orluis-aular
2026-03-28T12:57:57.719914Z,In Flanders Fields,ADDED,AULAR Orluis,rider/orluis-aular
2026-03-28T12:57:57.719914Z,Scheldeprijs,ADDED,VAN SINTMAARTENSDIJK Daan,rider/daan-van-sintmaartensdijk
2026-03-28T12:57:57.719914Z,Samyn Classic,ADDED,VAN SINTMAARTENSDIJK Daan,rider/daan-van-sintmaartensdijk
2026-03-28T12:57:57.719914Z,Bredene Koksijde Classic,ADDED,VAN SINTMAARTENSDIJK Daan,rider/daan-van-sintmaartensdijk
2026-03-28T12:57:57.719914Z,Amstel Gold Race,ADDED,L'HOTE Antoine,rider/antoine-l-hote
2026-03-28T12:57:57.719914Z,Strade Bianche,ADDED,L'HOTE Antoine,rider/antoine-l-hote
2026-03-28T12:57:57.719914Z,Strade Bianche,ADDED,ARCHIBOLD Franklin,rider/franklin-archibold
2026-03-28T12:57:57.719914Z,Brabantse Pijl,ADDED,GAVIRIA Fernando,rider/fernando-gaviria
2026-03-28T12:57:57.719914Z,Ronde van Limburg,ADDED,GAVIRIA Fernando,rider/fernando-gaviria
2026-03-28T12:57:57.719914Z,Scheldeprijs,ADDED,LIEPIŅŠ Emīls,rider/emils-liepins
2026-03-28T12:57:57.719914Z,Bredene Koksijde Classic,ADDED,LIEPIŅŠ Emīls,rider/emils-liepins
2026-03-28T12:57:57.719914Z,Ronde van Vlaanderen,ADDED,LIEPIŅŠ Emīls,rider/emils-liepins
2026-03-28T12:57:57.719914Z,In Flanders Fields,ADDED,LIEPIŅŠ Emīls,rider/emils-liepins
2026-03-28T12:57:57.719914Z,Nokere Koerse,ADDED,LIEPIŅŠ Emīls,rider/emils-liepins
2026-03-28T12:57:57.719914Z,Dwars door Vlaanderen,ADDED,LIEPIŅŠ Emīls,rider/emils-liepins
2026-03-28T12:57:57.719914Z,Scheldeprijs,ADDED,VADIC Baptiste,rider/baptiste-vadic
2026-03-28T12:57:57.719914Z,Kuurne-Brussel-Kuurne,ADDED,VADIC Baptiste,rider/baptiste-vadic
2026-03-28T12:57:57.719914Z,E3 Saxo Classic,ADDED,VADIC Baptiste,rider/baptiste-vadic
2026-03-28T12:57:57.719914Z,Bredene Koksijde Classic,ADDED,VADIC Baptiste,rider/baptiste-vadic
2026-03-28T12:57:57.719914Z,Omloop Nieuwsblad,ADDED,VADIC Baptiste,rider/baptiste-vadic
2026-03-28T12:57:57.719914Z,Nokere Koerse,ADDED,VADIC Baptiste,rider/baptiste-vadic
2026-03-28T12:57:57.719914Z,Brabantse Pijl,ADDED,VADIC Baptiste,rider/baptiste-vadic
2026-03-28T12:57:57.719914Z,Samyn Classic,ADDED,VADIC Baptiste,rider/baptiste-vadic
2026-03-28T12:57:57.719914Z,Bredene Koksijde Classic,ADDED,BLIKRA Erlend,rider/erlend-blikra
2026-03-28T12:57:57.719914Z,Nokere Koerse,ADDED,BLIKRA Erlend,rider/erlend-blikra
2026-03-28T12:57:57.719914Z,Ronde van Brugge,ADDED,BLIKRA Erlend,rider/erlend-blikra
2026-03-28T12:57:57.719914Z,Scheldeprijs,ADDED,CHARRET Camille,rider/camille-charret
2026-03-28T12:57:57.719914Z,Ronde van Brugge,ADDED,CHARRET Camille,rider/camille-charret
2026-03-28T12:57:57.719914Z,Dwars door Vlaanderen,ADDED,CHARRET Camille,rider/camille-charret
2026-03-28T12:57:57.719914Z,Ronde van Limburg,ADDED,CHARRET Camille,rider/camille-charret
2026-03-28T12:57:57.719914Z,Bredene Koksijde Classic,ADDED,CHARRET Camille,rider/camille-charret
2026-03-28T12:57:57.719914Z,Ronde van Vlaanderen,ADDED,CHARRET Camille,rider/camille-charret
2026-03-28T12:57:57.719914Z,In Flanders Fields,ADDED,CHARRET Camille,rider/camille-charret
2026-03-28T12:57:57.719914Z,Nokere Koerse,ADDED,CHARRET Camille,rider/camille-charret
2026-03-28T12:57:57.719914Z,Strade Bianche,ADDED,GIULIANO Dario,rider/dario-giuliano
2026-03-28T12:57:57.719914Z,Amstel Gold Race,ADDED,PALENI Enzo,rider/enzo-paleni
2026-03-28T12:57:57.719914Z,Kuurne-Brussel-Kuurne,ADDED,ANDRESEN Tobias Lund,rider/tobias-lund-andresen
2026-03-28T12:57:57.719914Z,E3 Saxo Classic,ADDED,ANDRESEN Tobias Lund,rider/tobias-lund-andresen
2026-03-28T12:57:57.719914Z,Omloop Nieuwsblad,ADDED,ANDRESEN Tobias Lund,rider/tobias-lund-andresen
2026-03-28T12:57:57.719914Z,Milaan-Sanremo,ADDED,ANDRESEN Tobias Lund,rider/tobias-lund-andresen
2026-03-28T12:57:57.719914Z,In Flanders Fields,ADDED,ANDRESEN Tobias Lund,rider/tobias-lund-andresen
2026-03-28T12:57:57.719914Z,Dwars door Vlaanderen,ADDED,ANDRESEN Tobias Lund,rider/tobias-lund-andresen
2026-03-28T12:57:57.719914Z,Kuurne-Brussel-Kuurne,ADDED,HVIDEBERG Jonas Hem,rider/jonas-hem-hvideberg
2026-03-28T12:57:57.719914Z,Nokere Koerse,ADDED,HVIDEBERG Jonas Hem,rider/jonas-hem-hvideberg
2026-03-28T12:57:57.719914Z,Bredene Koksijde Classic,ADDED,HVIDEBERG Jonas Hem,rider/jonas-hem-hvideberg
2026-03-28T12:57:57.719914Z,Kuurne-Brussel-Kuurne,ADDED,KIRSCH Alex,rider/alex-kirsch
2026-03-28T12:57:57.719914Z,Omloop Nieuwsblad,ADDED,KIRSCH Alex,rider/alex-kirsch
2026-03-28T12:57:57.719914Z,Ronde van Brugge,ADDED,KIRSCH Alex,rider/alex-kirsch
2026-03-28T12:57:57.719914Z,Brabantse Pijl,ADDED,MARCHAND Gianni,rider/gianni-marchand
2026-03-28T12:57:57.719914Z,Bredene Koksijde Classic,ADDED,MARCHAND Gianni,rider/gianni-marchand
2026-03-28T12:57:57.719914Z,Ronde van Limburg,ADDED,MARCHAND Gianni,rider/gianni-marchand
2026-03-28T12:57:57.719914Z,Amstel Gold Race,ADDED,REMIJN Senna,rider/senna-remijn
2026-03-28T12:57:57.719914Z,Brabantse Pijl,ADDED,REMIJN Senna,rider/senna-remijn
2026-03-28T12:57:57.719914Z,Ronde van Limburg,ADDED,REMIJN Senna,rider/senna-remijn
2026-03-28T12:57:57.719914Z,Ronde van Brugge,ADDED,PEDERSEN Henrik,rider/henrik-pedersen
2026-03-28T12:57:57.719914Z,Kuurne-Brussel-Kuurne,ADDED,PEDERSEN Henrik,rider/henrik-pedersen
2026-03-28T12:57:57.719914Z,Nokere Koerse,ADDED,PEDERSEN Henrik,rider/henrik-pedersen
2026-03-28T12:57:57.719914Z,Bredene Koksijde Classic,ADDED,PEDERSEN Henrik,rider/henrik-pedersen
2026-03-28T12:57:57.719914Z,Kuurne-Brussel-Kuurne,ADDED,BRENNAN Matthew,rider/matthew-brennan
2026-03-28T12:57:57.719914Z,Omloop Nieuwsblad,ADDED,BRENNAN Matthew,rider/matthew-brennan
2026-03-28T12:57:57.719914Z,Ronde van Vlaanderen,ADDED,BRENNAN Matthew,rider/matthew-brennan
2026-03-28T12:57:57.719914Z,In Flanders Fields,ADDED,BRENNAN Matthew,rider/matthew-brennan
2026-03-28T12:57:57.719914Z,Parijs-Roubaix,ADDED,BRENNAN Matthew,rider/matthew-brennan
2026-03-28T12:57:57.719914Z,Dwars door Vlaanderen,ADDED,BRENNAN Matthew,rider/matthew-brennan
2026-03-28T12:57:57.719914Z,Amstel Gold Race,ADDED,SIMMONS Quinn,rider/quinn-simmons
2026-03-28T12:57:57.719914Z,Strade Bianche,ADDED,SIMMONS Quinn,rider/quinn-simmons
2026-03-28T12:57:57.719914Z,Kuurne-Brussel-Kuurne,ADDED,BÉVORT Carl-Frederik,rider/carl-frederik-bevort
2026-03-28T12:57:57.719914Z,Ronde van Brugge,ADDED,BÉVORT Carl-Frederik,rider/carl-frederik-bevort
2026-03-28T12:57:57.719914Z,Bredene Koksijde Classic,ADDED,BÉVORT Carl-Frederik,rider/carl-frederik-bevort
2026-03-28T12:57:57.719914Z,Omloop Nieuwsblad,ADDED,BÉVORT Carl-Frederik,rider/carl-frederik-bevort
2026-03-28T12:57:57.719914Z,Nokere Koerse,ADDED,BÉVORT Carl-Frederik,rider/carl-frederik-bevort
2026-03-28T12:57:57.719914Z,Amstel Gold Race,ADDED,VAN BEKKUM Darren,rider/darren-van-bekkum
2026-03-28T12:57:57.719914Z,Strade Bianche,ADDED,SCHRETTL Marco,rider/marco-schrettl
2026-03-28T12:57:57.719914Z,Strade Bianche,ADDED,BENITO Adrián,rider/adrian-benito-gonzalez
2026-03-28T12:57:57.719914Z,Milaan-Sanremo,ADDED,ERMAKOV Roman,rider/roman-ermakov
2026-03-28T12:57:57.719914Z,Ronde van Brugge,ADDED,SÉNÉCHAL Florian,rider/florian-senechal
2026-03-28T12:57:57.719914Z,Dwars door Vlaanderen,ADDED,SÉNÉCHAL Florian,rider/florian-senechal
2026-03-28T12:57:57.719914Z,Ronde van Limburg,ADDED,SÉNÉCHAL Florian,rider/florian-senechal
2026-03-28T12:57:57.719914Z,In Flanders Fields,ADDED,SÉNÉCHAL Florian,rider/florian-senechal
2026-03-28T12:57:57.719914Z,Ronde van Vlaanderen,ADDED,SÉNÉCHAL Florian,rider/florian-senechal
2026-03-28T12:57:57.719914Z,Omloop Nieuwsblad,ADDED,SÉNÉCHAL Florian,rider/florian-senechal
2026-03-28T12:57:57.719914Z,Nokere Koerse,ADDED,SÉNÉCHAL Florian,rider/florian-senechal
2026-03-28T12:57:57.719914Z,Parijs-Roubaix,ADDED,SÉNÉCHAL Florian,rider/florian-senechal
2026-03-28T12:57:57.719914Z,Samyn Classic,ADDED,SÉNÉCHAL Florian,rider/florian-senechal
2026-03-28T12:57:57.719914Z,Samyn Classic,ADDED,HANNES Victor,rider/victor-hannes
2026-03-28T12:57:57.719914Z,Amstel Gold Race,ADDED,NOVÁK Pavel,rider/pavel-novak
2026-03-28T12:57:57.719914Z,Strade Bianche,ADDED,NOVÁK Pavel,rider/pavel-novak
2026-03-28T12:57:57.719914Z,Amstel Gold Race,ADDED,MOLENAAR Alex,rider/alex-molenaar
2026-03-28T12:57:57.719914Z,Luik-Bastenaken-Luik,ADDED,MOLENAAR Alex,rider/alex-molenaar
2026-03-28T12:57:57.719914Z,Brabantse Pijl,ADDED,MOLENAAR Alex,rider/alex-molenaar
2026-03-28T12:57:57.719914Z,Ronde van Limburg,ADDED,MOLENAAR Alex,rider/alex-molenaar
2026-03-28T12:57:57.719914Z,Kuurne-Brussel-Kuurne,ADDED,MEEUS Jordi,rider/jordi-meeus
2026-03-28T12:57:57.719914Z,Scheldeprijs,ADDED,MEEUS Jordi,rider/jordi-meeus
2026-03-28T12:57:57.719914Z,Omloop Nieuwsblad,ADDED,MEEUS Jordi,rider/jordi-meeus
2026-03-28T12:57:57.719914Z,In Flanders Fields,ADDED,MEEUS Jordi,rider/jordi-meeus
2026-03-28T12:57:57.719914Z,Nokere Koerse,ADDED,MEEUS Jordi,rider/jordi-meeus
2026-03-28T12:57:57.719914Z,Parijs-Roubaix,ADDED,MEEUS Jordi,rider/jordi-meeus
2026-03-28T12:57:57.719914Z,Samyn Classic,ADDED,MEEUS Jordi,rider/jordi-meeus
2026-03-28T12:57:57.719914Z,Scheldeprijs,ADDED,MOONEN Zeno,rider/zeno-moonen
2026-03-28T12:57:57.719914Z,Bredene Koksijde Classic,ADDED,MOONEN Zeno,rider/zeno-moonen
2026-03-28T12:57:57.719914Z,Nokere Koerse,ADDED,MOONEN Zeno,rider/zeno-moonen
2026-03-28T12:57:57.719914Z,Samyn Classic,ADDED,MOONEN Zeno,rider/zeno-moonen
2026-03-28T12:57:57.719914Z,Kuurne-Brussel-Kuurne,ADDED,MILAN Jonathan,rider/jonathan-milan
2026-03-28T12:57:57.719914Z,In Flanders Fields,ADDED,MILAN Jonathan,rider/jonathan-milan
2026-03-28T12:57:57.719914Z,Parijs-Roubaix,ADDED,MILAN Jonathan,rider/jonathan-milan
2026-03-28T12:57:57.719914Z,Dwars door Vlaanderen,ADDED,MILAN Jonathan,rider/jonathan-milan
2026-03-28T12:57:57.719914Z,Strade Bianche,ADDED,WIRTGEN Luc,rider/luc-wirtgen
2026-03-28T12:57:57.719914Z,Ronde van Limburg,ADDED,VERGAERDE Otto,rider/otto-vergaerde
2026-03-28T12:57:57.719914Z,Scheldeprijs,ADDED,VERGAERDE Otto,rider/otto-vergaerde
2026-03-28T12:57:57.719914Z,E3 Saxo Classic,ADDED,VERGAERDE Otto,rider/otto-vergaerde
2026-03-28T12:57:57.719914Z,Ronde van Brugge,ADDED,VERGAERDE Otto,rider/otto-vergaerde
2026-03-28T12:57:57.719914Z,Bredene Koksijde Classic,ADDED,VERGAERDE Otto,rider/otto-vergaerde
2026-03-28T12:57:57.719914Z,Omloop Nieuwsblad,ADDED,VERGAERDE Otto,rider/otto-vergaerde
2026-03-28T12:57:57.719914Z,Nokere Koerse,ADDED,VERGAERDE Otto,rider/otto-vergaerde
2026-03-28T12:57:57.719914Z,Strade Bianche,ADDED,BESSEGA Gabriele,rider/gabriele-bessega
2026-03-28T12:57:57.719914Z,Samyn Classic,ADDED,DHAEYE Enrico,rider/enrico-dhaeye
2026-03-28T12:57:57.719914Z,Amstel Gold Race,ADDED,CHRISTEN Fabio,rider/fabio-christen
2026-03-28T12:57:57.719914Z,Brabantse Pijl,ADDED,CHRISTEN Fabio,rider/fabio-christen
2026-03-28T12:57:57.719914Z,Ronde van Vlaanderen,ADDED,CHRISTEN Fabio,rider/fabio-christen
2026-03-28T12:57:57.719914Z,Samyn Classic,ADDED,VAN DEN BROEK Axel,rider/axel-van-den-broek1
2026-03-28T12:57:57.719914Z,Ronde van Limburg,ADDED,RAMON Omer,rider/omer-ramon
2026-03-28T12:57:57.719914Z,Milaan-Sanremo,ADDED,BAGIOLI Andrea,rider/andrea-bagioli
2026-03-28T12:57:57.719914Z,Strade Bianche,ADDED,BAGIOLI Andrea,rider/andrea-bagioli
2026-03-28T12:57:57.719914Z,Brabantse Pijl,ADDED,RYAN Archie,rider/archie-ryan
2026-03-28T12:57:57.719914Z,Amstel Gold Race,ADDED,EVENEPOEL Remco,rider/remco-evenepoel
2026-03-28T12:57:57.719914Z,Luik-Bastenaken-Luik,ADDED,EVENEPOEL Remco,rider/remco-evenepoel
2026-03-28T12:57:57.719914Z,Waalse Pijl,ADDED,EVENEPOEL Remco,rider/remco-evenepoel
2026-03-28T12:57:57.719914Z,Scheldeprijs,ADDED,APPEL Stijn,rider/stijn-appel
2026-03-28T12:57:57.719914Z,Brabantse Pijl,ADDED,APPEL Stijn,rider/stijn-appel
2026-03-28T12:57:57.719914Z,Samyn Classic,ADDED,APPEL Stijn,rider/stijn-appel
2026-03-28T12:57:57.719914Z,Ronde van Limburg,ADDED,APPEL Stijn,rider/stijn-appel
2026-03-28T12:57:57.719914Z,Scheldeprijs,ADDED,MIKUTIS Aivaras,rider/aivaras-mikutis
2026-03-28T12:57:57.719914Z,Ronde van Brugge,ADDED,MIKUTIS Aivaras,rider/aivaras-mikutis
2026-03-28T12:57:57.719914Z,Dwars door Vlaanderen,ADDED,MIKUTIS Aivaras,rider/aivaras-mikutis
2026-03-28T12:57:57.719914Z,Kuurne-Brussel-Kuurne,ADDED,MIKUTIS Aivaras,rider/aivaras-mikutis
2026-03-28T12:57:57.719914Z,E3 Saxo Classic,ADDED,MIKUTIS Aivaras,rider/aivaras-mikutis
2026-03-28T12:57:57.719914Z,Bredene Koksijde Classic,ADDED,MIKUTIS Aivaras,rider/aivaras-mikutis
2026-03-28T12:57:57.719914Z,Omloop Nieuwsblad,ADDED,MIKUTIS Aivaras,rider/aivaras-mikutis
2026-03-28T12:57:57.719914Z,Nokere Koerse,ADDED,MIKUTIS Aivaras,rider/aivaras-mikutis
2026-03-28T12:57:57.719914Z,Milaan-Sanremo,ADDED,DEL TORO Isaac,rider/isaac-del-toro
2026-03-28T12:57:57.719914Z,Amstel Gold Race,ADDED,DEL TORO Isaac,rider/isaac-del-toro
2026-03-28T12:57:57.719914Z,Luik-Bastenaken-Luik,ADDED,DEL TORO Isaac,rider/isaac-del-toro
2026-03-28T12:57:57.719914Z,Waalse Pijl,ADDED,DEL TORO Isaac,rider/isaac-del-toro
2026-03-28T12:57:57.719914Z,Strade Bianche,ADDED,DEL TORO Isaac,rider/isaac-del-toro
2026-03-28T12:57:57.719914Z,Samyn Classic,ADDED,TENDON Arnaud,rider/arnaud-tendon
2026-03-28T12:57:57.719914Z,Kuurne-Brussel-Kuurne,ADDED,DE LIE Arnaud,rider/arnaud-de-lie
2026-03-28T12:57:57.719914Z,Omloop Nieuwsblad,ADDED,DE LIE Arnaud,rider/arnaud-de-lie
2026-03-28T12:57:57.719914Z,Ronde van Vlaanderen,ADDED,DE LIE Arnaud,rider/arnaud-de-lie
2026-03-28T12:57:57.719914Z,In Flanders Fields,ADDED,DE LIE Arnaud,rider/arnaud-de-lie
2026-03-28T12:57:57.719914Z,Parijs-Roubaix,ADDED,DE LIE Arnaud,rider/arnaud-de-lie
2026-03-28T12:57:57.719914Z,Dwars door Vlaanderen,ADDED,DE LIE Arnaud,rider/arnaud-de-lie
2026-03-28T12:57:57.719914Z,Kuurne-Brussel-Kuurne,ADDED,FROIDEVAUX Robin,rider/robin-froidevaux
2026-03-28T12:57:57.719914Z,E3 Saxo Classic,ADDED,FROIDEVAUX Robin,rider/robin-froidevaux
2026-03-28T12:57:57.719914Z,Ronde van Brugge,ADDED,FROIDEVAUX Robin,rider/robin-froidevaux
2026-03-28T12:57:57.719914Z,Kuurne-Brussel-Kuurne,ADDED,MULLEN Ryan,rider/ryan-mullen
2026-03-28T12:57:57.719914Z,Omloop Nieuwsblad,ADDED,MULLEN Ryan,rider/ryan-mullen
2026-03-28T12:57:57.719914Z,Ronde van Brugge,ADDED,MULLEN Ryan,rider/ryan-mullen
2026-03-28T12:57:57.719914Z,Ronde van Vlaanderen,ADDED,MULLEN Ryan,rider/ryan-mullen
2026-03-28T12:57:57.719914Z,In Flanders Fields,ADDED,MULLEN Ryan,rider/ryan-mullen
2026-03-28T12:57:57.719914Z,Kuurne-Brussel-Kuurne,ADDED,BOIVIN Guillaume,rider/guillaume-boivin
2026-03-28T12:57:57.719914Z,E3 Saxo Classic,ADDED,BOIVIN Guillaume,rider/guillaume-boivin
2026-03-28T12:57:57.719914Z,Omloop Nieuwsblad,ADDED,BOIVIN Guillaume,rider/guillaume-boivin
2026-03-28T12:57:57.719914Z,Ronde van Vlaanderen,ADDED,BOIVIN Guillaume,rider/guillaume-boivin
2026-03-28T12:57:57.719914Z,In Flanders Fields,ADDED,BOIVIN Guillaume,rider/guillaume-boivin
2026-03-28T12:57:57.719914Z,Dwars door Vlaanderen,ADDED,BOIVIN Guillaume,rider/guillaume-boivin
2026-03-28T12:57:57.719914Z,E3 Saxo Classic,ADDED,SCHWARZBACHER Matthias,rider/matthias-schwarzbacher
2026-03-28T12:57:57.719914Z,Dwars door Vlaanderen,ADDED,SCHWARZBACHER Matthias,rider/matthias-schwarzbacher
2026-03-28T12:57:57.719914Z,Ronde van Brugge,ADDED,SCHWARZBACHER Matthias,rider/matthias-schwarzbacher
2026-03-28T12:57:57.719914Z,Ronde van Vlaanderen,ADDED,SCHWARZBACHER Matthias,rider/matthias-schwarzbacher
2026-03-28T12:57:57.719914Z,Samyn Classic,ADDED,RAUGEL Antoine,rider/antoine-raugel
2026-03-28T12:57:57.719914Z,Amstel Gold Race,ADDED,NEILANDS Krists,rider/krists-neilands
2026-03-28T12:57:57.719914Z,Milaan-Sanremo,ADDED,NEILANDS Krists,rider/krists-neilands
2026-03-28T12:57:57.719914Z,Strade Bianche,ADDED,NEILANDS Krists,rider/krists-neilands
2026-03-28T12:57:57.719914Z,Strade Bianche,ADDED,THOMPSON Reuben,rider/reuben-thompson
2026-03-28T12:57:57.719914Z,Milaan-Sanremo,ADDED,LAPEIRA Paul,rider/paul-lapeira
2026-03-28T12:57:57.719914Z,Amstel Gold Race,ADDED,LAPEIRA Paul,rider/paul-lapeira
2026-03-28T12:57:57.719914Z,Luik-Bastenaken-Luik,ADDED,LAPEIRA Paul,rider/paul-lapeira
2026-03-28T12:57:57.719914Z,Waalse Pijl,ADDED,LAPEIRA Paul,rider/paul-lapeira
2026-03-28T12:57:57.719914Z,Strade Bianche,ADDED,LAPEIRA Paul,rider/paul-lapeira
2026-03-28T12:57:57.719914Z,Milaan-Sanremo,ADDED,PIETROBON Andrea,rider/andrea-pietrobon
2026-03-28T12:57:57.719914Z,Strade Bianche,ADDED,PIETROBON Andrea,rider/andrea-pietrobon
2026-03-28T12:57:57.719914Z,Strade Bianche,ADDED,LECERF Junior,rider/junior-lecerf
2026-03-28T12:57:57.719914Z,Samyn Classic,ADDED,ZABELINSKIY Bogdan,rider/bogdan-zabelinskiy
2026-03-28T12:57:57.719914Z,Scheldeprijs,ADDED,MCKENZIE Hamish,rider/hamish-mckenzie
2026-03-28T12:57:57.719914Z,Nokere Koerse,ADDED,MCKENZIE Hamish,rider/hamish-mckenzie
2026-03-28T12:57:57.719914Z,Bredene Koksijde Classic,ADDED,MCKENZIE Hamish,rider/hamish-mckenzie
2026-03-28T12:57:57.719914Z,Luik-Bastenaken-Luik,ADDED,EULÁLIO Afonso,rider/afonso-eulalio
2026-03-28T12:57:57.719914Z,Strade Bianche,ADDED,EULÁLIO Afonso,rider/afonso-eulalio
2026-03-28T12:57:57.719914Z,Amstel Gold Race,ADDED,CHARMIG Anthon,rider/anthon-charmig
2026-03-28T12:57:57.719914Z,Brabantse Pijl,ADDED,CHARMIG Anthon,rider/anthon-charmig
2026-03-28T12:57:57.719914Z,Ronde van Limburg,ADDED,BAGATIN Christian,rider/christian-bagatin
2026-03-28T12:57:57.719914Z,Dwars door Vlaanderen,ADDED,KIELICH Timo,rider/timo-kielich
2026-03-28T12:57:57.719914Z,Strade Bianche,ADDED,KIELICH Timo,rider/timo-kielich
2026-03-28T12:57:57.719914Z,Kuurne-Brussel-Kuurne,ADDED,KIELICH Timo,rider/timo-kielich
2026-03-28T12:57:57.719914Z,E3 Saxo Classic,ADDED,KIELICH Timo,rider/timo-kielich
2026-03-28T12:57:57.719914Z,Milaan-Sanremo,ADDED,KIELICH Timo,rider/timo-kielich
2026-03-28T12:57:57.719914Z,In Flanders Fields,ADDED,KIELICH Timo,rider/timo-kielich
2026-03-28T12:57:57.719914Z,Ronde van Vlaanderen,ADDED,KIELICH Timo,rider/timo-kielich
2026-03-28T12:57:57.719914Z,Omloop Nieuwsblad,ADDED,KIELICH Timo,rider/timo-kielich
2026-03-28T12:57:57.719914Z,Parijs-Roubaix,ADDED,KIELICH Timo,rider/timo-kielich
2026-03-28T12:57:57.719914Z,Ronde van Brugge,ADDED,TENE Rotem,rider/rotem-tene
2026-03-28T12:57:57.719914Z,Scheldeprijs,ADDED,TENE Rotem,rider/rotem-tene
2026-03-28T12:57:57.719914Z,Nokere Koerse,ADDED,TENE Rotem,rider/rotem-tene
2026-03-28T12:57:57.719914Z,Bredene Koksijde Classic,ADDED,TENE Rotem,rider/rotem-tene
2026-03-28T12:57:57.719914Z,Scheldeprijs,ADDED,MERLIER Tim,rider/tim-merlier
2026-03-28T12:57:57.719914Z,Scheldeprijs,ADDED,DE SCHUYTENEER Steffen,rider/steffen-de-schuyteneer
2026-03-28T12:57:57.719914Z,Ronde van Brugge,ADDED,DE SCHUYTENEER Steffen,rider/steffen-de-schuyteneer
2026-03-28T12:57:57.719914Z,Dwars door Vlaanderen,ADDED,DE SCHUYTENEER Steffen,rider/steffen-de-schuyteneer
2026-03-28T12:57:57.719914Z,Kuurne-Brussel-Kuurne,ADDED,DE SCHUYTENEER Steffen,rider/steffen-de-schuyteneer
2026-03-28T12:57:57.719914Z,Bredene Koksijde Classic,ADDED,DE SCHUYTENEER Steffen,rider/steffen-de-schuyteneer
2026-03-28T12:57:57.719914Z,In Flanders Fields,ADDED,DE SCHUYTENEER Steffen,rider/steffen-de-schuyteneer
2026-03-28T12:57:57.719914Z,Nokere Koerse,ADDED,DE SCHUYTENEER Steffen,rider/steffen-de-schuyteneer
2026-03-28T12:57:57.719914Z,Samyn Classic,ADDED,DE SCHUYTENEER Steffen,rider/steffen-de-schuyteneer
2026-03-28T12:57:57.719914Z,Scheldeprijs,ADDED,MAGAGNOTTI Alessio,rider/alessio-magagnotti
2026-03-28T12:57:57.719914Z,Samyn Classic,ADDED,MAGAGNOTTI Alessio,rider/alessio-magagnotti
2026-03-28T12:57:57.719914Z,Samyn Classic,ADDED,MOURIS Michiel,rider/michiel-mouris
2026-03-28T12:57:57.719914Z,Amstel Gold Race,ADDED,HERMANS Quinten,rider/quinten-hermans
2026-03-28T12:57:57.719914Z,Luik-Bastenaken-Luik,ADDED,HERMANS Quinten,rider/quinten-hermans
2026-03-28T12:57:57.719914Z,Brabantse Pijl,ADDED,HERMANS Quinten,rider/quinten-hermans
2026-03-28T12:57:57.719914Z,Waalse Pijl,ADDED,HERMANS Quinten,rider/quinten-hermans
2026-03-28T12:57:57.719914Z,Strade Bianche,ADDED,HERMANS Quinten,rider/quinten-hermans
2026-03-28T12:57:57.719914Z,Milaan-Sanremo,ADDED,COVI Alessandro,rider/alessandro-covi
2026-03-28T12:57:57.719914Z,Waalse Pijl,ADDED,COVI Alessandro,rider/alessandro-covi
2026-03-28T12:57:57.719914Z,Luik-Bastenaken-Luik,ADDED,COVI Alessandro,rider/alessandro-covi
2026-03-28T12:57:57.719914Z,Brabantse Pijl,ADDED,COVI Alessandro,rider/alessandro-covi
2026-03-28T12:57:57.719914Z,Amstel Gold Race,ADDED,COVI Alessandro,rider/alessandro-covi
2026-03-28T12:57:57.719914Z,Strade Bianche,ADDED,COVI Alessandro,rider/alessandro-covi
2026-03-28T12:57:57.719914Z,Amstel Gold Race,ADDED,HIRSCHI Marc,rider/marc-hirschi
2026-03-28T12:57:57.719914Z,Luik-Bastenaken-Luik,ADDED,HIRSCHI Marc,rider/marc-hirschi
2026-03-28T12:57:57.719914Z,Waalse Pijl,ADDED,HIRSCHI Marc,rider/marc-hirschi
2026-03-28T12:57:57.719914Z,Amstel Gold Race,ADDED,LÓPEZ Joseba,rider/joseba-lopez-cuesta
2026-03-28T12:57:57.719914Z,Brabantse Pijl,ADDED,LÓPEZ Joseba,rider/joseba-lopez-cuesta
2026-03-28T12:57:57.719914Z,Ronde van Limburg,ADDED,LÓPEZ Joseba,rider/joseba-lopez-cuesta
2026-03-28T12:57:57.719914Z,Kuurne-Brussel-Kuurne,ADDED,PEDERSEN Rasmus Søjberg,rider/rasmus-sojbergpedersen
2026-03-28T12:57:57.719914Z,Omloop Nieuwsblad,ADDED,PEDERSEN Rasmus Søjberg,rider/rasmus-sojbergpedersen
2026-03-28T12:57:57.719914Z,Dwars door Vlaanderen,ADDED,PEDERSEN Rasmus Søjberg,rider/rasmus-sojbergpedersen
2026-03-28T12:57:57.719914Z,In Flanders Fields,ADDED,PEDERSEN Rasmus Søjberg,rider/rasmus-sojbergpedersen
2026-03-28T12:57:57.719914Z,E3 Saxo Classic,ADDED,MEURISSE Xandro,rider/xandro-meurisse
2026-03-28T12:57:57.719914Z,Omloop Nieuwsblad,ADDED,MEURISSE Xandro,rider/xandro-meurisse
2026-03-28T12:57:57.719914Z,Milaan-Sanremo,ADDED,MEURISSE Xandro,rider/xandro-meurisse
2026-03-28T12:57:57.719914Z,Ronde van Limburg,ADDED,MEURISSE Xandro,rider/xandro-meurisse
2026-03-28T12:57:57.719914Z,Amstel Gold Race,ADDED,MEURISSE Xandro,rider/xandro-meurisse
2026-03-28T12:57:57.719914Z,Brabantse Pijl,ADDED,MEURISSE Xandro,rider/xandro-meurisse
2026-03-28T12:57:57.719914Z,Strade Bianche,ADDED,MEURISSE Xandro,rider/xandro-meurisse
2026-03-28T12:57:57.719914Z,Kuurne-Brussel-Kuurne,ADDED,DEWULF Stan,rider/stan-dewulf
2026-03-28T12:57:57.719914Z,E3 Saxo Classic,ADDED,DEWULF Stan,rider/stan-dewulf
2026-03-28T12:57:57.719914Z,Omloop Nieuwsblad,ADDED,DEWULF Stan,rider/stan-dewulf
2026-03-28T12:57:57.719914Z,Ronde van Brugge,ADDED,DEWULF Stan,rider/stan-dewulf
2026-03-28T12:57:57.719914Z,Ronde van Vlaanderen,ADDED,DEWULF Stan,rider/stan-dewulf
2026-03-28T12:57:57.719914Z,Amstel Gold Race,ADDED,DEWULF Stan,rider/stan-dewulf
2026-03-28T12:57:57.719914Z,Ronde van Brugge,ADDED,HAMILTON Lucas,rider/lucas-hamilton
2026-03-28T12:57:57.719914Z,Strade Bianche,ADDED,HAMILTON Lucas,rider/lucas-hamilton
2026-03-28T12:57:57.719914Z,Samyn Classic,ADDED,CARDINAL Nathan,rider/nathan-cardinal
2026-03-28T12:57:57.719914Z,Kuurne-Brussel-Kuurne,ADDED,BURNETT Josh,rider/josh-burnett
2026-03-28T12:57:57.719914Z,Scheldeprijs,ADDED,BURNETT Josh,rider/josh-burnett
2026-03-28T12:57:57.719914Z,Omloop Nieuwsblad,ADDED,BURNETT Josh,rider/josh-burnett
2026-03-28T12:57:57.719914Z,Ronde van Vlaanderen,ADDED,BURNETT Josh,rider/josh-burnett
2026-03-28T12:57:57.719914Z,Strade Bianche,ADDED,MAGLI Filippo,rider/filippo-magli2
2026-03-28T12:57:57.719914Z,Kuurne-Brussel-Kuurne,ADDED,DE JONG Timo,rider/timo-de-jong
2026-03-28T12:57:57.719914Z,Omloop Nieuwsblad,ADDED,DE JONG Timo,rider/timo-de-jong
2026-03-28T12:57:57.719914Z,Amstel Gold Race,ADDED,VAN WILDER Ilan,rider/ilan-van-wilder
2026-03-28T12:57:57.719914Z,Luik-Bastenaken-Luik,ADDED,VAN WILDER Ilan,rider/ilan-van-wilder
2026-03-28T12:57:57.719914Z,Waalse Pijl,ADDED,VAN WILDER Ilan,rider/ilan-van-wilder
2026-03-28T12:57:57.719914Z,Amstel Gold Race,ADDED,BARCELÓ Fernando,rider/fernando-barcelo
2026-03-28T12:57:57.719914Z,Brabantse Pijl,ADDED,BARCELÓ Fernando,rider/fernando-barcelo
2026-03-28T12:57:57.719914Z,Ronde van Limburg,ADDED,BARCELÓ Fernando,rider/fernando-barcelo
2026-03-28T12:57:57.719914Z,Amstel Gold Race,ADDED,ISIDORE Noa,rider/noa-isidore
2026-03-28T12:57:57.719914Z,Milaan-Sanremo,ADDED,ISIDORE Noa,rider/noa-isidore
2026-03-28T12:57:57.719914Z,Strade Bianche,ADDED,ISIDORE Noa,rider/noa-isidore
2026-03-28T12:57:57.719914Z,Scheldeprijs,ADDED,VAN MOER Brent,rider/brent-van-moer
2026-03-28T12:57:57.719914Z,Dwars door Vlaanderen,ADDED,VAN MOER Brent,rider/brent-van-moer
2026-03-28T12:57:57.719914Z,Strade Bianche,ADDED,VAN MOER Brent,rider/brent-van-moer
2026-03-28T12:57:57.719914Z,Kuurne-Brussel-Kuurne,ADDED,VAN MOER Brent,rider/brent-van-moer
2026-03-28T12:57:57.719914Z,E3 Saxo Classic,ADDED,VAN MOER Brent,rider/brent-van-moer
2026-03-28T12:57:57.719914Z,Milaan-Sanremo,ADDED,VAN MOER Brent,rider/brent-van-moer
2026-03-28T12:57:57.719914Z,In Flanders Fields,ADDED,VAN MOER Brent,rider/brent-van-moer
2026-03-28T12:57:57.719914Z,Ronde van Vlaanderen,ADDED,VAN MOER Brent,rider/brent-van-moer
2026-03-28T12:57:57.719914Z,Omloop Nieuwsblad,ADDED,VAN MOER Brent,rider/brent-van-moer
2026-03-28T12:57:57.719914Z,Waalse Pijl,ADDED,NOVAK Domen,rider/domen-novak
2026-03-28T12:57:57.719914Z,Luik-Bastenaken-Luik,ADDED,NOVAK Domen,rider/domen-novak
2026-03-28T12:57:57.719914Z,Milaan-Sanremo,ADDED,NOVAK Domen,rider/domen-novak
2026-03-28T12:57:57.719914Z,Strade Bianche,ADDED,NOVAK Domen,rider/domen-novak
2026-03-28T12:57:57.719914Z,Omloop Nieuwsblad,ADDED,KWIATKOWSKI Michał,rider/michal-kwiatkowski
2026-03-28T12:57:57.719914Z,Luik-Bastenaken-Luik,ADDED,KWIATKOWSKI Michał,rider/michal-kwiatkowski
2026-03-28T12:57:57.719914Z,Milaan-Sanremo,ADDED,KWIATKOWSKI Michał,rider/michal-kwiatkowski
2026-03-28T12:57:57.719914Z,Waalse Pijl,ADDED,KWIATKOWSKI Michał,rider/michal-kwiatkowski
2026-03-28T12:57:57.719914Z,Milaan-Sanremo,ADDED,DHONDT Robbe,rider/robbe-dhondt
2026-03-28T12:57:57.719914Z,Strade Bianche,ADDED,DHONDT Robbe,rider/robbe-dhondt
2026-03-28T12:57:57.719914Z,Milaan-Sanremo,ADDED,MAESTRI Mirco,rider/mirco-maestri
2026-03-28T12:57:57.719914Z,Luik-Bastenaken-Luik,ADDED,CORT Magnus,rider/magnus-cort-nielsen
2026-03-28T12:57:57.719914Z,Milaan-Sanremo,ADDED,CORT Magnus,rider/magnus-cort-nielsen
2026-03-28T12:57:57.719914Z,Samyn Classic,ADDED,SOMMER Jan,rider/jan-sommer
2026-03-28T12:57:57.719914Z,E3 Saxo Classic,ADDED,LOOCKX Lander,rider/lander-loockx
2026-03-28T12:57:57.719914Z,Amstel Gold Race,ADDED,LOOCKX Lander,rider/lander-loockx
2026-03-28T12:57:57.719914Z,Brabantse Pijl,ADDED,LOOCKX Lander,rider/lander-loockx
2026-03-28T12:57:57.719914Z,Strade Bianche,ADDED,LOOCKX Lander,rider/lander-loockx
2026-03-28T12:57:57.719914Z,Amstel Gold Race,ADDED,RETAILLEAU Valentin,rider/valentin-retailleau
2026-03-28T12:57:57.719914Z,Brabantse Pijl,ADDED,RETAILLEAU Valentin,rider/valentin-retailleau
2026-03-28T12:57:57.719914Z,Amstel Gold Race,ADDED,DELETTRE Alexandre,rider/alexandre-delettre
2026-03-28T12:57:57.719914Z,Luik-Bastenaken-Luik,ADDED,DELETTRE Alexandre,rider/alexandre-delettre
2026-03-28T12:57:57.719914Z,Waalse Pijl,ADDED,DELETTRE Alexandre,rider/alexandre-delettre
2026-03-28T12:57:57.719914Z,Amstel Gold Race,ADDED,VANDENABEELE Henri,rider/henri-vandenabeele
2026-03-28T12:57:57.719914Z,Brabantse Pijl,ADDED,VANDENABEELE Henri,rider/henri-vandenabeele
2026-03-28T12:57:57.719914Z,Omloop Nieuwsblad,ADDED,WÆRENSKJOLD Søren,rider/soren-waerenskjold
2026-03-28T12:57:57.719914Z,Milaan-Sanremo,ADDED,WÆRENSKJOLD Søren,rider/soren-waerenskjold
2026-03-28T12:57:57.719914Z,Ronde van Brugge,ADDED,WÆRENSKJOLD Søren,rider/soren-waerenskjold
2026-03-28T12:57:57.719914Z,Ronde van Vlaanderen,ADDED,WÆRENSKJOLD Søren,rider/soren-waerenskjold
2026-03-28T12:57:57.719914Z,In Flanders Fields,ADDED,WÆRENSKJOLD Søren,rider/soren-waerenskjold
2026-03-28T12:57:57.719914Z,Parijs-Roubaix,ADDED,WÆRENSKJOLD Søren,rider/soren-waerenskjold
2026-03-28T12:57:57.719914Z,Dwars door Vlaanderen,ADDED,WÆRENSKJOLD Søren,rider/soren-waerenskjold
2026-03-28T12:57:57.719914Z,Kuurne-Brussel-Kuurne,ADDED,NABERMAN Tim,rider/tim-naberman
2026-03-28T12:57:57.719914Z,In Flanders Fields,ADDED,NABERMAN Tim,rider/tim-naberman
2026-03-28T12:57:57.719914Z,Ronde van Brugge,ADDED,NABERMAN Tim,rider/tim-naberman
2026-03-28T12:57:57.719914Z,Amstel Gold Race,ADDED,MCNULTY Brandon,rider/brandon-mcnulty
2026-03-28T12:57:57.719914Z,Milaan-Sanremo,ADDED,MCNULTY Brandon,rider/brandon-mcnulty
2026-03-28T12:57:57.719914Z,Ronde van Limburg,ADDED,SCHAPER Joeri,rider/joeri-schaper
2026-03-28T12:57:57.719914Z,Scheldeprijs,ADDED,TEUTENBERG Tim Torn,rider/tim-torn-teutenberg
2026-03-28T12:57:57.719914Z,Ronde van Brugge,ADDED,TEUTENBERG Tim Torn,rider/tim-torn-teutenberg
2026-03-28T12:57:57.719914Z,Ronde van Limburg,ADDED,TEUTENBERG Tim Torn,rider/tim-torn-teutenberg
2026-03-28T12:57:57.719914Z,E3 Saxo Classic,ADDED,TEUTENBERG Tim Torn,rider/tim-torn-teutenberg
2026-03-28T12:57:57.719914Z,Bredene Koksijde Classic,ADDED,TEUTENBERG Tim Torn,rider/tim-torn-teutenberg
2026-03-28T12:57:57.719914Z,Ronde van Vlaanderen,ADDED,TEUTENBERG Tim Torn,rider/tim-torn-teutenberg
2026-03-28T12:57:57.719914Z,Omloop Nieuwsblad,ADDED,TEUTENBERG Tim Torn,rider/tim-torn-teutenberg
2026-03-28T12:57:57.719914Z,Nokere Koerse,ADDED,TEUTENBERG Tim Torn,rider/tim-torn-teutenberg
2026-03-28T12:57:57.719914Z,Samyn Classic,ADDED,BERGER Antoine,rider/antoine-berger
2026-03-28T12:57:57.719914Z,Samyn Classic,ADDED,BRONSWIJK Mike,rider/mike-bronswijk
2026-03-28T12:57:57.719914Z,Omloop Nieuwsblad,ADDED,KRAGH ANDERSEN Søren,rider/soren-kragh-andersen
2026-03-28T12:57:57.719914Z,Milaan-Sanremo,ADDED,KRAGH ANDERSEN Søren,rider/soren-kragh-andersen
2026-03-28T12:57:57.719914Z,Ronde van Vlaanderen,ADDED,KRAGH ANDERSEN Søren,rider/soren-kragh-andersen
2026-03-28T12:57:57.719914Z,In Flanders Fields,ADDED,KRAGH ANDERSEN Søren,rider/soren-kragh-andersen
2026-03-28T12:57:57.719914Z,Parijs-Roubaix,ADDED,KRAGH ANDERSEN Søren,rider/soren-kragh-andersen
2026-03-28T12:57:57.719914Z,Dwars door Vlaanderen,ADDED,KRAGH ANDERSEN Søren,rider/soren-kragh-andersen
2026-03-28T12:57:57.719914Z,Amstel Gold Race,ADDED,MOLARD Rudy,rider/rudy-molard
2026-03-28T12:57:57.719914Z,Brabantse Pijl,ADDED,MOLARD Rudy,rider/rudy-molard
2026-03-28T12:57:57.719914Z,Brabantse Pijl,ADDED,STERCK Joppe,rider/joppe-sterck
2026-03-28T12:57:57.719914Z,Ronde van Limburg,ADDED,STERCK Joppe,rider/joppe-sterck
2026-03-28T12:57:57.719914Z,Nokere Koerse,ADDED,URIANSTAD BUGGE Martin,rider/martin-urianstad
2026-03-28T12:57:57.719914Z,Brabantse Pijl,ADDED,URIANSTAD BUGGE Martin,rider/martin-urianstad
2026-03-28T12:57:57.719914Z,Bredene Koksijde Classic,ADDED,URIANSTAD BUGGE Martin,rider/martin-urianstad
2026-03-28T12:57:57.719914Z,Nokere Koerse,ADDED,DONATI Davide,rider/davide-donati
2026-03-28T12:57:57.719914Z,Ronde van Limburg,ADDED,VAN STRIJTHEM Matijs,rider/matijs-van-strijthem
2026-03-28T12:57:57.719914Z,Amstel Gold Race,ADDED,GILMORE Brady,rider/brady-gilmore
2026-03-28T12:57:57.719914Z,Brabantse Pijl,ADDED,GILMORE Brady,rider/brady-gilmore
2026-03-28T12:57:57.719914Z,Strade Bianche,ADDED,BUDZIŃSKI Marcin,rider/marcin-budzinski
2026-03-28T12:57:57.719914Z,Scheldeprijs,ADDED,BALMER Alexandre,rider/alexandre-balmer
2026-03-28T12:57:57.719914Z,Strade Bianche,ADDED,BALMER Alexandre,rider/alexandre-balmer
2026-03-28T12:57:57.719914Z,Scheldeprijs,ADDED,BAUWENS Siebe,rider/siebe-bauwens
2026-03-28T12:57:57.719914Z,Ronde van Limburg,ADDED,BAUWENS Siebe,rider/siebe-bauwens
2026-03-28T12:57:57.719914Z,E3 Saxo Classic,ADDED,VACEK Mathias,rider/mathias-vacek
2026-03-28T12:57:57.719914Z,Omloop Nieuwsblad,ADDED,VACEK Mathias,rider/mathias-vacek
2026-03-28T12:57:57.719914Z,Milaan-Sanremo,ADDED,VACEK Mathias,rider/mathias-vacek
2026-03-28T12:57:57.719914Z,Ronde van Vlaanderen,ADDED,VACEK Mathias,rider/mathias-vacek
2026-03-28T12:57:57.719914Z,In Flanders Fields,ADDED,VACEK Mathias,rider/mathias-vacek
2026-03-28T12:57:57.719914Z,Parijs-Roubaix,ADDED,VACEK Mathias,rider/mathias-vacek
2026-03-28T12:57:57.719914Z,Samyn Classic,ADDED,THÉOT Killian,rider/killian-theot
2026-03-28T12:57:57.719914Z,Nokere Koerse,ADDED,VAN UDEN Casper,rider/casper-van-uden
2026-03-28T12:57:57.719914Z,E3 Saxo Classic,ADDED,TARLING Joshua,rider/joshua-tarling
2026-03-28T12:57:57.719914Z,Milaan-Sanremo,ADDED,TARLING Joshua,rider/joshua-tarling
2026-03-28T12:57:57.719914Z,Ronde van Vlaanderen,ADDED,TARLING Joshua,rider/joshua-tarling
2026-03-28T12:57:57.719914Z,In Flanders Fields,ADDED,TARLING Joshua,rider/joshua-tarling
2026-03-28T12:57:57.719914Z,Parijs-Roubaix,ADDED,TARLING Joshua,rider/joshua-tarling
2026-03-28T12:57:57.719914Z,E3 Saxo Classic,ADDED,ZUKOWSKY Nickolas,rider/nickolas-zukowsky
2026-03-28T12:57:57.719914Z,In Flanders Fields,ADDED,ZUKOWSKY Nickolas,rider/nickolas-zukowsky
2026-03-28T12:57:57.719914Z,Dwars door Vlaanderen,ADDED,ZUKOWSKY Nickolas,rider/nickolas-zukowsky
2026-03-28T12:57:57.719914Z,Ronde van Vlaanderen,ADDED,ZUKOWSKY Nickolas,rider/nickolas-zukowsky
2026-03-28T12:57:57.719914Z,Nokere Koerse,ADDED,GUILLEMETTE Mathias,rider/mathias-guillemette
2026-03-28T12:57:57.719914Z,Bredene Koksijde Classic,ADDED,GUILLEMETTE Mathias,rider/mathias-guillemette
2026-03-28T12:57:57.719914Z,Ronde van Vlaanderen,ADDED,BIERMANS Jenthe,rider/jenthe-biermans
2026-03-28T12:57:57.719914Z,Ronde van Brugge,ADDED,BIERMANS Jenthe,rider/jenthe-biermans
2026-03-28T12:57:57.719914Z,Ronde van Limburg,ADDED,BIERMANS Jenthe,rider/jenthe-biermans
2026-03-28T12:57:57.719914Z,Omloop Nieuwsblad,ADDED,BIERMANS Jenthe,rider/jenthe-biermans
2026-03-28T12:57:57.719914Z,Nokere Koerse,ADDED,BIERMANS Jenthe,rider/jenthe-biermans
2026-03-28T12:57:57.719914Z,Samyn Classic,ADDED,BIERMANS Jenthe,rider/jenthe-biermans
2026-03-28T12:57:57.719914Z,Milaan-Sanremo,ADDED,VAN AERT Wout,rider/wout-van-aert
2026-03-28T12:57:57.719914Z,Ronde van Vlaanderen,ADDED,VAN AERT Wout,rider/wout-van-aert
2026-03-28T12:57:57.719914Z,In Flanders Fields,ADDED,VAN AERT Wout,rider/wout-van-aert
2026-03-28T12:57:57.719914Z,Parijs-Roubaix,ADDED,VAN AERT Wout,rider/wout-van-aert
2026-03-28T12:57:57.719914Z,Dwars door Vlaanderen,ADDED,VAN AERT Wout,rider/wout-van-aert
2026-03-28T12:57:57.719914Z,Samyn Classic,ADDED,VAN AERT Wout,rider/wout-van-aert
2026-03-28T12:57:57.719914Z,Strade Bianche,ADDED,VAN AERT Wout,rider/wout-van-aert
2026-03-28T12:57:57.719914Z,Amstel Gold Race,ADDED,TESFATSION Natnael,rider/natnael-tesfatsion
2026-03-28T12:57:57.719914Z,Milaan-Sanremo,ADDED,TESFATSION Natnael,rider/natnael-tesfatsion
2026-03-28T12:57:57.719914Z,E3 Saxo Classic,ADDED,BLUME LEVY William,rider/william-blume-levy
2026-03-28T12:57:57.719914Z,Milaan-Sanremo,ADDED,BLUME LEVY William,rider/william-blume-levy
2026-03-28T12:57:57.719914Z,Dwars door Vlaanderen,ADDED,BLUME LEVY William,rider/william-blume-levy
2026-03-28T12:57:57.719914Z,Ronde van Vlaanderen,ADDED,BLUME LEVY William,rider/william-blume-levy
2026-03-28T12:57:57.719914Z,Amstel Gold Race,ADDED,CAMPRUBÍ Marcel,rider/marcel-camprubi
2026-03-28T12:57:57.719914Z,Milaan-Sanremo,ADDED,CAMPRUBÍ Marcel,rider/marcel-camprubi
2026-03-28T12:57:57.719914Z,Brabantse Pijl,ADDED,CAMPRUBÍ Marcel,rider/marcel-camprubi
2026-03-28T12:57:57.719914Z,Kuurne-Brussel-Kuurne,ADDED,CAVIA Daniel,rider/daniel-cavia-sanz
2026-03-28T12:57:57.719914Z,Scheldeprijs,ADDED,CAVIA Daniel,rider/daniel-cavia-sanz
2026-03-28T12:57:57.719914Z,Omloop Nieuwsblad,ADDED,CAVIA Daniel,rider/daniel-cavia-sanz
2026-03-28T12:57:57.719914Z,Ronde van Brugge,ADDED,CAVIA Daniel,rider/daniel-cavia-sanz
2026-03-28T12:57:57.719914Z,Ronde van Vlaanderen,ADDED,CAVIA Daniel,rider/daniel-cavia-sanz
2026-03-28T12:57:57.719914Z,In Flanders Fields,ADDED,CAVIA Daniel,rider/daniel-cavia-sanz
2026-03-28T12:57:57.719914Z,Dwars door Vlaanderen,ADDED,CAVIA Daniel,rider/daniel-cavia-sanz
2026-03-28T12:57:57.719914Z,Kuurne-Brussel-Kuurne,ADDED,SENTJENS Sente,rider/sente-sentjens
2026-03-28T12:57:57.719914Z,Scheldeprijs,ADDED,SENTJENS Sente,rider/sente-sentjens
2026-03-28T12:57:57.719914Z,Bredene Koksijde Classic,ADDED,SENTJENS Sente,rider/sente-sentjens
2026-03-28T12:57:57.719914Z,Ronde van Limburg,ADDED,SENTJENS Sente,rider/sente-sentjens
2026-03-28T12:57:57.719914Z,Nokere Koerse,ADDED,SENTJENS Sente,rider/sente-sentjens
2026-03-28T12:57:57.719914Z,Strade Bianche,ADDED,HERZOG Emil,rider/emil-herzog
2026-03-28T12:57:57.719914Z,Dwars door Vlaanderen,ADDED,CHAMBERLAIN Oscar,rider/oscar-chamberlain
2026-03-28T12:57:57.719914Z,Ronde van Vlaanderen,ADDED,CHAMBERLAIN Oscar,rider/oscar-chamberlain
2026-03-28T12:57:57.719914Z,E3 Saxo Classic,ADDED,VALTER Attila,rider/attila-valter
2026-03-28T12:57:57.719914Z,Omloop Nieuwsblad,ADDED,VALTER Attila,rider/attila-valter
2026-03-28T12:57:57.719914Z,Ronde van Brugge,ADDED,VALTER Attila,rider/attila-valter
2026-03-28T12:57:57.719914Z,Amstel Gold Race,ADDED,VALTER Attila,rider/attila-valter
2026-03-28T12:57:57.719914Z,Brabantse Pijl,ADDED,VALTER Attila,rider/attila-valter
2026-03-28T12:57:57.719914Z,Strade Bianche,ADDED,VALTER Attila,rider/attila-valter
2026-03-28T12:57:57.719914Z,Milaan-Sanremo,ADDED,RIDOLFO Filippo,rider/filippo-ridolfo
2026-03-28T12:57:57.719914Z,Scheldeprijs,ADDED,VAN DEN BERG Julius,rider/julius-van-den-berg
2026-03-28T12:57:57.719914Z,Omloop Nieuwsblad,ADDED,VAN DEN BERG Julius,rider/julius-van-den-berg
2026-03-28T12:57:57.719914Z,Ronde van Brugge,ADDED,VAN DEN BERG Julius,rider/julius-van-den-berg
2026-03-28T12:57:57.719914Z,Ronde van Vlaanderen,ADDED,VAN DEN BERG Julius,rider/julius-van-den-berg
2026-03-28T12:57:57.719914Z,In Flanders Fields,ADDED,VAN DEN BERG Julius,rider/julius-van-den-berg
2026-03-28T12:57:57.719914Z,Samyn Classic,ADDED,VAN DEN BERG Julius,rider/julius-van-den-berg
2026-03-28T12:57:57.719914Z,Ronde van Limburg,ADDED,CHESINI Cesare,rider/cesare-chesini
2026-03-28T12:57:57.719914Z,Ronde van Limburg,ADDED,BIBIC Dylan,rider/dylan-bibic
2026-03-28T12:57:57.719914Z,Milaan-Sanremo,ADDED,ALAPHILIPPE Julian,rider/julian-alaphilippe
2026-03-28T12:57:57.719914Z,Amstel Gold Race,ADDED,ALAPHILIPPE Julian,rider/julian-alaphilippe
2026-03-28T12:57:57.719914Z,Luik-Bastenaken-Luik,ADDED,ALAPHILIPPE Julian,rider/julian-alaphilippe
2026-03-28T12:57:57.719914Z,Waalse Pijl,ADDED,ALAPHILIPPE Julian,rider/julian-alaphilippe
2026-03-28T12:57:57.719914Z,Strade Bianche,ADDED,ALAPHILIPPE Julian,rider/julian-alaphilippe
2026-03-28T12:57:57.719914Z,Ronde van Brugge,ADDED,KOYAMA Tomoya,rider/tomoya-koyama
2026-03-28T12:57:57.719914Z,E3 Saxo Classic,ADDED,BJERG Mikkel,rider/mikkel-bjerg
2026-03-28T12:57:57.719914Z,Dwars door Vlaanderen,ADDED,BJERG Mikkel,rider/mikkel-bjerg
2026-03-28T12:57:57.719914Z,Ronde van Vlaanderen,ADDED,BJERG Mikkel,rider/mikkel-bjerg
2026-03-28T12:57:57.719914Z,E3 Saxo Classic,ADDED,DOULL Owain,rider/owain-doull
2026-03-28T12:57:57.719914Z,In Flanders Fields,ADDED,DOULL Owain,rider/owain-doull
2026-03-28T12:57:57.719914Z,Milaan-Sanremo,ADDED,DOULL Owain,rider/owain-doull
2026-03-28T12:57:57.719914Z,Amstel Gold Race,ADDED,CICCONE Giulio,rider/giulio-ciccone
2026-03-28T12:57:57.719914Z,Luik-Bastenaken-Luik,ADDED,CICCONE Giulio,rider/giulio-ciccone
2026-03-28T12:57:57.719914Z,Milaan-Sanremo,ADDED,CICCONE Giulio,rider/giulio-ciccone
2026-03-28T12:57:57.719914Z,Waalse Pijl,ADDED,CICCONE Giulio,rider/giulio-ciccone
2026-03-28T12:57:57.719914Z,Strade Bianche,ADDED,FANCELLU Alessandro,rider/alessandro-fancellu
2026-03-28T12:57:57.719914Z,Amstel Gold Race,ADDED,BATTISTELLA Samuele,rider/samuele-battistella
2026-03-28T12:57:57.719914Z,Luik-Bastenaken-Luik,ADDED,BATTISTELLA Samuele,rider/samuele-battistella
2026-03-28T12:57:57.719914Z,Brabantse Pijl,ADDED,BATTISTELLA Samuele,rider/samuele-battistella
2026-03-28T12:57:57.719914Z,Waalse Pijl,ADDED,BATTISTELLA Samuele,rider/samuele-battistella
2026-03-28T12:57:57.719914Z,Scheldeprijs,ADDED,VAN DIJKE Tim,rider/tim-van-dijke
2026-03-28T12:57:57.719914Z,Dwars door Vlaanderen,ADDED,VAN DIJKE Tim,rider/tim-van-dijke
2026-03-28T12:57:57.719914Z,Kuurne-Brussel-Kuurne,ADDED,VAN DIJKE Tim,rider/tim-van-dijke
2026-03-28T12:57:57.719914Z,E3 Saxo Classic,ADDED,VAN DIJKE Tim,rider/tim-van-dijke
2026-03-28T12:57:57.719914Z,In Flanders Fields,ADDED,VAN DIJKE Tim,rider/tim-van-dijke
2026-03-28T12:57:57.719914Z,Ronde van Vlaanderen,ADDED,VAN DIJKE Tim,rider/tim-van-dijke
2026-03-28T12:57:57.719914Z,Omloop Nieuwsblad,ADDED,VAN DIJKE Tim,rider/tim-van-dijke
2026-03-28T12:57:57.719914Z,Parijs-Roubaix,ADDED,VAN DIJKE Tim,rider/tim-van-dijke
2026-03-28T12:57:57.719914Z,Strade Bianche,ADDED,DINA Márton,rider/marton-dina
2026-03-28T12:57:57.719914Z,Brabantse Pijl,ADDED,JOUSSEAUME Alan,rider/alan-jousseaume
2026-03-28T12:57:57.719914Z,Brabantse Pijl,ADDED,DVERSNES LAVIK Fredrik,rider/fredrik-dversnes
2026-03-28T12:57:57.719914Z,Strade Bianche,ADDED,DVERSNES LAVIK Fredrik,rider/fredrik-dversnes
2026-03-28T12:57:57.719914Z,Kuurne-Brussel-Kuurne,ADDED,SHEEHAN Riley,rider/riley-sheehan
2026-03-28T12:57:57.719914Z,Ronde van Vlaanderen,ADDED,SHEEHAN Riley,rider/riley-sheehan
2026-03-28T12:57:57.719914Z,Omloop Nieuwsblad,ADDED,SHEEHAN Riley,rider/riley-sheehan
2026-03-28T12:57:57.719914Z,Parijs-Roubaix,ADDED,SHEEHAN Riley,rider/riley-sheehan
2026-03-28T12:57:57.719914Z,Dwars door Vlaanderen,ADDED,SHEEHAN Riley,rider/riley-sheehan
2026-03-28T12:57:57.719914Z,Strade Bianche,ADDED,CONCA Filippo,rider/filippo-conca
2026-03-28T12:57:57.719914Z,Brabantse Pijl,ADDED,FERNÁNDEZ Sinuhé,rider/sinuhe-fernandez-rodriguez
2026-03-28T12:57:57.719914Z,Ronde van Limburg,ADDED,FERNÁNDEZ Sinuhé,rider/sinuhe-fernandez-rodriguez
2026-03-28T12:57:57.719914Z,Milaan-Sanremo,ADDED,FERRON Valentin,rider/valentin-ferron
2026-03-28T12:57:57.719914Z,Brabantse Pijl,ADDED,FERRON Valentin,rider/valentin-ferron
2026-03-28T12:57:57.719914Z,Ronde van Limburg,ADDED,FERRON Valentin,rider/valentin-ferron
2026-03-28T12:57:57.719914Z,Milaan-Sanremo,ADDED,BRAND Sam,rider/sam-brand
2026-03-28T12:57:57.719914Z,Strade Bianche,ADDED,KONRAD Patrick,rider/patrick-konrad
2026-03-28T12:57:57.719914Z,Nokere Koerse,ADDED,DUNWOODY Seth,rider/seth-dunwoody
2026-03-28T12:57:57.719914Z,Samyn Classic,ADDED,DUNWOODY Seth,rider/seth-dunwoody
2026-03-28T12:57:57.719914Z,Ronde van Limburg,ADDED,DUNWOODY Seth,rider/seth-dunwoody
2026-03-28T12:57:57.719914Z,E3 Saxo Classic,ADDED,SERRANO Gonzalo,rider/gonzalo-serrano
2026-03-28T12:57:57.719914Z,Ronde van Brugge,ADDED,SERRANO Gonzalo,rider/gonzalo-serrano
2026-03-28T12:57:57.719914Z,Ronde van Vlaanderen,ADDED,SERRANO Gonzalo,rider/gonzalo-serrano
2026-03-28T12:57:57.719914Z,Amstel Gold Race,ADDED,SERRANO Gonzalo,rider/gonzalo-serrano
2026-03-28T12:57:57.719914Z,Dwars door Vlaanderen,ADDED,SERRANO Gonzalo,rider/gonzalo-serrano
2026-03-28T12:57:57.719914Z,Strade Bianche,ADDED,SERRANO Gonzalo,rider/gonzalo-serrano
2026-03-28T12:57:57.719914Z,Samyn Classic,ADDED,HUITEMA Jasper,rider/jasper-huitema
2026-03-28T12:57:57.719914Z,Nokere Koerse,ADDED,GELDERS Gil,rider/gil-gelders
2026-03-28T12:57:57.719914Z,Bredene Koksijde Classic,ADDED,GELDERS Gil,rider/gil-gelders
2026-03-28T12:57:57.719914Z,Milaan-Sanremo,ADDED,POELS Wout,rider/wout-poels
2026-03-28T12:57:57.719914Z,Strade Bianche,ADDED,POELS Wout,rider/wout-poels
2026-03-28T12:57:57.719914Z,Omloop Nieuwsblad,ADDED,SWIFT Ben,rider/ben-swift
2026-03-28T12:57:57.719914Z,Strade Bianche,ADDED,SEVILLA Diego Pablo,rider/diego-pablo-sevilla
2026-03-28T12:57:57.719914Z,Ronde van Vlaanderen,ADDED,LEROUX Samuel,rider/samuel-leroux
2026-03-28T12:57:57.719914Z,Scheldeprijs,ADDED,LEROUX Samuel,rider/samuel-leroux
2026-03-28T12:57:57.719914Z,Ronde van Brugge,ADDED,LEROUX Samuel,rider/samuel-leroux
2026-03-28T12:57:57.719914Z,Dwars door Vlaanderen,ADDED,LEROUX Samuel,rider/samuel-leroux
2026-03-28T12:57:57.719914Z,Kuurne-Brussel-Kuurne,ADDED,LEROUX Samuel,rider/samuel-leroux
2026-03-28T12:57:57.719914Z,In Flanders Fields,ADDED,LEROUX Samuel,rider/samuel-leroux
2026-03-28T12:57:57.719914Z,Bredene Koksijde Classic,ADDED,LEROUX Samuel,rider/samuel-leroux
2026-03-28T12:57:57.719914Z,Omloop Nieuwsblad,ADDED,LEROUX Samuel,rider/samuel-leroux
2026-03-28T12:57:57.719914Z,Parijs-Roubaix,ADDED,LEROUX Samuel,rider/samuel-leroux
2026-03-28T12:57:57.719914Z,Scheldeprijs,ADDED,CARPENTER Robin,rider/robin-carpenter
2026-03-28T12:57:57.719914Z,Ronde van Limburg,ADDED,CARPENTER Robin,rider/robin-carpenter
2026-03-28T12:57:57.719914Z,Strade Bianche,ADDED,ZOCCARATO Samuele,rider/samuele-zoccarato
2026-03-28T12:57:57.719914Z,Scheldeprijs,ADDED,LAMBRECHT Michiel,rider/michiel-lambrecht
2026-03-28T12:57:57.719914Z,Amstel Gold Race,ADDED,LAMBRECHT Michiel,rider/michiel-lambrecht
2026-03-28T12:57:57.719914Z,E3 Saxo Classic,ADDED,LAMBRECHT Michiel,rider/michiel-lambrecht
2026-03-28T12:57:57.719914Z,In Flanders Fields,ADDED,LAMBRECHT Michiel,rider/michiel-lambrecht
2026-03-28T12:57:57.719914Z,Omloop Nieuwsblad,ADDED,LAMBRECHT Michiel,rider/michiel-lambrecht
2026-03-28T12:57:57.719914Z,Nokere Koerse,ADDED,LAMBRECHT Michiel,rider/michiel-lambrecht
2026-03-28T12:57:57.719914Z,Brabantse Pijl,ADDED,LAMBRECHT Michiel,rider/michiel-lambrecht
2026-03-28T12:57:57.719914Z,Samyn Classic,ADDED,LAMBRECHT Michiel,rider/michiel-lambrecht
2026-03-28T12:57:57.719914Z,Kuurne-Brussel-Kuurne,ADDED,ACKERMANN Pascal,rider/pascal-ackermann
2026-03-28T12:57:57.719914Z,Scheldeprijs,ADDED,ACKERMANN Pascal,rider/pascal-ackermann
2026-03-28T12:57:57.719914Z,Bredene Koksijde Classic,ADDED,ACKERMANN Pascal,rider/pascal-ackermann
2026-03-28T12:57:57.719914Z,Ronde van Limburg,ADDED,ACKERMANN Pascal,rider/pascal-ackermann
2026-03-28T12:57:57.719914Z,In Flanders Fields,ADDED,ACKERMANN Pascal,rider/pascal-ackermann
2026-03-28T12:57:57.719914Z,Nokere Koerse,ADDED,ACKERMANN Pascal,rider/pascal-ackermann
2026-03-28T12:57:57.719914Z,Ronde van Limburg,ADDED,LEFEVRE Fabrice,rider/fabrice-lefevre
2026-03-28T12:57:57.719914Z,Milaan-Sanremo,ADDED,MILESI Lorenzo,rider/lorenzo-milesi
2026-03-28T12:57:57.719914Z,Ronde van Brugge,ADDED,MILESI Lorenzo,rider/lorenzo-milesi
2026-03-28T12:57:57.719914Z,Ronde van Vlaanderen,ADDED,MILESI Lorenzo,rider/lorenzo-milesi
2026-03-28T12:57:57.719914Z,In Flanders Fields,ADDED,MILESI Lorenzo,rider/lorenzo-milesi
2026-03-28T12:57:57.719914Z,Amstel Gold Race,ADDED,MILESI Lorenzo,rider/lorenzo-milesi
2026-03-28T12:57:57.719914Z,Dwars door Vlaanderen,ADDED,MILESI Lorenzo,rider/lorenzo-milesi
2026-03-28T12:57:57.719914Z,Kuurne-Brussel-Kuurne,ADDED,SÖDERQVIST Jakob,rider/jakob-soderqvist
2026-03-28T12:57:57.719914Z,Ronde van Brugge,ADDED,SÖDERQVIST Jakob,rider/jakob-soderqvist
2026-03-28T12:57:57.719914Z,Ronde van Vlaanderen,ADDED,SÖDERQVIST Jakob,rider/jakob-soderqvist
2026-03-28T12:57:57.719914Z,In Flanders Fields,ADDED,SÖDERQVIST Jakob,rider/jakob-soderqvist
2026-03-28T12:57:57.719914Z,Parijs-Roubaix,ADDED,SÖDERQVIST Jakob,rider/jakob-soderqvist
2026-03-28T12:57:57.719914Z,Dwars door Vlaanderen,ADDED,SÖDERQVIST Jakob,rider/jakob-soderqvist
2026-03-28T12:57:57.719914Z,Dwars door Vlaanderen,ADDED,THORNLEY Callum,rider/callum-thornley
2026-03-28T12:57:57.719914Z,Ronde van Vlaanderen,ADDED,THORNLEY Callum,rider/callum-thornley
2026-03-28T12:57:57.719914Z,Amstel Gold Race,ADDED,NARVÁEZ Jhonatan,rider/jhonatan-narvaez
2026-03-28T12:57:57.719914Z,Brabantse Pijl,ADDED,NARVÁEZ Jhonatan,rider/jhonatan-narvaez
2026-03-28T12:57:57.719914Z,Kuurne-Brussel-Kuurne,ADDED,BARTHE Cyril,rider/cyril-barthe
2026-03-28T12:57:57.719914Z,Omloop Nieuwsblad,ADDED,BARTHE Cyril,rider/cyril-barthe
2026-03-28T12:57:57.719914Z,Ronde van Brugge,ADDED,BARTHE Cyril,rider/cyril-barthe
2026-03-28T12:57:57.719914Z,Bredene Koksijde Classic,ADDED,BARTHE Cyril,rider/cyril-barthe
2026-03-28T12:57:57.719914Z,In Flanders Fields,ADDED,BARTHE Cyril,rider/cyril-barthe
2026-03-28T12:57:57.719914Z,Nokere Koerse,ADDED,BARTHE Cyril,rider/cyril-barthe
2026-03-28T12:57:57.719914Z,Samyn Classic,ADDED,BARTHE Cyril,rider/cyril-barthe
2026-03-28T12:57:57.719914Z,Waalse Pijl,ADDED,MARTIN Guillaume,rider/guillaume-martin
2026-03-28T12:57:57.719914Z,Luik-Bastenaken-Luik,ADDED,MARTIN Guillaume,rider/guillaume-martin
2026-03-28T12:57:57.719914Z,Dwars door Vlaanderen,ADDED,DE VRIES Hartthijs,rider/hartthijs-de-vries
2026-03-28T12:57:57.719914Z,Kuurne-Brussel-Kuurne,ADDED,DE VRIES Hartthijs,rider/hartthijs-de-vries
2026-03-28T12:57:57.719914Z,E3 Saxo Classic,ADDED,DE VRIES Hartthijs,rider/hartthijs-de-vries
2026-03-28T12:57:57.719914Z,Ronde van Limburg,ADDED,DE VRIES Hartthijs,rider/hartthijs-de-vries
2026-03-28T12:57:57.719914Z,Milaan-Sanremo,ADDED,DE VRIES Hartthijs,rider/hartthijs-de-vries
2026-03-28T12:57:57.719914Z,Ronde van Vlaanderen,ADDED,DE VRIES Hartthijs,rider/hartthijs-de-vries
2026-03-28T12:57:57.719914Z,In Flanders Fields,ADDED,DE VRIES Hartthijs,rider/hartthijs-de-vries
2026-03-28T12:57:57.719914Z,Nokere Koerse,ADDED,DE VRIES Hartthijs,rider/hartthijs-de-vries
2026-03-28T12:57:57.719914Z,Samyn Classic,ADDED,DE VRIES Hartthijs,rider/hartthijs-de-vries
2026-03-28T12:57:57.719914Z,Kuurne-Brussel-Kuurne,ADDED,TEUNISSEN Mike,rider/mike-teunissen
2026-03-28T12:57:57.719914Z,E3 Saxo Classic,ADDED,TEUNISSEN Mike,rider/mike-teunissen
2026-03-28T12:57:57.719914Z,Omloop Nieuwsblad,ADDED,TEUNISSEN Mike,rider/mike-teunissen
2026-03-28T12:57:57.719914Z,Milaan-Sanremo,ADDED,TEUNISSEN Mike,rider/mike-teunissen
2026-03-28T12:57:57.719914Z,Ronde van Vlaanderen,ADDED,TEUNISSEN Mike,rider/mike-teunissen
2026-03-28T12:57:57.719914Z,In Flanders Fields,ADDED,TEUNISSEN Mike,rider/mike-teunissen
2026-03-28T12:57:57.719914Z,Parijs-Roubaix,ADDED,TEUNISSEN Mike,rider/mike-teunissen
2026-03-28T12:57:57.719914Z,Luik-Bastenaken-Luik,ADDED,BOUWMAN Koen,rider/koen-bouwman
2026-03-28T12:57:57.719914Z,Amstel Gold Race,ADDED,DOUBEY Fabien,rider/fabien-doubey
2026-03-28T12:57:57.719914Z,Amstel Gold Race,ADDED,RACCAGNI NOVIERO Andrea,rider/andrea-raccagni-noviero
2026-03-28T12:57:57.719914Z,Luik-Bastenaken-Luik,ADDED,RACCAGNI NOVIERO Andrea,rider/andrea-raccagni-noviero
2026-03-28T12:57:57.719914Z,Nokere Koerse,ADDED,WRIGHT Paul,rider/paul-wright
2026-03-28T12:57:57.719914Z,Bredene Koksijde Classic,ADDED,WRIGHT Paul,rider/paul-wright
2026-03-28T12:57:57.719914Z,Ronde van Limburg,ADDED,WRIGHT Paul,rider/paul-wright
2026-03-28T12:57:57.719914Z,Strade Bianche,ADDED,VANSEVENANT Mauri,rider/mauri-vansevenant
2026-03-28T12:57:57.719914Z,Ronde van Limburg,ADDED,MOURIS Wessel,rider/wessel-mouris
2026-03-28T12:57:57.719914Z,Scheldeprijs,ADDED,MOURIS Wessel,rider/wessel-mouris
2026-03-28T12:57:57.719914Z,Ronde van Brugge,ADDED,MOURIS Wessel,rider/wessel-mouris
2026-03-28T12:57:57.719914Z,Bredene Koksijde Classic,ADDED,MOURIS Wessel,rider/wessel-mouris
2026-03-28T12:57:57.719914Z,In Flanders Fields,ADDED,MOURIS Wessel,rider/wessel-mouris
2026-03-28T12:57:57.719914Z,Dwars door Vlaanderen,ADDED,MOURIS Wessel,rider/wessel-mouris
2026-03-28T12:57:57.719914Z,Samyn Classic,ADDED,WERTZ Hugo,rider/hugo-wertz
2026-03-28T12:57:57.719914Z,Amstel Gold Race,ADDED,WILKSCH Hannes,rider/hannes-wilksch
2026-03-28T12:57:57.719914Z,Strade Bianche,ADDED,WILKSCH Hannes,rider/hannes-wilksch
2026-03-28T12:57:57.719914Z,Amstel Gold Race,ADDED,VERSTRYNGE Emiel,rider/emiel-verstrynge
2026-03-28T12:57:57.719914Z,Luik-Bastenaken-Luik,ADDED,VERSTRYNGE Emiel,rider/emiel-verstrynge
2026-03-28T12:57:57.719914Z,Milaan-Sanremo,ADDED,VERSTRYNGE Emiel,rider/emiel-verstrynge
2026-03-28T12:57:57.719914Z,Strade Bianche,ADDED,VERSTRYNGE Emiel,rider/emiel-verstrynge
2026-03-28T12:57:57.719914Z,Ronde van Vlaanderen,ADDED,QUARTUCCI Lorenzo,rider/lorenzo-quartucci
2026-03-28T12:57:57.719914Z,Nokere Koerse,ADDED,DELLE VEDOVE Alessio,rider/alessio-delle-vedove
2026-03-28T12:57:57.719914Z,Bredene Koksijde Classic,ADDED,DELLE VEDOVE Alessio,rider/alessio-delle-vedove
2026-03-28T12:57:57.719914Z,Amstel Gold Race,ADDED,BOU Joan,rider/joan-bou
2026-03-28T12:57:57.719914Z,Kuurne-Brussel-Kuurne,ADDED,STEWART Mark,rider/mark-stewart
2026-03-28T12:57:57.719914Z,Scheldeprijs,ADDED,STEWART Mark,rider/mark-stewart
2026-03-28T12:57:57.719914Z,Samyn Classic,ADDED,STEWART Mark,rider/mark-stewart
2026-03-28T12:57:57.719914Z,Scheldeprijs,ADDED,DEKKER David,rider/david-dekker
2026-03-28T12:57:57.719914Z,Bredene Koksijde Classic,ADDED,DEKKER David,rider/david-dekker
2026-03-28T12:57:57.719914Z,Ronde van Limburg,ADDED,DEKKER David,rider/david-dekker
2026-03-28T12:57:57.719914Z,Brabantse Pijl,ADDED,DEKKER David,rider/david-dekker
2026-03-28T12:57:57.719914Z,Samyn Classic,ADDED,DEKKER David,rider/david-dekker
2026-03-28T12:57:57.719914Z,Kuurne-Brussel-Kuurne,ADDED,FIORELLI Filippo,rider/filippo-fiorelli
2026-03-28T12:57:57.719914Z,E3 Saxo Classic,ADDED,FIORELLI Filippo,rider/filippo-fiorelli
2026-03-28T12:57:57.719914Z,Amstel Gold Race,ADDED,FIORELLI Filippo,rider/filippo-fiorelli
2026-03-28T12:57:57.719914Z,Luik-Bastenaken-Luik,ADDED,FIORELLI Filippo,rider/filippo-fiorelli
2026-03-28T12:57:57.719914Z,Strade Bianche,ADDED,FIORELLI Filippo,rider/filippo-fiorelli
2026-03-28T12:57:57.719914Z,Kuurne-Brussel-Kuurne,ADDED,VAN BAARLE Dylan,rider/dylan-van-baarle
2026-03-28T12:57:57.719914Z,E3 Saxo Classic,ADDED,VAN BAARLE Dylan,rider/dylan-van-baarle
2026-03-28T12:57:57.719914Z,Ronde van Vlaanderen,ADDED,VAN BAARLE Dylan,rider/dylan-van-baarle
2026-03-28T12:57:57.719914Z,Omloop Nieuwsblad,ADDED,VAN BAARLE Dylan,rider/dylan-van-baarle
2026-03-28T12:57:57.719914Z,Parijs-Roubaix,ADDED,VAN BAARLE Dylan,rider/dylan-van-baarle
2026-03-28T12:57:57.719914Z,Dwars door Vlaanderen,ADDED,VAN BAARLE Dylan,rider/dylan-van-baarle
2026-03-28T12:57:57.719914Z,Scheldeprijs,ADDED,DUPONT Timothy,rider/timothy-dupont
2026-03-28T12:57:57.719914Z,Bredene Koksijde Classic,ADDED,DUPONT Timothy,rider/timothy-dupont
2026-03-28T12:57:57.719914Z,Ronde van Limburg,ADDED,DUPONT Timothy,rider/timothy-dupont
2026-03-28T12:57:57.719914Z,Nokere Koerse,ADDED,DUPONT Timothy,rider/timothy-dupont
2026-03-28T12:57:57.719914Z,Samyn Classic,ADDED,DUPONT Timothy,rider/timothy-dupont
2026-03-28T12:57:57.719914Z,Samyn Classic,ADDED,BEHRENS Eike,rider/eike-behrens
2026-03-28T12:57:57.719914Z,E3 Saxo Classic,ADDED,RAISBERG Nadav,rider/nadav-raisberg
2026-03-28T12:57:57.719914Z,Ronde van Brugge,ADDED,RAISBERG Nadav,rider/nadav-raisberg
2026-03-28T12:57:57.719914Z,Bredene Koksijde Classic,ADDED,RAISBERG Nadav,rider/nadav-raisberg
2026-03-28T12:57:57.719914Z,Nokere Koerse,ADDED,RAISBERG Nadav,rider/nadav-raisberg
2026-03-28T12:57:57.719914Z,Dwars door Vlaanderen,ADDED,RAISBERG Nadav,rider/nadav-raisberg
2026-03-28T12:57:57.719914Z,Kuurne-Brussel-Kuurne,ADDED,SKUJIŅŠ Toms,rider/toms-skujins
2026-03-28T12:57:57.719914Z,Omloop Nieuwsblad,ADDED,SKUJIŅŠ Toms,rider/toms-skujins
2026-03-28T12:57:57.719914Z,Ronde van Limburg,ADDED,SKUJIŅŠ Toms,rider/toms-skujins
2026-03-28T12:57:57.719914Z,E3 Saxo Classic,ADDED,VALGREN Michael,rider/michael-valgren-andersen
2026-03-28T12:57:57.719914Z,Milaan-Sanremo,ADDED,VALGREN Michael,rider/michael-valgren-andersen
2026-03-28T12:57:57.719914Z,Ronde van Vlaanderen,ADDED,VALGREN Michael,rider/michael-valgren-andersen
2026-03-28T12:57:57.719914Z,In Flanders Fields,ADDED,VALGREN Michael,rider/michael-valgren-andersen
2026-03-28T12:57:57.719914Z,Parijs-Roubaix,ADDED,VALGREN Michael,rider/michael-valgren-andersen
2026-03-28T12:57:57.719914Z,Strade Bianche,ADDED,VALGREN Michael,rider/michael-valgren-andersen
2026-03-28T12:57:57.719914Z,Kuurne-Brussel-Kuurne,ADDED,MORO Manlio,rider/manlio-moro
2026-03-28T12:57:57.719914Z,Milaan-Sanremo,ADDED,MORO Manlio,rider/manlio-moro
2026-03-28T12:57:57.719914Z,Ronde van Vlaanderen,ADDED,MORO Manlio,rider/manlio-moro
2026-03-28T12:57:57.719914Z,Omloop Nieuwsblad,ADDED,MORO Manlio,rider/manlio-moro
2026-03-28T12:57:57.719914Z,Dwars door Vlaanderen,ADDED,MORO Manlio,rider/manlio-moro
2026-03-28T12:57:57.719914Z,Strade Bianche,ADDED,MORO Manlio,rider/manlio-moro
2026-03-28T12:57:57.719914Z,Amstel Gold Race,ADDED,BUSATTO Francesco,rider/francesco-busatto
2026-03-28T12:57:57.719914Z,Luik-Bastenaken-Luik,ADDED,BUSATTO Francesco,rider/francesco-busatto
2026-03-28T12:57:57.719914Z,Waalse Pijl,ADDED,BUSATTO Francesco,rider/francesco-busatto
2026-03-28T12:57:57.719914Z,Strade Bianche,ADDED,BUSATTO Francesco,rider/francesco-busatto
2026-03-28T12:57:57.719914Z,Kuurne-Brussel-Kuurne,ADDED,GROENEWEGEN Dylan,rider/dylan-groenewegen
2026-03-28T12:57:57.719914Z,Scheldeprijs,ADDED,GROENEWEGEN Dylan,rider/dylan-groenewegen
2026-03-28T12:57:57.719914Z,Ronde van Limburg,ADDED,GROENEWEGEN Dylan,rider/dylan-groenewegen
2026-03-28T12:57:57.719914Z,Ronde van Brugge,ADDED,GROENEWEGEN Dylan,rider/dylan-groenewegen
2026-03-28T12:57:57.719914Z,Bredene Koksijde Classic,ADDED,GROENEWEGEN Dylan,rider/dylan-groenewegen
2026-03-28T12:57:57.719914Z,Samyn Classic,ADDED,GROENEWEGEN Dylan,rider/dylan-groenewegen
2026-03-28T12:57:57.719914Z,Milaan-Sanremo,ADDED,MANENTI Marco,rider/marco-manenti1
2026-03-28T12:57:57.719914Z,Milaan-Sanremo,ADDED,LONARDI Giovanni,rider/giovanni-lonardi
2026-03-28T12:57:57.719914Z,Ronde van Limburg,ADDED,PERSICO Davide,rider/davide-persico
2026-03-28T12:57:57.719914Z,Scheldeprijs,ADDED,VAN DEN HAUTE Milan,rider/milan-van-den-haute
2026-03-28T12:57:57.719914Z,Ronde van Brugge,ADDED,VAN DEN HAUTE Milan,rider/milan-van-den-haute
2026-03-28T12:57:57.719914Z,Bredene Koksijde Classic,ADDED,VAN DEN HAUTE Milan,rider/milan-van-den-haute
2026-03-28T12:57:57.719914Z,Dwars door Vlaanderen,ADDED,VAN DEN HAUTE Milan,rider/milan-van-den-haute
2026-03-28T12:57:57.719914Z,Samyn Classic,ADDED,VAN DEN HAUTE Milan,rider/milan-van-den-haute
2026-03-28T12:57:57.719914Z,Kuurne-Brussel-Kuurne,ADDED,PARISINI Nicolò,rider/nicolo-parisini
2026-03-28T12:57:57.719914Z,In Flanders Fields,ADDED,PARISINI Nicolò,rider/nicolo-parisini
2026-03-28T12:57:57.719914Z,Bredene Koksijde Classic,ADDED,PARISINI Nicolò,rider/nicolo-parisini
2026-03-28T12:57:57.719914Z,Omloop Nieuwsblad,ADDED,BISSEGGER Stefan,rider/stefan-bissegger
2026-03-28T12:57:57.719914Z,Parijs-Roubaix,ADDED,BISSEGGER Stefan,rider/stefan-bissegger
2026-03-28T12:57:57.719914Z,In Flanders Fields,ADDED,BISSEGGER Stefan,rider/stefan-bissegger
2026-03-28T12:57:57.719914Z,Ronde van Vlaanderen,ADDED,BISSEGGER Stefan,rider/stefan-bissegger
2026-03-28T12:57:57.719914Z,Milaan-Sanremo,ADDED,SILVA Guillermo Thomas,rider/guillermo-thomas-silva-coussan
2026-03-28T12:57:57.719914Z,Strade Bianche,ADDED,SILVA Guillermo Thomas,rider/guillermo-thomas-silva-coussan
2026-03-28T12:57:57.719914Z,Brabantse Pijl,ADDED,BARONCINI Filippo,rider/filippo-baroncini
2026-03-28T12:57:57.719914Z,E3 Saxo Classic,ADDED,VANDENSTORME Dylan,rider/dylan-vandenstorme
2026-03-28T12:57:57.719914Z,Ronde van Vlaanderen,ADDED,VANDENSTORME Dylan,rider/dylan-vandenstorme
2026-03-28T12:57:57.719914Z,Omloop Nieuwsblad,ADDED,VANDENSTORME Dylan,rider/dylan-vandenstorme
2026-03-28T12:57:57.719914Z,Nokere Koerse,ADDED,VANDENSTORME Dylan,rider/dylan-vandenstorme
2026-03-28T12:57:57.719914Z,Brabantse Pijl,ADDED,VANDENSTORME Dylan,rider/dylan-vandenstorme
2026-03-28T12:57:57.719914Z,Kuurne-Brussel-Kuurne,ADDED,FONTAINE Titouan,rider/titouan-fontaine
2026-03-28T12:57:57.719914Z,Ronde van Brugge,ADDED,FONTAINE Titouan,rider/titouan-fontaine
2026-03-28T12:57:57.719914Z,Bredene Koksijde Classic,ADDED,FONTAINE Titouan,rider/titouan-fontaine
2026-03-28T12:57:57.719914Z,Nokere Koerse,ADDED,FONTAINE Titouan,rider/titouan-fontaine
2026-03-28T12:57:57.719914Z,Samyn Classic,ADDED,FONTAINE Titouan,rider/titouan-fontaine
2026-03-28T12:57:57.719914Z,Kuurne-Brussel-Kuurne,ADDED,TILLER Rasmus,rider/rasmus-tiller
2026-03-28T12:57:57.719914Z,E3 Saxo Classic,ADDED,TILLER Rasmus,rider/rasmus-tiller
2026-03-28T12:57:57.719914Z,Omloop Nieuwsblad,ADDED,TILLER Rasmus,rider/rasmus-tiller
2026-03-28T12:57:57.719914Z,Ronde van Vlaanderen,ADDED,TILLER Rasmus,rider/rasmus-tiller
2026-03-28T12:57:57.719914Z,In Flanders Fields,ADDED,TILLER Rasmus,rider/rasmus-tiller
2026-03-28T12:57:57.719914Z,Amstel Gold Race,ADDED,GLIVAR Gal,rider/gal-glivar
2026-03-28T12:57:57.719914Z,Strade Bianche,ADDED,GLIVAR Gal,rider/gal-glivar
2026-03-28T12:57:57.719914Z,Bredene Koksijde Classic,ADDED,PEDERSEN Martin,rider/martin-pedersen1
2026-03-28T12:57:57.719914Z,Samyn Classic,ADDED,JACQUES Lucas,rider/lucas-jacques
2026-03-28T12:57:57.719914Z,Milaan-Sanremo,ADDED,SMITH Dion,rider/dion-smith
2026-03-28T12:57:57.719914Z,E3 Saxo Classic,ADDED,REINDERINK Pepijn,rider/pepijn-reinderink
2026-03-28T12:57:57.719914Z,Milaan-Sanremo,ADDED,REINDERINK Pepijn,rider/pepijn-reinderink
2026-03-28T12:57:57.719914Z,Ronde van Vlaanderen,ADDED,REINDERINK Pepijn,rider/pepijn-reinderink
2026-03-28T12:57:57.719914Z,Omloop Nieuwsblad,ADDED,REINDERINK Pepijn,rider/pepijn-reinderink
2026-03-28T12:57:57.719914Z,Dwars door Vlaanderen,ADDED,REINDERINK Pepijn,rider/pepijn-reinderink
2026-03-28T12:57:57.719914Z,Strade Bianche,ADDED,REINDERINK Pepijn,rider/pepijn-reinderink
2026-03-28T12:57:57.719914Z,Ronde van Limburg,ADDED,PEÁK Barnabás,rider/barnabas-peak
2026-03-28T12:57:57.719914Z,Strade Bianche,ADDED,VERMEERSCH Gianni,rider/gianni-vermeersch
2026-03-28T12:57:57.719914Z,E3 Saxo Classic,ADDED,VERMEERSCH Gianni,rider/gianni-vermeersch
2026-03-28T12:57:57.719914Z,In Flanders Fields,ADDED,VERMEERSCH Gianni,rider/gianni-vermeersch
2026-03-28T12:57:57.719914Z,Ronde van Vlaanderen,ADDED,VERMEERSCH Gianni,rider/gianni-vermeersch
2026-03-28T12:57:57.719914Z,Omloop Nieuwsblad,ADDED,VERMEERSCH Gianni,rider/gianni-vermeersch
2026-03-28T12:57:57.719914Z,Nokere Koerse,ADDED,VERMEERSCH Gianni,rider/gianni-vermeersch
2026-03-28T12:57:57.719914Z,Parijs-Roubaix,ADDED,VERMEERSCH Gianni,rider/gianni-vermeersch
2026-03-28T12:57:57.719914Z,Samyn Classic,ADDED,VERMEERSCH Gianni,rider/gianni-vermeersch
2026-03-28T12:57:57.719914Z,Strade Bianche,ADDED,GAFFURI Mattia,rider/mattia-gaffuri
2026-03-28T12:57:57.719914Z,Scheldeprijs,ADDED,MEO Felix James,rider/felix-james-meo
2026-03-28T12:57:57.719914Z,In Flanders Fields,ADDED,FREDHEIM Stian,rider/stian-fredheim
2026-03-28T12:57:57.719914Z,Dwars door Vlaanderen,ADDED,FREDHEIM Stian,rider/stian-fredheim
2026-03-28T12:57:57.719914Z,Ronde van Brugge,ADDED,FREDHEIM Stian,rider/stian-fredheim
2026-03-28T12:57:57.719914Z,Luik-Bastenaken-Luik,ADDED,ROLLAND Brieuc,rider/brieuc-rolland
2026-03-28T12:57:57.719914Z,Strade Bianche,ADDED,ROLLAND Brieuc,rider/brieuc-rolland
2026-03-28T12:57:57.719914Z,Amstel Gold Race,ADDED,CONCI Nicola,rider/nicola-conci
2026-03-28T12:57:57.719914Z,Amstel Gold Race,ADDED,HUISING Menno,rider/menno-huising
2026-03-28T12:57:57.719914Z,Waalse Pijl,ADDED,AYUSO Juan,rider/juan-ayuso-pesquera
2026-03-28T12:57:57.719914Z,Luik-Bastenaken-Luik,ADDED,AYUSO Juan,rider/juan-ayuso-pesquera
2026-03-28T12:57:57.719914Z,Scheldeprijs,ADDED,FAGÚNDEZ Eric Antonio,rider/eric-antonio-fagundez
2026-03-28T12:57:57.719914Z,E3 Saxo Classic,ADDED,FAGÚNDEZ Eric Antonio,rider/eric-antonio-fagundez
2026-03-28T12:57:57.719914Z,Ronde van Vlaanderen,ADDED,FAGÚNDEZ Eric Antonio,rider/eric-antonio-fagundez
2026-03-28T12:57:57.719914Z,In Flanders Fields,ADDED,FAGÚNDEZ Eric Antonio,rider/eric-antonio-fagundez
2026-03-28T12:57:57.719914Z,Dwars door Vlaanderen,ADDED,FAGÚNDEZ Eric Antonio,rider/eric-antonio-fagundez
2026-03-28T12:57:57.719914Z,Kuurne-Brussel-Kuurne,ADDED,BAUHAUS Phil,rider/phil-bauhaus
2026-03-28T12:57:57.719914Z,Scheldeprijs,ADDED,BAUHAUS Phil,rider/phil-bauhaus
2026-03-28T12:57:57.719914Z,Ronde van Brugge,ADDED,BAUHAUS Phil,rider/phil-bauhaus
2026-03-28T12:57:57.719914Z,Kuurne-Brussel-Kuurne,ADDED,MACIEJUK Filip,rider/filip-maciejuk
2026-03-28T12:57:57.719914Z,E3 Saxo Classic,ADDED,MACIEJUK Filip,rider/filip-maciejuk
2026-03-28T12:57:57.719914Z,Milaan-Sanremo,ADDED,MACIEJUK Filip,rider/filip-maciejuk
2026-03-28T12:57:57.719914Z,Ronde van Brugge,ADDED,MACIEJUK Filip,rider/filip-maciejuk
2026-03-28T12:57:57.719914Z,Omloop Nieuwsblad,ADDED,MACIEJUK Filip,rider/filip-maciejuk
2026-03-28T12:57:57.719914Z,Strade Bianche,ADDED,MACIEJUK Filip,rider/filip-maciejuk
2026-03-28T12:57:57.719914Z,Ronde van Limburg,ADDED,SMØRÅS Filip,rider/filip-smoras
2026-03-28T12:57:57.719914Z,Strade Bianche,ADDED,MARTINELLI Alessio,rider/alessio-martinelli
2026-03-28T12:57:57.719914Z,Brabantse Pijl,ADDED,DEBRUYNE Ramses,rider/ramses-debruyne
2026-03-28T12:57:57.719914Z,Strade Bianche,ADDED,VERVAEKE Louis,rider/louis-vervaeke
2026-03-28T12:57:57.719914Z,Scheldeprijs,ADDED,VAN TRICHT Floris,rider/floris-van-tricht
2026-03-28T12:57:57.719914Z,E3 Saxo Classic,ADDED,VAN TRICHT Floris,rider/floris-van-tricht
2026-03-28T12:57:57.719914Z,Ronde van Brugge,ADDED,VAN TRICHT Floris,rider/floris-van-tricht
2026-03-28T12:57:57.719914Z,Bredene Koksijde Classic,ADDED,VAN TRICHT Floris,rider/floris-van-tricht
2026-03-28T12:57:57.719914Z,Nokere Koerse,ADDED,VAN TRICHT Floris,rider/floris-van-tricht
2026-03-28T12:57:57.719914Z,Samyn Classic,ADDED,VAN TRICHT Floris,rider/floris-van-tricht
2026-03-28T12:57:57.719914Z,Strade Bianche,ADDED,VAN TRICHT Floris,rider/floris-van-tricht
2026-03-28T12:57:57.719914Z,Brabantse Pijl,ADDED,KNIGHT Oliver,rider/oliver-knight
2026-03-28T12:57:57.719914Z,Ronde van Limburg,ADDED,KNIGHT Oliver,rider/oliver-knight
2026-03-28T12:57:57.719914Z,Kuurne-Brussel-Kuurne,ADDED,BOL Cees,rider/cees-bol
2026-03-28T12:57:57.719914Z,E3 Saxo Classic,ADDED,BOL Cees,rider/cees-bol
2026-03-28T12:57:57.719914Z,Omloop Nieuwsblad,ADDED,BOL Cees,rider/cees-bol
2026-03-28T12:57:57.719914Z,Ronde van Brugge,ADDED,BOL Cees,rider/cees-bol
2026-03-28T12:57:57.719914Z,Ronde van Vlaanderen,ADDED,BOL Cees,rider/cees-bol
2026-03-28T12:57:57.719914Z,In Flanders Fields,ADDED,BOL Cees,rider/cees-bol
2026-03-28T12:57:57.719914Z,Dwars door Vlaanderen,ADDED,BOL Cees,rider/cees-bol
2026-03-28T12:57:57.719914Z,Dwars door Vlaanderen,ADDED,TRONCHON Bastien,rider/bastien-tronchon
2026-03-28T12:57:57.719914Z,Kuurne-Brussel-Kuurne,ADDED,TRONCHON Bastien,rider/bastien-tronchon
2026-03-28T12:57:57.719914Z,E3 Saxo Classic,ADDED,TRONCHON Bastien,rider/bastien-tronchon
2026-03-28T12:57:57.719914Z,Milaan-Sanremo,ADDED,TRONCHON Bastien,rider/bastien-tronchon
2026-03-28T12:57:57.719914Z,In Flanders Fields,ADDED,TRONCHON Bastien,rider/bastien-tronchon
2026-03-28T12:57:57.719914Z,Ronde van Vlaanderen,ADDED,TRONCHON Bastien,rider/bastien-tronchon
2026-03-28T12:57:57.719914Z,Omloop Nieuwsblad,ADDED,TRONCHON Bastien,rider/bastien-tronchon
2026-03-28T12:57:57.719914Z,Nokere Koerse,ADDED,TRONCHON Bastien,rider/bastien-tronchon
2026-03-28T12:57:57.719914Z,Parijs-Roubaix,ADDED,TRONCHON Bastien,rider/bastien-tronchon
2026-03-28T12:57:57.719914Z,Samyn Classic,ADDED,GEORGE Alfred,rider/alfred-george
2026-03-28T12:57:57.719914Z,Ronde van Limburg,ADDED,HEWES Alex,rider/alex-hewes
2026-03-28T12:57:57.719914Z,Nokere Koerse,ADDED,VAN TRICHT Stan,rider/stan-van-tricht
2026-03-28T12:57:57.719914Z,Samyn Classic,ADDED,VAN TRICHT Stan,rider/stan-van-tricht
2026-03-28T12:57:57.719914Z,Bredene Koksijde Classic,ADDED,VAN TRICHT Stan,rider/stan-van-tricht
2026-03-28T12:57:57.719914Z,Kuurne-Brussel-Kuurne,ADDED,VAN DEN BERG Marijn,rider/marijn-van-den-berg
2026-03-28T12:57:57.719914Z,Omloop Nieuwsblad,ADDED,VAN DEN BERG Marijn,rider/marijn-van-den-berg
2026-03-28T12:57:57.719914Z,Ronde van Brugge,ADDED,VAN DEN BERG Marijn,rider/marijn-van-den-berg
2026-03-28T12:57:57.719914Z,Ronde van Vlaanderen,ADDED,VAN DEN BERG Marijn,rider/marijn-van-den-berg
2026-03-28T12:57:57.719914Z,Amstel Gold Race,ADDED,VAN DEN BERG Marijn,rider/marijn-van-den-berg
2026-03-28T12:57:57.719914Z,Parijs-Roubaix,ADDED,VAN DEN BERG Marijn,rider/marijn-van-den-berg
2026-03-28T12:57:57.719914Z,Ronde van Vlaanderen,ADDED,THEUNS Edward,rider/edward-theuns
2026-03-28T12:57:57.719914Z,Scheldeprijs,ADDED,THEUNS Edward,rider/edward-theuns
2026-03-28T12:57:57.719914Z,Ronde van Brugge,ADDED,THEUNS Edward,rider/edward-theuns
2026-03-28T12:57:57.719914Z,Dwars door Vlaanderen,ADDED,THEUNS Edward,rider/edward-theuns
2026-03-28T12:57:57.719914Z,Kuurne-Brussel-Kuurne,ADDED,THEUNS Edward,rider/edward-theuns
2026-03-28T12:57:57.719914Z,E3 Saxo Classic,ADDED,THEUNS Edward,rider/edward-theuns
2026-03-28T12:57:57.719914Z,Bredene Koksijde Classic,ADDED,THEUNS Edward,rider/edward-theuns
2026-03-28T12:57:57.719914Z,In Flanders Fields,ADDED,THEUNS Edward,rider/edward-theuns
2026-03-28T12:57:57.719914Z,Omloop Nieuwsblad,ADDED,THEUNS Edward,rider/edward-theuns
2026-03-28T12:57:57.719914Z,Ronde van Brugge,ADDED,SWIFT Connor,rider/connor-swift
2026-03-28T12:57:57.719914Z,Amstel Gold Race,ADDED,SWIFT Connor,rider/connor-swift
2026-03-28T12:57:57.719914Z,Dwars door Vlaanderen,ADDED,SWIFT Connor,rider/connor-swift
2026-03-28T12:57:57.719914Z,Strade Bianche,ADDED,SWIFT Connor,rider/connor-swift
2026-03-28T12:57:57.719914Z,E3 Saxo Classic,ADDED,SWIFT Connor,rider/connor-swift
2026-03-28T12:57:57.719914Z,Milaan-Sanremo,ADDED,SWIFT Connor,rider/connor-swift
2026-03-28T12:57:57.719914Z,Ronde van Vlaanderen,ADDED,SWIFT Connor,rider/connor-swift
2026-03-28T12:57:57.719914Z,In Flanders Fields,ADDED,SWIFT Connor,rider/connor-swift
2026-03-28T12:57:57.719914Z,Milaan-Sanremo,ADDED,BAIS Mattia,rider/mattia-bais
2026-03-28T12:57:57.719914Z,Scheldeprijs,ADDED,VAN DIJKE Mick,rider/mick-van-dijke
2026-03-28T12:57:57.719914Z,Dwars door Vlaanderen,ADDED,VAN DIJKE Mick,rider/mick-van-dijke
2026-03-28T12:57:57.719914Z,Kuurne-Brussel-Kuurne,ADDED,VAN DIJKE Mick,rider/mick-van-dijke
2026-03-28T12:57:57.719914Z,E3 Saxo Classic,ADDED,VAN DIJKE Mick,rider/mick-van-dijke
2026-03-28T12:57:57.719914Z,In Flanders Fields,ADDED,VAN DIJKE Mick,rider/mick-van-dijke
2026-03-28T12:57:57.719914Z,Ronde van Vlaanderen,ADDED,VAN DIJKE Mick,rider/mick-van-dijke
2026-03-28T12:57:57.719914Z,Omloop Nieuwsblad,ADDED,VAN DIJKE Mick,rider/mick-van-dijke
2026-03-28T12:57:57.719914Z,Parijs-Roubaix,ADDED,VAN DIJKE Mick,rider/mick-van-dijke
2026-03-28T12:57:57.719914Z,Ronde van Brugge,ADDED,JACOBS Johan,rider/johan-jacobs
2026-03-28T12:57:57.719914Z,Dwars door Vlaanderen,ADDED,JACOBS Johan,rider/johan-jacobs
2026-03-28T12:57:57.719914Z,Kuurne-Brussel-Kuurne,ADDED,JACOBS Johan,rider/johan-jacobs
2026-03-28T12:57:57.719914Z,E3 Saxo Classic,ADDED,JACOBS Johan,rider/johan-jacobs
2026-03-28T12:57:57.719914Z,Milaan-Sanremo,ADDED,JACOBS Johan,rider/johan-jacobs
2026-03-28T12:57:57.719914Z,In Flanders Fields,ADDED,JACOBS Johan,rider/johan-jacobs
2026-03-28T12:57:57.719914Z,Ronde van Vlaanderen,ADDED,JACOBS Johan,rider/johan-jacobs
2026-03-28T12:57:57.719914Z,Omloop Nieuwsblad,ADDED,JACOBS Johan,rider/johan-jacobs
2026-03-28T12:57:57.719914Z,Samyn Classic,ADDED,BLUM Elia,rider/elia-blum
2026-03-28T12:57:57.719914Z,Amstel Gold Race,ADDED,HIGUITA Sergio,rider/sergio-higuita
2026-03-28T12:57:57.719914Z,Scheldeprijs,ADDED,MAAS Marijn,rider/marijn-maas
2026-03-28T12:57:57.719914Z,Brabantse Pijl,ADDED,MAAS Marijn,rider/marijn-maas
2026-03-28T12:57:57.719914Z,Samyn Classic,ADDED,MAAS Marijn,rider/marijn-maas
2026-03-28T12:57:57.719914Z,Ronde van Limburg,ADDED,MAAS Marijn,rider/marijn-maas
2026-03-28T12:57:57.719914Z,Milaan-Sanremo,ADDED,GROßSCHARTNER Felix,rider/felix-grossschartner
2026-03-28T12:57:57.719914Z,Strade Bianche,ADDED,GROßSCHARTNER Felix,rider/felix-grossschartner
2026-03-28T12:57:57.719914Z,Amstel Gold Race,ADDED,BARRÉ Louis,rider/louis-barre
2026-03-28T12:57:57.719914Z,Luik-Bastenaken-Luik,ADDED,BARRÉ Louis,rider/louis-barre
2026-03-28T12:57:57.719914Z,Waalse Pijl,ADDED,BARRÉ Louis,rider/louis-barre
2026-03-28T12:57:57.719914Z,Samyn Classic,ADDED,MCKAY James,rider/james-mckay
2026-03-28T12:57:57.719914Z,Nokere Koerse,ADDED,HARTEEL Jelle,rider/jelle-harteel
2026-03-28T12:57:57.719914Z,Brabantse Pijl,ADDED,HARTEEL Jelle,rider/jelle-harteel
2026-03-28T12:57:57.719914Z,Samyn Classic,ADDED,HARTEEL Jelle,rider/jelle-harteel
2026-03-28T12:57:57.719914Z,E3 Saxo Classic,ADDED,DEL GROSSO Tibor,rider/tibor-del-grosso
2026-03-28T12:57:57.719914Z,Brabantse Pijl,ADDED,DEL GROSSO Tibor,rider/tibor-del-grosso
2026-03-28T12:57:57.719914Z,Ronde van Limburg,ADDED,DEL GROSSO Tibor,rider/tibor-del-grosso
2026-03-28T12:57:57.719914Z,Dwars door Vlaanderen,ADDED,DEL GROSSO Tibor,rider/tibor-del-grosso
2026-03-28T12:57:57.719914Z,Strade Bianche,ADDED,DEL GROSSO Tibor,rider/tibor-del-grosso
2026-03-28T12:57:57.719914Z,Amstel Gold Race,ADDED,SKJELMOSE Mattias,rider/mattias-skjelmose-jensen
2026-03-28T12:57:57.719914Z,Luik-Bastenaken-Luik,ADDED,SKJELMOSE Mattias,rider/mattias-skjelmose-jensen
2026-03-28T12:57:57.719914Z,Waalse Pijl,ADDED,SKJELMOSE Mattias,rider/mattias-skjelmose-jensen
2026-03-28T12:57:57.719914Z,Scheldeprijs,ADDED,DE POOTER Dries,rider/dries-de-pooter
2026-03-28T12:57:57.719914Z,Ronde van Brugge,ADDED,DE POOTER Dries,rider/dries-de-pooter
2026-03-28T12:57:57.719914Z,Dwars door Vlaanderen,ADDED,DE POOTER Dries,rider/dries-de-pooter
2026-03-28T12:57:57.719914Z,E3 Saxo Classic,ADDED,DE POOTER Dries,rider/dries-de-pooter
2026-03-28T12:57:57.719914Z,Bredene Koksijde Classic,ADDED,DE POOTER Dries,rider/dries-de-pooter
2026-03-28T12:57:57.719914Z,Ronde van Vlaanderen,ADDED,DE POOTER Dries,rider/dries-de-pooter
2026-03-28T12:57:57.719914Z,Omloop Nieuwsblad,ADDED,DE POOTER Dries,rider/dries-de-pooter
2026-03-28T12:57:57.719914Z,Nokere Koerse,ADDED,DE POOTER Dries,rider/dries-de-pooter
2026-03-28T12:57:57.719914Z,Brabantse Pijl,ADDED,DE POOTER Dries,rider/dries-de-pooter
2026-03-28T12:57:57.719914Z,Brabantse Pijl,ADDED,DEBEAUMARCHÉ Nicolas,rider/nicolas-debeaumarche
2026-03-28T12:57:57.719914Z,Bredene Koksijde Classic,ADDED,DEBEAUMARCHÉ Nicolas,rider/nicolas-debeaumarche
2026-03-28T12:57:57.719914Z,Ronde van Limburg,ADDED,DEBEAUMARCHÉ Nicolas,rider/nicolas-debeaumarche
2026-03-28T12:57:57.719914Z,Samyn Classic,ADDED,DARBELLAY Valentin,rider/valentin-darbellay
2026-03-28T12:57:57.719914Z,Scheldeprijs,ADDED,KLUCKERS Arthur,rider/arthur-kluckers
2026-03-28T12:57:57.719914Z,E3 Saxo Classic,ADDED,KLUCKERS Arthur,rider/arthur-kluckers
2026-03-28T12:57:57.719914Z,Milaan-Sanremo,ADDED,KLUCKERS Arthur,rider/arthur-kluckers
2026-03-28T12:57:57.719914Z,Ronde van Vlaanderen,ADDED,KLUCKERS Arthur,rider/arthur-kluckers
2026-03-28T12:57:57.719914Z,In Flanders Fields,ADDED,KLUCKERS Arthur,rider/arthur-kluckers
2026-03-28T12:57:57.719914Z,Samyn Classic,ADDED,SCHULTEN Chiel,rider/chiel-schulten
2026-03-28T12:57:57.719914Z,Ronde van Limburg,ADDED,HOUCOU Emmanuel,rider/emmanuel-houcou
2026-03-28T12:57:57.719914Z,E3 Saxo Classic,ADDED,GRISEL Matys,rider/matys-grisel
2026-03-28T12:57:57.719914Z,Brabantse Pijl,ADDED,GRISEL Matys,rider/matys-grisel
2026-03-28T12:57:57.719914Z,Samyn Classic,ADDED,GRISEL Matys,rider/matys-grisel
2026-03-28T12:57:57.719914Z,Amstel Gold Race,ADDED,WEISS Fabian,rider/fabian-weiss
2026-03-28T12:57:57.719914Z,Strade Bianche,ADDED,WEISS Fabian,rider/fabian-weiss
2026-03-28T12:57:57.719914Z,Samyn Classic,ADDED,DESMARETS Julien,rider/julien-desmarets
2026-03-28T12:57:57.719914Z,Amstel Gold Race,ADDED,LUTSENKO Alexey,rider/aleksey-lutsenko
2026-03-28T12:57:57.719914Z,Brabantse Pijl,ADDED,VANDEN WIJNGAERT Matteo,rider/matteo-vanden-wijngaert
2026-03-28T12:57:57.719914Z,Ronde van Limburg,ADDED,VANDENBRANDEN Noah,rider/noah-vandenbranden
2026-03-28T12:57:57.719914Z,Scheldeprijs,ADDED,VANDENBRANDEN Noah,rider/noah-vandenbranden
2026-03-28T12:57:57.719914Z,Ronde van Brugge,ADDED,VANDENBRANDEN Noah,rider/noah-vandenbranden
2026-03-28T12:57:57.719914Z,Bredene Koksijde Classic,ADDED,VANDENBRANDEN Noah,rider/noah-vandenbranden
2026-03-28T12:57:57.719914Z,Dwars door Vlaanderen,ADDED,VANDENBRANDEN Noah,rider/noah-vandenbranden
2026-03-28T12:57:57.719914Z,Samyn Classic,ADDED,VANDENBRANDEN Noah,rider/noah-vandenbranden
2026-03-28T12:57:57.719914Z,Strade Bianche,ADDED,VERMAERKE Kevin,rider/kevin-vermaerke
2026-03-28T12:57:57.719914Z,Kuurne-Brussel-Kuurne,ADDED,KELEMEN Petr,rider/petr-kelemen
2026-03-28T12:57:57.719914Z,Scheldeprijs,ADDED,KELEMEN Petr,rider/petr-kelemen
2026-03-28T12:57:57.719914Z,Omloop Nieuwsblad,ADDED,KELEMEN Petr,rider/petr-kelemen
2026-03-28T12:57:57.719914Z,Ronde van Brugge,ADDED,KELEMEN Petr,rider/petr-kelemen
2026-03-28T12:57:57.719914Z,In Flanders Fields,ADDED,KELEMEN Petr,rider/petr-kelemen
2026-03-28T12:57:57.719914Z,Dwars door Vlaanderen,ADDED,KELEMEN Petr,rider/petr-kelemen
2026-03-28T12:57:57.719914Z,Kuurne-Brussel-Kuurne,ADDED,HESTERS Jules,rider/jules-hesters
2026-03-28T12:57:57.719914Z,Scheldeprijs,ADDED,HESTERS Jules,rider/jules-hesters
2026-03-28T12:57:57.719914Z,Ronde van Brugge,ADDED,HESTERS Jules,rider/jules-hesters
2026-03-28T12:57:57.719914Z,Ronde van Limburg,ADDED,HESTERS Jules,rider/jules-hesters
2026-03-28T12:57:57.719914Z,In Flanders Fields,ADDED,HESTERS Jules,rider/jules-hesters
2026-03-28T12:57:57.719914Z,Dwars door Vlaanderen,ADDED,HESTERS Jules,rider/jules-hesters
2026-03-28T12:57:57.719914Z,Amstel Gold Race,ADDED,SIVAKOV Pavel,rider/pavel-sivakov
2026-03-28T12:57:57.719914Z,Luik-Bastenaken-Luik,ADDED,SIVAKOV Pavel,rider/pavel-sivakov
2026-03-28T12:57:57.719914Z,Waalse Pijl,ADDED,SIVAKOV Pavel,rider/pavel-sivakov
2026-03-28T12:57:57.719914Z,Strade Bianche,ADDED,ZWIEHOFF Ben,rider/ben-zwiehoff
2026-03-28T12:57:57.719914Z,Omloop Nieuwsblad,ADDED,BONNET Thomas,rider/thomas-bonnet
2026-03-28T12:57:57.719914Z,Brabantse Pijl,ADDED,BONNET Thomas,rider/thomas-bonnet
2026-03-28T12:57:57.719914Z,Amstel Gold Race,ADDED,BONNET Thomas,rider/thomas-bonnet
2026-03-28T12:57:57.719914Z,Ronde van Vlaanderen,ADDED,BONNET Thomas,rider/thomas-bonnet
2026-03-28T12:57:57.719914Z,Ronde van Brugge,ADDED,LAENGEN Vegard Stake,rider/vegard-stake-laengen
2026-03-28T12:57:57.719914Z,In Flanders Fields,ADDED,LAENGEN Vegard Stake,rider/vegard-stake-laengen
2026-03-28T12:57:57.719914Z,Nokere Koerse,ADDED,LAENGEN Vegard Stake,rider/vegard-stake-laengen
2026-03-28T12:57:57.719914Z,Bredene Koksijde Classic,ADDED,LAENGEN Vegard Stake,rider/vegard-stake-laengen
2026-03-28T12:57:57.719914Z,Strade Bianche,ADDED,GUALDI Simone,rider/simone-gualdi
2026-03-28T12:57:57.719914Z,E3 Saxo Classic,ADDED,RUTSCH Jonas,rider/jonas-rutsch
2026-03-28T12:57:57.719914Z,In Flanders Fields,ADDED,RUTSCH Jonas,rider/jonas-rutsch
2026-03-28T12:57:57.719914Z,Milaan-Sanremo,ADDED,RUTSCH Jonas,rider/jonas-rutsch
2026-03-28T12:57:57.719914Z,Ronde van Vlaanderen,ADDED,RUTSCH Jonas,rider/jonas-rutsch
2026-03-28T12:57:57.719914Z,Milaan-Sanremo,ADDED,VINOKUROV Nicolas,rider/nicolas-vinokurov
2026-03-28T12:57:57.719914Z,Milaan-Sanremo,ADDED,JORGENSON Matteo,rider/matteo-jorgenson
2026-03-28T12:57:57.719914Z,Amstel Gold Race,ADDED,JORGENSON Matteo,rider/matteo-jorgenson
2026-03-28T12:57:57.719914Z,Luik-Bastenaken-Luik,ADDED,JORGENSON Matteo,rider/matteo-jorgenson
2026-03-28T12:57:57.719914Z,Waalse Pijl,ADDED,JORGENSON Matteo,rider/matteo-jorgenson
2026-03-28T12:57:57.719914Z,Strade Bianche,ADDED,JORGENSON Matteo,rider/matteo-jorgenson
2026-03-28T12:57:57.719914Z,Brabantse Pijl,ADDED,VERCHER Mattéo,rider/matheo-vercher
2026-03-28T12:57:57.719914Z,Kuurne-Brussel-Kuurne,ADDED,BARRENETXEA Jon,rider/jon-barrenetxea-golzarri
2026-03-28T12:57:57.719914Z,E3 Saxo Classic,ADDED,BARRENETXEA Jon,rider/jon-barrenetxea-golzarri
2026-03-28T12:57:57.719914Z,Omloop Nieuwsblad,ADDED,BARRENETXEA Jon,rider/jon-barrenetxea-golzarri
2026-03-28T12:57:57.719914Z,Milaan-Sanremo,ADDED,BARRENETXEA Jon,rider/jon-barrenetxea-golzarri
2026-03-28T12:57:57.719914Z,Ronde van Vlaanderen,ADDED,BARRENETXEA Jon,rider/jon-barrenetxea-golzarri
2026-03-28T12:57:57.719914Z,In Flanders Fields,ADDED,BARRENETXEA Jon,rider/jon-barrenetxea-golzarri
2026-03-28T12:57:57.719914Z,Dwars door Vlaanderen,ADDED,BARRENETXEA Jon,rider/jon-barrenetxea-golzarri
2026-03-28T12:57:57.719914Z,Waalse Pijl,ADDED,GODON Dorian,rider/dorian-godon
2026-03-28T12:57:57.719914Z,Scheldeprijs,ADDED,VAN POPPEL Danny,rider/danny-van-poppel
2026-03-28T12:57:57.719914Z,Amstel Gold Race,ADDED,VAN POPPEL Danny,rider/danny-van-poppel
2026-03-28T12:57:57.719914Z,Milaan-Sanremo,ADDED,VAN POPPEL Danny,rider/danny-van-poppel
2026-03-28T12:57:57.719914Z,Samyn Classic,ADDED,VAN POPPEL Danny,rider/danny-van-poppel
2026-03-28T12:57:57.719914Z,Amstel Gold Race,ADDED,GRÉGOIRE Romain,rider/romain-gregoire1
2026-03-28T12:57:57.719914Z,Waalse Pijl,ADDED,GRÉGOIRE Romain,rider/romain-gregoire1
2026-03-28T12:57:57.719914Z,Dwars door Vlaanderen,ADDED,GRÉGOIRE Romain,rider/romain-gregoire1
2026-03-28T12:57:57.719914Z,Strade Bianche,ADDED,GRÉGOIRE Romain,rider/romain-gregoire1
2026-03-28T12:57:57.719914Z,E3 Saxo Classic,ADDED,GRÉGOIRE Romain,rider/romain-gregoire1
2026-03-28T12:57:57.719914Z,Milaan-Sanremo,ADDED,GRÉGOIRE Romain,rider/romain-gregoire1
2026-03-28T12:57:57.719914Z,Ronde van Vlaanderen,ADDED,GRÉGOIRE Romain,rider/romain-gregoire1
2026-03-28T12:57:57.719914Z,Luik-Bastenaken-Luik,ADDED,GRÉGOIRE Romain,rider/romain-gregoire1
2026-03-28T12:57:57.719914Z,Brabantse Pijl,ADDED,GRÉGOIRE Romain,rider/romain-gregoire1
2026-03-28T12:57:57.719914Z,E3 Saxo Classic,ADDED,THONNON Senne,rider/senne-thonnon
2026-03-28T12:57:57.719914Z,Amstel Gold Race,ADDED,THONNON Senne,rider/senne-thonnon
2026-03-28T12:57:57.719914Z,Brabantse Pijl,ADDED,THONNON Senne,rider/senne-thonnon
2026-03-28T12:57:57.719914Z,Samyn Classic,ADDED,THONNON Senne,rider/senne-thonnon
2026-03-28T12:57:57.719914Z,Nokere Koerse,ADDED,DARDER Sergi,rider/sergi-darder
2026-03-28T12:57:57.719914Z,Bredene Koksijde Classic,ADDED,DARDER Sergi,rider/sergi-darder
2026-03-28T12:57:57.719914Z,E3 Saxo Classic,ADDED,AUGÉ Ronan,rider/ronan-auge
2026-03-28T12:57:57.719914Z,In Flanders Fields,ADDED,AUGÉ Ronan,rider/ronan-auge
2026-03-28T12:57:57.719914Z,Nokere Koerse,ADDED,AUGÉ Ronan,rider/ronan-auge
2026-03-28T12:57:57.719914Z,Brabantse Pijl,ADDED,AUGÉ Ronan,rider/ronan-auge
2026-03-28T12:57:57.719914Z,Strade Bianche,ADDED,PIRAS Andrea,rider/andrea-piras
2026-03-28T12:57:57.719914Z,Scheldeprijs,ADDED,HOFSTETTER Hugo,rider/hugo-hofstetter
2026-03-28T12:57:57.719914Z,Ronde van Brugge,ADDED,HOFSTETTER Hugo,rider/hugo-hofstetter
2026-03-28T12:57:57.719914Z,Kuurne-Brussel-Kuurne,ADDED,HOFSTETTER Hugo,rider/hugo-hofstetter
2026-03-28T12:57:57.719914Z,E3 Saxo Classic,ADDED,HOFSTETTER Hugo,rider/hugo-hofstetter
2026-03-28T12:57:57.719914Z,Bredene Koksijde Classic,ADDED,HOFSTETTER Hugo,rider/hugo-hofstetter
2026-03-28T12:57:57.719914Z,Ronde van Vlaanderen,ADDED,HOFSTETTER Hugo,rider/hugo-hofstetter
2026-03-28T12:57:57.719914Z,In Flanders Fields,ADDED,HOFSTETTER Hugo,rider/hugo-hofstetter
2026-03-28T12:57:57.719914Z,Nokere Koerse,ADDED,HOFSTETTER Hugo,rider/hugo-hofstetter
2026-03-28T12:57:57.719914Z,Parijs-Roubaix,ADDED,HOFSTETTER Hugo,rider/hugo-hofstetter
2026-03-28T12:57:57.719914Z,Samyn Classic,ADDED,HOFSTETTER Hugo,rider/hugo-hofstetter
2026-03-28T12:57:57.719914Z,In Flanders Fields,ADDED,REX Tim,rider/tim-rex
2026-03-28T12:57:57.719914Z,Strade Bianche,ADDED,REX Tim,rider/tim-rex
2026-03-28T12:57:57.719914Z,Amstel Gold Race,ADDED,MIQUEL Pau,rider/pau-miquel-delgado
2026-03-28T12:57:57.719914Z,Dwars door Vlaanderen,ADDED,MIQUEL Pau,rider/pau-miquel-delgado
2026-03-28T12:57:57.719914Z,Strade Bianche,ADDED,MIQUEL Pau,rider/pau-miquel-delgado
2026-03-28T12:57:57.719914Z,Kuurne-Brussel-Kuurne,ADDED,MIQUEL Pau,rider/pau-miquel-delgado
2026-03-28T12:57:57.719914Z,Milaan-Sanremo,ADDED,MIQUEL Pau,rider/pau-miquel-delgado
2026-03-28T12:57:57.719914Z,In Flanders Fields,ADDED,MIQUEL Pau,rider/pau-miquel-delgado
2026-03-28T12:57:57.719914Z,Ronde van Vlaanderen,ADDED,MIQUEL Pau,rider/pau-miquel-delgado
2026-03-28T12:57:57.719914Z,Omloop Nieuwsblad,ADDED,MIQUEL Pau,rider/pau-miquel-delgado
2026-03-28T12:57:57.719914Z,Nokere Koerse,ADDED,MIQUEL Pau,rider/pau-miquel-delgado
2026-03-28T12:57:57.719914Z,Brabantse Pijl,ADDED,MIQUEL Pau,rider/pau-miquel-delgado
2026-03-28T12:57:57.719914Z,Milaan-Sanremo,ADDED,VENTURINI Clément,rider/clement-venturini
2026-03-28T12:57:57.719914Z,Waalse Pijl,ADDED,VENTURINI Clément,rider/clement-venturini
2026-03-28T12:57:57.719914Z,Brabantse Pijl,ADDED,VENTURINI Clément,rider/clement-venturini
2026-03-28T12:57:57.719914Z,Amstel Gold Race,ADDED,VENTURINI Clément,rider/clement-venturini
2026-03-28T12:57:57.719914Z,Strade Bianche,ADDED,VENTURINI Clément,rider/clement-venturini
2026-03-28T12:57:57.719914Z,Samyn Classic,ADDED,KING Matthew,rider/matthew-king1
2026-03-28T12:57:57.719914Z,Kuurne-Brussel-Kuurne,ADDED,RESELL Erik Nordsæter,rider/erik-nordsaeter-resell
2026-03-28T12:57:57.719914Z,Omloop Nieuwsblad,ADDED,RESELL Erik Nordsæter,rider/erik-nordsaeter-resell
2026-03-28T12:57:57.719914Z,Milaan-Sanremo,ADDED,RESELL Erik Nordsæter,rider/erik-nordsaeter-resell
2026-03-28T12:57:57.719914Z,Ronde van Brugge,ADDED,RESELL Erik Nordsæter,rider/erik-nordsaeter-resell
2026-03-28T12:57:57.719914Z,Ronde van Vlaanderen,ADDED,RESELL Erik Nordsæter,rider/erik-nordsaeter-resell
2026-03-28T12:57:57.719914Z,In Flanders Fields,ADDED,RESELL Erik Nordsæter,rider/erik-nordsaeter-resell
2026-03-28T12:57:57.719914Z,Dwars door Vlaanderen,ADDED,RESELL Erik Nordsæter,rider/erik-nordsaeter-resell
2026-03-28T12:57:57.719914Z,In Flanders Fields,ADDED,SAINBAYAR Jambaljamts,rider/jambaljamts-sainbayar
2026-03-28T12:57:57.719914Z,Amstel Gold Race,ADDED,COSNEFROY Benoît,rider/benoit-cosnefroy
2026-03-28T12:57:57.719914Z,Luik-Bastenaken-Luik,ADDED,COSNEFROY Benoît,rider/benoit-cosnefroy
2026-03-28T12:57:57.719914Z,Brabantse Pijl,ADDED,COSNEFROY Benoît,rider/benoit-cosnefroy
2026-03-28T12:57:57.719914Z,Waalse Pijl,ADDED,COSNEFROY Benoît,rider/benoit-cosnefroy
2026-03-28T12:57:57.719914Z,Nokere Koerse,ADDED,LEITÃO Iúri,rider/iuri-leitao
2026-03-28T12:57:57.719914Z,Bredene Koksijde Classic,ADDED,LEITÃO Iúri,rider/iuri-leitao
2026-03-28T12:57:57.719914Z,Samyn Classic,ADDED,BAGUELIN Jocelyn,rider/jocelyn-baguelin
2026-03-28T12:57:57.719914Z,Kuurne-Brussel-Kuurne,ADDED,MATTIO Pietro,rider/pietro-mattio
2026-03-28T12:57:57.719914Z,Omloop Nieuwsblad,ADDED,MATTIO Pietro,rider/pietro-mattio
2026-03-28T12:57:57.719914Z,Dwars door Vlaanderen,ADDED,MATTIO Pietro,rider/pietro-mattio
2026-03-28T12:57:57.719914Z,Samyn Classic,ADDED,MATTIO Pietro,rider/pietro-mattio
2026-03-28T12:57:57.719914Z,Strade Bianche,ADDED,MATTIO Pietro,rider/pietro-mattio
2026-03-28T12:57:57.719914Z,Brabantse Pijl,ADDED,BURGAUDEAU Mathieu,rider/mathieu-burgaudeau
2026-03-28T12:57:57.719914Z,Amstel Gold Race,ADDED,ARNDT Nikias,rider/nikias-arndt
2026-03-28T12:57:57.719914Z,Brabantse Pijl,ADDED,ARNDT Nikias,rider/nikias-arndt
2026-03-28T12:57:57.719914Z,Kuurne-Brussel-Kuurne,ADDED,BALLERINI Davide,rider/davide-ballerini
2026-03-28T12:57:57.719914Z,Omloop Nieuwsblad,ADDED,BALLERINI Davide,rider/davide-ballerini
2026-03-28T12:57:57.719914Z,Milaan-Sanremo,ADDED,BALLERINI Davide,rider/davide-ballerini
2026-03-28T12:57:57.719914Z,Ronde van Brugge,ADDED,BALLERINI Davide,rider/davide-ballerini
2026-03-28T12:57:57.719914Z,Ronde van Vlaanderen,ADDED,BALLERINI Davide,rider/davide-ballerini
2026-03-28T12:57:57.719914Z,In Flanders Fields,ADDED,BALLERINI Davide,rider/davide-ballerini
2026-03-28T12:57:57.719914Z,Parijs-Roubaix,ADDED,BALLERINI Davide,rider/davide-ballerini
2026-03-28T12:57:57.719914Z,Kuurne-Brussel-Kuurne,ADDED,ROOSEN Timo,rider/timo-roosen
2026-03-28T12:57:57.719914Z,Bredene Koksijde Classic,ADDED,ROOSEN Timo,rider/timo-roosen
2026-03-28T12:57:57.719914Z,Omloop Nieuwsblad,ADDED,ROOSEN Timo,rider/timo-roosen
2026-03-28T12:57:57.719914Z,Nokere Koerse,ADDED,ROOSEN Timo,rider/timo-roosen
2026-03-28T12:57:57.719914Z,Samyn Classic,ADDED,ROOSEN Timo,rider/timo-roosen
2026-03-28T12:57:57.719914Z,E3 Saxo Classic,ADDED,SÜTTERLIN Jasha,rider/jasha-sutterlin
2026-03-28T12:57:57.719914Z,Milaan-Sanremo,ADDED,SÜTTERLIN Jasha,rider/jasha-sutterlin
2026-03-28T12:57:57.719914Z,In Flanders Fields,ADDED,SÜTTERLIN Jasha,rider/jasha-sutterlin
2026-03-28T12:57:57.719914Z,Ronde van Vlaanderen,ADDED,SÜTTERLIN Jasha,rider/jasha-sutterlin
2026-03-28T12:57:57.719914Z,Amstel Gold Race,ADDED,SÜTTERLIN Jasha,rider/jasha-sutterlin
2026-03-28T12:57:57.719914Z,Samyn Classic,ADDED,DELACROIX Théo,rider/theo-delacroix
2026-03-28T12:57:57.719914Z,E3 Saxo Classic,ADDED,STOCKWELL Oliver,rider/oliver-stockwell
2026-03-28T12:57:57.719914Z,In Flanders Fields,ADDED,STOCKWELL Oliver,rider/oliver-stockwell
2026-03-28T12:57:57.719914Z,Ronde van Brugge,ADDED,STOCKWELL Oliver,rider/oliver-stockwell
2026-03-28T12:57:57.719914Z,Scheldeprijs,ADDED,VAN DEN BOSSCHE Fabio,rider/fabio-van-den-bossche
2026-03-28T12:57:57.719914Z,Milaan-Sanremo,ADDED,VAN DEN BOSSCHE Fabio,rider/fabio-van-den-bossche
2026-03-28T12:57:57.719914Z,Ronde van Brugge,ADDED,VAN DEN BOSSCHE Fabio,rider/fabio-van-den-bossche
2026-03-28T12:57:57.719914Z,Ronde van Limburg,ADDED,VAN DEN BOSSCHE Fabio,rider/fabio-van-den-bossche
2026-03-28T12:57:57.719914Z,In Flanders Fields,ADDED,VAN DEN BOSSCHE Fabio,rider/fabio-van-den-bossche
2026-03-28T12:57:57.719914Z,E3 Saxo Classic,ADDED,VAN ASBROECK Tom,rider/tom-van-asbroeck
2026-03-28T12:57:57.719914Z,Omloop Nieuwsblad,ADDED,VAN ASBROECK Tom,rider/tom-van-asbroeck
2026-03-28T12:57:57.719914Z,Bredene Koksijde Classic,ADDED,VAN ASBROECK Tom,rider/tom-van-asbroeck
2026-03-28T12:57:57.719914Z,Ronde van Vlaanderen,ADDED,VAN ASBROECK Tom,rider/tom-van-asbroeck
2026-03-28T12:57:57.719914Z,In Flanders Fields,ADDED,VAN ASBROECK Tom,rider/tom-van-asbroeck
2026-03-28T12:57:57.719914Z,Dwars door Vlaanderen,ADDED,VAN ASBROECK Tom,rider/tom-van-asbroeck
2026-03-28T12:57:57.719914Z,Samyn Classic,ADDED,VAN ASBROECK Tom,rider/tom-van-asbroeck
2026-03-28T12:57:57.719914Z,Scheldeprijs,ADDED,FINKŠT Tilen,rider/tilen-finkst
2026-03-28T12:57:57.719914Z,Kuurne-Brussel-Kuurne,ADDED,DILLIER Silvan,rider/silvan-dillier
2026-03-28T12:57:57.719914Z,E3 Saxo Classic,ADDED,DILLIER Silvan,rider/silvan-dillier
2026-03-28T12:57:57.719914Z,Milaan-Sanremo,ADDED,DILLIER Silvan,rider/silvan-dillier
2026-03-28T12:57:57.719914Z,Ronde van Vlaanderen,ADDED,DILLIER Silvan,rider/silvan-dillier
2026-03-28T12:57:57.719914Z,In Flanders Fields,ADDED,DILLIER Silvan,rider/silvan-dillier
2026-03-28T12:57:57.719914Z,Samyn Classic,ADDED,DILLIER Silvan,rider/silvan-dillier
2026-03-28T12:57:57.719914Z,E3 Saxo Classic,ADDED,ŤOUPALÍK Adam,rider/adam-toupalik
2026-03-28T12:57:57.719914Z,Amstel Gold Race,ADDED,ŤOUPALÍK Adam,rider/adam-toupalik
2026-03-28T12:57:57.719914Z,Nokere Koerse,ADDED,ŤOUPALÍK Adam,rider/adam-toupalik
2026-03-28T12:57:57.719914Z,Brabantse Pijl,ADDED,ŤOUPALÍK Adam,rider/adam-toupalik
2026-03-28T12:57:57.719914Z,Kuurne-Brussel-Kuurne,ADDED,CAUDELL Ezra,rider/ezra-caudell
2026-03-28T12:57:57.719914Z,Scheldeprijs,ADDED,CAUDELL Ezra,rider/ezra-caudell
2026-03-28T12:57:57.719914Z,Bredene Koksijde Classic,ADDED,CAUDELL Ezra,rider/ezra-caudell
2026-03-28T12:57:57.719914Z,Ronde van Limburg,ADDED,CAUDELL Ezra,rider/ezra-caudell
2026-03-28T12:57:57.719914Z,Samyn Classic,ADDED,CAUDELL Ezra,rider/ezra-caudell
2026-03-28T12:57:57.719914Z,Samyn Classic,ADDED,BÖGLI Noah,rider/noah-bogli
2026-03-28T12:57:57.719914Z,Strade Bianche,ADDED,RIVERA Brandon Smith,rider/brandon-smith-rivera-vargas
2026-03-28T12:57:57.719914Z,Dwars door Vlaanderen,ADDED,WELSFORD Sam,rider/sam-welsford
2026-03-28T12:57:57.719914Z,Ronde van Brugge,ADDED,WELSFORD Sam,rider/sam-welsford
2026-03-28T12:57:57.719914Z,Ronde van Vlaanderen,ADDED,WELSFORD Sam,rider/sam-welsford
2026-03-28T12:57:57.719914Z,Milaan-Sanremo,ADDED,SCHMID Mauro,rider/mauro-schmid
2026-03-28T12:57:57.719914Z,Ronde van Vlaanderen,ADDED,SCHMID Mauro,rider/mauro-schmid
2026-03-28T12:57:57.719914Z,Waalse Pijl,ADDED,SCHMID Mauro,rider/mauro-schmid
2026-03-28T12:57:57.719914Z,Luik-Bastenaken-Luik,ADDED,SCHMID Mauro,rider/mauro-schmid
2026-03-28T12:57:57.719914Z,Brabantse Pijl,ADDED,SCHMID Mauro,rider/mauro-schmid
2026-03-28T12:57:57.719914Z,Amstel Gold Race,ADDED,SCHMID Mauro,rider/mauro-schmid
2026-03-28T12:57:57.719914Z,Bredene Koksijde Classic,ADDED,GADEMAN Sam,rider/sam-gademan
2026-03-28T12:57:57.719914Z,Ronde van Limburg,ADDED,GADEMAN Sam,rider/sam-gademan
2026-03-28T12:57:57.719914Z,Waalse Pijl,ADDED,WIDAR Jarno,rider/jarno-widar
2026-03-28T12:57:57.719914Z,Luik-Bastenaken-Luik,ADDED,WIDAR Jarno,rider/jarno-widar
2026-03-28T12:57:57.719914Z,Waalse Pijl,ADDED,ULISSI Diego,rider/diego-ulissi
2026-03-28T12:57:57.719914Z,Luik-Bastenaken-Luik,ADDED,ULISSI Diego,rider/diego-ulissi
2026-03-28T12:57:57.719914Z,Nokere Koerse,ADDED,PIDCOCK Joseph,rider/joseph-pidcock
2026-03-28T12:57:57.719914Z,Parijs-Roubaix,ADDED,PIDCOCK Joseph,rider/joseph-pidcock
2026-03-28T12:57:57.719914Z,Bredene Koksijde Classic,ADDED,PIDCOCK Joseph,rider/joseph-pidcock
2026-03-28T12:57:57.719914Z,Ronde van Limburg,ADDED,PIDCOCK Joseph,rider/joseph-pidcock
2026-03-28T12:57:57.719914Z,E3 Saxo Classic,ADDED,KOERDT Bjorn,rider/bjoern-koerdt
2026-03-28T12:57:57.719914Z,Milaan-Sanremo,ADDED,KOERDT Bjorn,rider/bjoern-koerdt
2026-03-28T12:57:57.719914Z,Amstel Gold Race,ADDED,KOERDT Bjorn,rider/bjoern-koerdt
2026-03-28T12:57:57.719914Z,Dwars door Vlaanderen,ADDED,KOERDT Bjorn,rider/bjoern-koerdt
2026-03-28T12:57:57.719914Z,Strade Bianche,ADDED,KOERDT Bjorn,rider/bjoern-koerdt
2026-03-28T12:57:57.719914Z,Samyn Classic,ADDED,NIELSEN Magnus Lorents,rider/magnus-lorents-nielsen
2026-03-28T12:57:57.719914Z,Amstel Gold Race,ADDED,MAISONOBE Sam,rider/sam-maisonobe
2026-03-28T12:57:57.719914Z,Brabantse Pijl,ADDED,MAISONOBE Sam,rider/sam-maisonobe
2026-03-28T12:57:57.719914Z,Scheldeprijs,ADDED,ERŽEN Žak,rider/zak-erzen
2026-03-28T12:57:57.719914Z,E3 Saxo Classic,ADDED,ERŽEN Žak,rider/zak-erzen
2026-03-28T12:57:57.719914Z,Ronde van Brugge,ADDED,ERŽEN Žak,rider/zak-erzen
2026-03-28T12:57:57.719914Z,Nokere Koerse,ADDED,ERŽEN Žak,rider/zak-erzen
2026-03-28T12:57:57.719914Z,Dwars door Vlaanderen,ADDED,ERŽEN Žak,rider/zak-erzen
2026-03-28T12:57:57.719914Z,Samyn Classic,ADDED,ERŽEN Žak,rider/zak-erzen
2026-03-28T12:57:57.719914Z,Kuurne-Brussel-Kuurne,ADDED,VAN GESTEL Dries,rider/dries-van-gestel
2026-03-28T12:57:57.719914Z,E3 Saxo Classic,ADDED,VAN GESTEL Dries,rider/dries-van-gestel
2026-03-28T12:57:57.719914Z,Ronde van Brugge,ADDED,VAN GESTEL Dries,rider/dries-van-gestel
2026-03-28T12:57:57.719914Z,Ronde van Vlaanderen,ADDED,VAN GESTEL Dries,rider/dries-van-gestel
2026-03-28T12:57:57.719914Z,Omloop Nieuwsblad,ADDED,VAN GESTEL Dries,rider/dries-van-gestel
2026-03-28T12:57:57.719914Z,Dwars door Vlaanderen,ADDED,VAN GESTEL Dries,rider/dries-van-gestel
2026-03-28T12:57:57.719914Z,Brabantse Pijl,ADDED,DOCKX Aaron,rider/aaron-dockx
2026-03-28T12:57:57.719914Z,Strade Bianche,ADDED,DOCKX Aaron,rider/aaron-dockx
2026-03-28T12:57:57.719914Z,Kuurne-Brussel-Kuurne,ADDED,MACÍAS César,rider/cesar-macias-estrada
2026-03-28T12:57:57.719914Z,Omloop Nieuwsblad,ADDED,MACÍAS César,rider/cesar-macias-estrada
2026-03-28T12:57:57.719914Z,Ronde van Brugge,ADDED,MACÍAS César,rider/cesar-macias-estrada
2026-03-28T12:57:57.719914Z,Ronde van Limburg,ADDED,MACÍAS César,rider/cesar-macias-estrada
2026-03-28T12:57:57.719914Z,Brabantse Pijl,ADDED,MACÍAS César,rider/cesar-macias-estrada
2026-03-28T12:57:57.719914Z,In Flanders Fields,ADDED,MACÍAS César,rider/cesar-macias-estrada
2026-03-28T12:57:57.719914Z,Dwars door Vlaanderen,ADDED,MACÍAS César,rider/cesar-macias-estrada
2026-03-28T12:57:57.719914Z,Kuurne-Brussel-Kuurne,ADDED,CHRISTIAN Sean,rider/sean-christian
2026-03-28T12:57:57.719914Z,Scheldeprijs,ADDED,CHRISTIAN Sean,rider/sean-christian
2026-03-28T12:57:57.719914Z,Ronde van Limburg,ADDED,CHRISTIAN Sean,rider/sean-christian
2026-03-28T12:57:57.719914Z,Nokere Koerse,ADDED,CHRISTIAN Sean,rider/sean-christian
2026-03-28T12:57:57.719914Z,Parijs-Roubaix,ADDED,CHRISTIAN Sean,rider/sean-christian
2026-03-28T12:57:57.719914Z,Samyn Classic,ADDED,CHRISTIAN Sean,rider/sean-christian
2026-03-28T12:57:57.719914Z,Scheldeprijs,ADDED,VAN DEN BOER Seppe,rider/seppe-van-den-boer
2026-03-28T12:57:57.719914Z,Nokere Koerse,ADDED,VAN DEN BOER Seppe,rider/seppe-van-den-boer
2026-03-28T12:57:57.719914Z,Scheldeprijs,ADDED,GAZZOLI Michele,rider/michele-gazzoli
2026-03-28T12:57:57.719914Z,Strade Bianche,ADDED,CRETTI Luca,rider/luca-cretti
2026-03-28T12:57:57.719914Z,Kuurne-Brussel-Kuurne,ADDED,VAN BOVEN Luca,rider/luca-van-boven
2026-03-28T12:57:57.719914Z,E3 Saxo Classic,ADDED,VAN BOVEN Luca,rider/luca-van-boven
2026-03-28T12:57:57.719914Z,Omloop Nieuwsblad,ADDED,VAN BOVEN Luca,rider/luca-van-boven
2026-03-28T12:57:57.719914Z,Milaan-Sanremo,ADDED,VAN BOVEN Luca,rider/luca-van-boven
2026-03-28T12:57:57.719914Z,Ronde van Limburg,ADDED,VAN BOVEN Luca,rider/luca-van-boven
2026-03-28T12:57:57.719914Z,Amstel Gold Race,ADDED,VAN BOVEN Luca,rider/luca-van-boven
2026-03-28T12:57:57.719914Z,Brabantse Pijl,ADDED,VAN BOVEN Luca,rider/luca-van-boven
2026-03-28T12:57:57.719914Z,E3 Saxo Classic,ADDED,MADOUAS Valentin,rider/valentin-madouas
2026-03-28T12:57:57.719914Z,Brabantse Pijl,ADDED,MADOUAS Valentin,rider/valentin-madouas
2026-03-28T12:57:57.719914Z,Ronde van Vlaanderen,ADDED,MADOUAS Valentin,rider/valentin-madouas
2026-03-28T12:57:57.719914Z,Omloop Nieuwsblad,ADDED,MADOUAS Valentin,rider/valentin-madouas
2026-03-28T12:57:57.719914Z,Dwars door Vlaanderen,ADDED,MADOUAS Valentin,rider/valentin-madouas
2026-03-28T12:57:57.719914Z,Strade Bianche,ADDED,MADOUAS Valentin,rider/valentin-madouas
2026-03-28T12:57:57.719914Z,Ronde van Brugge,ADDED,GARCÍA CORTINA Iván,rider/ivan-garcia-cortina
2026-03-28T12:57:57.719914Z,Amstel Gold Race,ADDED,GARCÍA CORTINA Iván,rider/ivan-garcia-cortina
2026-03-28T12:57:57.719914Z,Dwars door Vlaanderen,ADDED,GARCÍA CORTINA Iván,rider/ivan-garcia-cortina
2026-03-28T12:57:57.719914Z,Kuurne-Brussel-Kuurne,ADDED,GARCÍA CORTINA Iván,rider/ivan-garcia-cortina
2026-03-28T12:57:57.719914Z,E3 Saxo Classic,ADDED,GARCÍA CORTINA Iván,rider/ivan-garcia-cortina
2026-03-28T12:57:57.719914Z,Milaan-Sanremo,ADDED,GARCÍA CORTINA Iván,rider/ivan-garcia-cortina
2026-03-28T12:57:57.719914Z,In Flanders Fields,ADDED,GARCÍA CORTINA Iván,rider/ivan-garcia-cortina
2026-03-28T12:57:57.719914Z,Ronde van Vlaanderen,ADDED,GARCÍA CORTINA Iván,rider/ivan-garcia-cortina
2026-03-28T12:57:57.719914Z,Omloop Nieuwsblad,ADDED,GARCÍA CORTINA Iván,rider/ivan-garcia-cortina
2026-03-28T12:57:57.719914Z,Parijs-Roubaix,ADDED,GARCÍA CORTINA Iván,rider/ivan-garcia-cortina
2026-03-28T12:57:57.719914Z,Ronde van Brugge,ADDED,TURNER Ben,rider/ben-turner
2026-03-28T12:57:57.719914Z,Amstel Gold Race,ADDED,TURNER Ben,rider/ben-turner
2026-03-28T12:57:57.719914Z,Dwars door Vlaanderen,ADDED,TURNER Ben,rider/ben-turner
2026-03-28T12:57:57.719914Z,E3 Saxo Classic,ADDED,TURNER Ben,rider/ben-turner
2026-03-28T12:57:57.719914Z,Milaan-Sanremo,ADDED,TURNER Ben,rider/ben-turner
2026-03-28T12:57:57.719914Z,In Flanders Fields,ADDED,TURNER Ben,rider/ben-turner
2026-03-28T12:57:57.719914Z,Ronde van Vlaanderen,ADDED,TURNER Ben,rider/ben-turner
2026-03-28T12:57:57.719914Z,Omloop Nieuwsblad,ADDED,TURNER Ben,rider/ben-turner
2026-03-28T12:57:57.719914Z,Samyn Classic,ADDED,LOWAGIE Arthur,rider/arthur-lowagie
2026-03-28T12:57:57.719914Z,Kuurne-Brussel-Kuurne,ADDED,HOOLE Daan,rider/daan-hoole
2026-03-28T12:57:57.719914Z,E3 Saxo Classic,ADDED,HOOLE Daan,rider/daan-hoole
2026-03-28T12:57:57.719914Z,Ronde van Vlaanderen,ADDED,HOOLE Daan,rider/daan-hoole
2026-03-28T12:57:57.719914Z,In Flanders Fields,ADDED,HOOLE Daan,rider/daan-hoole
2026-03-28T12:57:57.719914Z,Parijs-Roubaix,ADDED,HOOLE Daan,rider/daan-hoole
2026-03-28T12:57:57.719914Z,Ronde van Limburg,ADDED,STOLIĆ Mihajlo,rider/mihajlo-stolic
2026-03-28T12:57:57.719914Z,Strade Bianche,ADDED,MOSCA Jacopo,rider/jacopo-mosca
2026-03-28T12:57:57.719914Z,Strade Bianche,ADDED,FOX Matthew,rider/matthew-fox2
2026-03-28T12:57:57.719914Z,Ronde van Limburg,ADDED,FOX Matthew,rider/matthew-fox2
2026-03-28T12:57:57.719914Z,Kuurne-Brussel-Kuurne,ADDED,MAAS Jan,rider/jan-maas
2026-03-28T12:57:57.719914Z,Ronde van Brugge,ADDED,MAAS Jan,rider/jan-maas
2026-03-28T12:57:57.719914Z,Bredene Koksijde Classic,ADDED,MAAS Jan,rider/jan-maas
2026-03-28T12:57:57.719914Z,Amstel Gold Race,ADDED,MAAS Jan,rider/jan-maas
2026-03-28T12:57:57.719914Z,Nokere Koerse,ADDED,MAAS Jan,rider/jan-maas
2026-03-28T12:57:57.719914Z,Samyn Classic,ADDED,MAAS Jan,rider/jan-maas
2026-03-28T12:57:57.719914Z,Samyn Classic,ADDED,AGNOLETTO Blake,rider/blake-agnoletto
2026-03-28T12:57:57.719914Z,Bredene Koksijde Classic,ADDED,AGNOLETTO Blake,rider/blake-agnoletto
2026-03-28T12:57:57.719914Z,Kuurne-Brussel-Kuurne,ADDED,DE PESTEL Sander,rider/sander-de-pestel
2026-03-28T12:57:57.719914Z,E3 Saxo Classic,ADDED,DE PESTEL Sander,rider/sander-de-pestel
2026-03-28T12:57:57.719914Z,Omloop Nieuwsblad,ADDED,DE PESTEL Sander,rider/sander-de-pestel
2026-03-28T12:57:57.719914Z,Ronde van Brugge,ADDED,DE PESTEL Sander,rider/sander-de-pestel
2026-03-28T12:57:57.719914Z,Ronde van Vlaanderen,ADDED,DE PESTEL Sander,rider/sander-de-pestel
2026-03-28T12:57:57.719914Z,In Flanders Fields,ADDED,DE PESTEL Sander,rider/sander-de-pestel
2026-03-28T12:57:57.719914Z,Dwars door Vlaanderen,ADDED,DE PESTEL Sander,rider/sander-de-pestel
2026-03-28T12:57:57.719914Z,Nokere Koerse,ADDED,VERMOOTE Jelle,rider/jelle-vermoote
2026-03-28T12:57:57.719914Z,Samyn Classic,ADDED,VERMOOTE Jelle,rider/jelle-vermoote
2026-03-28T12:57:57.719914Z,Bredene Koksijde Classic,ADDED,VERMOOTE Jelle,rider/jelle-vermoote
2026-03-28T12:57:57.719914Z,Milaan-Sanremo,ADDED,MACKELLAR Alastair,rider/alastair-mackellar
2026-03-28T12:57:57.719914Z,Dwars door Vlaanderen,ADDED,MACKELLAR Alastair,rider/alastair-mackellar
2026-03-28T12:57:57.719914Z,E3 Saxo Classic,ADDED,PEDERSEN Mads,rider/mads-pedersen
2026-03-28T12:57:57.719914Z,Milaan-Sanremo,ADDED,PEDERSEN Mads,rider/mads-pedersen
2026-03-28T12:57:57.719914Z,Ronde van Vlaanderen,ADDED,PEDERSEN Mads,rider/mads-pedersen
2026-03-28T12:57:57.719914Z,In Flanders Fields,ADDED,PEDERSEN Mads,rider/mads-pedersen
2026-03-28T12:57:57.719914Z,Parijs-Roubaix,ADDED,PEDERSEN Mads,rider/mads-pedersen
2026-03-28T12:57:57.719914Z,Dwars door Vlaanderen,ADDED,PEDERSEN Mads,rider/mads-pedersen
2026-03-28T12:57:57.719914Z,Samyn Classic,ADDED,ROTTMANN Jonathan Malte,rider/jonathan-malte-rottmann
2026-03-28T12:57:57.719914Z,Milaan-Sanremo,ADDED,THOMAS Benjamin,rider/benjamin-thomas-2
2026-03-28T12:57:57.719914Z,Scheldeprijs,ADDED,MEZGEC Luka,rider/luka-mezgec
2026-03-28T12:57:57.719914Z,Ronde van Brugge,ADDED,MEZGEC Luka,rider/luka-mezgec
2026-03-28T12:57:57.719914Z,Kuurne-Brussel-Kuurne,ADDED,MEZGEC Luka,rider/luka-mezgec
2026-03-28T12:57:57.719914Z,Ronde van Limburg,ADDED,MEZGEC Luka,rider/luka-mezgec
2026-03-28T12:57:57.719914Z,Bredene Koksijde Classic,ADDED,MEZGEC Luka,rider/luka-mezgec
2026-03-28T12:57:57.719914Z,Ronde van Vlaanderen,ADDED,MEZGEC Luka,rider/luka-mezgec
2026-03-28T12:57:57.719914Z,In Flanders Fields,ADDED,MEZGEC Luka,rider/luka-mezgec
2026-03-28T12:57:57.719914Z,Nokere Koerse,ADDED,MEZGEC Luka,rider/luka-mezgec
2026-03-28T12:57:57.719914Z,Samyn Classic,ADDED,BOUQUET Axel,rider/axel-bouquet
2026-03-28T12:57:57.719914Z,Kuurne-Brussel-Kuurne,ADDED,VAN KERCKHOVE Matisse,rider/matisse-van-kerckhove
2026-03-28T12:57:57.719914Z,Samyn Classic,ADDED,VAN KERCKHOVE Matisse,rider/matisse-van-kerckhove
2026-03-28T12:57:57.719914Z,Samyn Classic,ADDED,GULLHAV Kristoffer,rider/kristoffer-gullhav
2026-03-28T12:57:57.719914Z,Scheldeprijs,ADDED,EENKHOORN Pascal,rider/pascal-eenkhoorn
2026-03-28T12:57:57.719914Z,E3 Saxo Classic,ADDED,AFFINI Edoardo,rider/edoardo-affini
2026-03-28T12:57:57.719914Z,Omloop Nieuwsblad,ADDED,AFFINI Edoardo,rider/edoardo-affini
2026-03-28T12:57:57.719914Z,Milaan-Sanremo,ADDED,AFFINI Edoardo,rider/edoardo-affini
2026-03-28T12:57:57.719914Z,Ronde van Vlaanderen,ADDED,AFFINI Edoardo,rider/edoardo-affini
2026-03-28T12:57:57.719914Z,In Flanders Fields,ADDED,AFFINI Edoardo,rider/edoardo-affini
2026-03-28T12:57:57.719914Z,Samyn Classic,ADDED,VAN DER WAL Rik,rider/rik-van-der-wal
2026-03-28T12:57:57.719914Z,Milaan-Sanremo,ADDED,LABROSSE Jordan,rider/jordan-labrosse
2026-03-28T12:57:57.719914Z,Amstel Gold Race,ADDED,LABROSSE Jordan,rider/jordan-labrosse
2026-03-28T12:57:57.719914Z,Luik-Bastenaken-Luik,ADDED,LABROSSE Jordan,rider/jordan-labrosse
2026-03-28T12:57:57.719914Z,Waalse Pijl,ADDED,LABROSSE Jordan,rider/jordan-labrosse
2026-03-28T12:57:57.719914Z,Strade Bianche,ADDED,LABROSSE Jordan,rider/jordan-labrosse
2026-03-28T12:57:57.719914Z,Kuurne-Brussel-Kuurne,ADDED,HOBBS Noah,rider/noah-hobbs
2026-03-28T12:57:57.719914Z,Omloop Nieuwsblad,ADDED,HOBBS Noah,rider/noah-hobbs
2026-03-28T12:57:57.719914Z,Scheldeprijs,ADDED,ĐURIĆ Đorđe,rider/dorde-duric
2026-03-28T12:57:57.719914Z,Samyn Classic,ADDED,DOCKX Gilles,rider/gilles-dockx
2026-03-28T12:57:57.719914Z,Amstel Gold Race,ADDED,IZAGIRRE Ion,rider/ion-izagirre
2026-03-28T12:57:57.719914Z,Luik-Bastenaken-Luik,ADDED,IZAGIRRE Ion,rider/ion-izagirre
2026-03-28T12:57:57.719914Z,Waalse Pijl,ADDED,IZAGIRRE Ion,rider/ion-izagirre
2026-03-28T12:57:57.719914Z,Kuurne-Brussel-Kuurne,ADDED,ALBANESE Vincenzo,rider/vincenzo-albanese
2026-03-28T12:57:57.719914Z,Omloop Nieuwsblad,ADDED,ALBANESE Vincenzo,rider/vincenzo-albanese
2026-03-28T12:57:57.719914Z,Ronde van Brugge,ADDED,ALBANESE Vincenzo,rider/vincenzo-albanese
2026-03-28T12:57:57.719914Z,Strade Bianche,ADDED,ALBANESE Vincenzo,rider/vincenzo-albanese
2026-03-28T12:57:57.719914Z,Samyn Classic,ADDED,TAILLIEU Aldo,rider/aldo-taillieu
2026-03-28T12:57:57.719914Z,Ronde van Brugge,ADDED,LAMPERTI Luke,rider/luke-lamperti
2026-03-28T12:57:57.719914Z,Dwars door Vlaanderen,ADDED,LAMPERTI Luke,rider/luke-lamperti
2026-03-28T12:57:57.719914Z,Kuurne-Brussel-Kuurne,ADDED,LAMPERTI Luke,rider/luke-lamperti
2026-03-28T12:57:57.719914Z,E3 Saxo Classic,ADDED,LAMPERTI Luke,rider/luke-lamperti
2026-03-28T12:57:57.719914Z,Milaan-Sanremo,ADDED,LAMPERTI Luke,rider/luke-lamperti
2026-03-28T12:57:57.719914Z,In Flanders Fields,ADDED,LAMPERTI Luke,rider/luke-lamperti
2026-03-28T12:57:57.719914Z,Ronde van Vlaanderen,ADDED,LAMPERTI Luke,rider/luke-lamperti
2026-03-28T12:57:57.719914Z,Omloop Nieuwsblad,ADDED,LAMPERTI Luke,rider/luke-lamperti
2026-03-28T12:57:57.719914Z,Parijs-Roubaix,ADDED,LAMPERTI Luke,rider/luke-lamperti
2026-03-28T12:57:57.719914Z,Strade Bianche,ADDED,VERRANDO Luca,rider/luca-verrando
2026-03-28T12:57:57.719914Z,Milaan-Sanremo,ADDED,ARTZ Huub,rider/huub-artz
2026-03-28T12:57:57.719914Z,Ronde van Vlaanderen,ADDED,ARTZ Huub,rider/huub-artz
2026-03-28T12:57:57.719914Z,In Flanders Fields,ADDED,ARTZ Huub,rider/huub-artz
2026-03-28T12:57:57.719914Z,Parijs-Roubaix,ADDED,ARTZ Huub,rider/huub-artz
2026-03-28T12:57:57.719914Z,Dwars door Vlaanderen,ADDED,ARTZ Huub,rider/huub-artz
2026-03-28T12:57:57.719914Z,Amstel Gold Race,ADDED,OURSELIN Paul,rider/paul-ourselin
2026-03-28T12:57:57.719914Z,Milaan-Sanremo,ADDED,OURSELIN Paul,rider/paul-ourselin
2026-03-28T12:57:57.719914Z,Ronde van Brugge,ADDED,RENARD Alexis,rider/alexis-renard
2026-03-28T12:57:57.719914Z,Dwars door Vlaanderen,ADDED,RENARD Alexis,rider/alexis-renard
2026-03-28T12:57:57.719914Z,Kuurne-Brussel-Kuurne,ADDED,RENARD Alexis,rider/alexis-renard
2026-03-28T12:57:57.719914Z,Bredene Koksijde Classic,ADDED,RENARD Alexis,rider/alexis-renard
2026-03-28T12:57:57.719914Z,In Flanders Fields,ADDED,RENARD Alexis,rider/alexis-renard
2026-03-28T12:57:57.719914Z,Omloop Nieuwsblad,ADDED,RENARD Alexis,rider/alexis-renard
2026-03-28T12:57:57.719914Z,Parijs-Roubaix,ADDED,RENARD Alexis,rider/alexis-renard
2026-03-28T12:57:57.719914Z,Samyn Classic,ADDED,RENARD Alexis,rider/alexis-renard
2026-03-28T12:57:57.719914Z,Kuurne-Brussel-Kuurne,ADDED,OLIVER Ben,rider/ben-oliver
2026-03-28T12:57:57.719914Z,Scheldeprijs,ADDED,OLIVER Ben,rider/ben-oliver
2026-03-28T12:57:57.719914Z,Bredene Koksijde Classic,ADDED,OLIVER Ben,rider/ben-oliver
2026-03-28T12:57:57.719914Z,Ronde van Limburg,ADDED,OLIVER Ben,rider/ben-oliver
2026-03-28T12:57:57.719914Z,Nokere Koerse,ADDED,OLIVER Ben,rider/ben-oliver
2026-03-28T12:57:57.719914Z,Samyn Classic,ADDED,OLIVER Ben,rider/ben-oliver
2026-03-28T12:57:57.719914Z,Kuurne-Brussel-Kuurne,ADDED,RUSSO Clément,rider/clement-russo
2026-03-28T12:57:57.719914Z,E3 Saxo Classic,ADDED,RUSSO Clément,rider/clement-russo
2026-03-28T12:57:57.719914Z,Omloop Nieuwsblad,ADDED,RUSSO Clément,rider/clement-russo
2026-03-28T12:57:57.719914Z,Milaan-Sanremo,ADDED,RUSSO Clément,rider/clement-russo
2026-03-28T12:57:57.719914Z,Ronde van Vlaanderen,ADDED,RUSSO Clément,rider/clement-russo
2026-03-28T12:57:57.719914Z,In Flanders Fields,ADDED,RUSSO Clément,rider/clement-russo
2026-03-28T12:57:57.719914Z,Dwars door Vlaanderen,ADDED,RUSSO Clément,rider/clement-russo
2026-03-28T12:57:57.719914Z,Scheldeprijs,ADDED,SKERL Daniel,rider/daniel-skerl
2026-03-28T12:57:57.719914Z,E3 Saxo Classic,ADDED,SKERL Daniel,rider/daniel-skerl
2026-03-28T12:57:57.719914Z,Ronde van Brugge,ADDED,SKERL Daniel,rider/daniel-skerl
2026-03-28T12:57:57.719914Z,Ronde van Limburg,ADDED,SKERL Daniel,rider/daniel-skerl
2026-03-28T12:57:57.719914Z,In Flanders Fields,ADDED,SKERL Daniel,rider/daniel-skerl
2026-03-28T12:57:57.719914Z,Amstel Gold Race,ADDED,SUTER Joel,rider/joel-suter
2026-03-28T12:57:57.719914Z,Ronde van Brugge,ADDED,SUTER Joel,rider/joel-suter
2026-03-28T12:57:57.719914Z,Kuurne-Brussel-Kuurne,ADDED,WELLENS Tim,rider/tim-wellens
2026-03-28T12:57:57.719914Z,Omloop Nieuwsblad,ADDED,WELLENS Tim,rider/tim-wellens
2026-03-28T12:57:57.719914Z,Brabantse Pijl,ADDED,WELLENS Tim,rider/tim-wellens
2026-03-28T12:57:57.719914Z,Amstel Gold Race,ADDED,WELLENS Tim,rider/tim-wellens
2026-03-28T12:57:57.719914Z,Kuurne-Brussel-Kuurne,ADDED,GEERAERTS Ferre,rider/ferre-geeraerts
2026-03-28T12:57:57.719914Z,Scheldeprijs,ADDED,GEERAERTS Ferre,rider/ferre-geeraerts
2026-03-28T12:57:57.719914Z,Ronde van Brugge,ADDED,GEERAERTS Ferre,rider/ferre-geeraerts
2026-03-28T12:57:57.719914Z,Bredene Koksijde Classic,ADDED,GEERAERTS Ferre,rider/ferre-geeraerts
2026-03-28T12:57:57.719914Z,Dwars door Vlaanderen,ADDED,GEERAERTS Ferre,rider/ferre-geeraerts
2026-03-28T12:57:57.719914Z,Dwars door Vlaanderen,ADDED,MAYRHOFER Marius,rider/marius-mayrhofer
2026-03-28T12:57:57.719914Z,Ronde van Vlaanderen,ADDED,MAYRHOFER Marius,rider/marius-mayrhofer
2026-03-28T12:57:57.719914Z,Brabantse Pijl,ADDED,CRAPS Lars,rider/lars-craps
2026-03-28T12:57:57.719914Z,Milaan-Sanremo,ADDED,HAIG Jack,rider/jack-haig
2026-03-28T12:57:57.719914Z,Strade Bianche,ADDED,HAIG Jack,rider/jack-haig
2026-03-28T12:57:57.719914Z,Milaan-Sanremo,ADDED,ROGLIČ Primož,rider/primoz-roglic
2026-03-28T12:57:57.719914Z,E3 Saxo Classic,ADDED,VAN DEN BROEK Frank,rider/frank-van-den-broek
2026-03-28T12:57:57.719914Z,Omloop Nieuwsblad,ADDED,VAN DEN BROEK Frank,rider/frank-van-den-broek
2026-03-28T12:57:57.719914Z,Milaan-Sanremo,ADDED,VAN DEN BROEK Frank,rider/frank-van-den-broek
2026-03-28T12:57:57.719914Z,Ronde van Vlaanderen,ADDED,VAN DEN BROEK Frank,rider/frank-van-den-broek
2026-03-28T12:57:57.719914Z,Amstel Gold Race,ADDED,VAN DEN BROEK Frank,rider/frank-van-den-broek
2026-03-28T12:57:57.719914Z,Dwars door Vlaanderen,ADDED,VAN DEN BROEK Frank,rider/frank-van-den-broek
2026-03-28T12:57:57.719914Z,Waalse Pijl,ADDED,VAN DEN BROEK Frank,rider/frank-van-den-broek
2026-03-28T12:57:57.719914Z,Amstel Gold Race,ADDED,BILBAO Pello,rider/pello-bilbao
2026-03-28T12:57:57.719914Z,Luik-Bastenaken-Luik,ADDED,BILBAO Pello,rider/pello-bilbao
2026-03-28T12:57:57.719914Z,Waalse Pijl,ADDED,BILBAO Pello,rider/pello-bilbao
2026-03-28T12:57:57.719914Z,Strade Bianche,ADDED,BILBAO Pello,rider/pello-bilbao
2026-03-28T12:57:57.719914Z,E3 Saxo Classic,ADDED,SHEFFIELD Magnus,rider/magnus-sheffield
2026-03-28T12:57:57.719914Z,Omloop Nieuwsblad,ADDED,SHEFFIELD Magnus,rider/magnus-sheffield
2026-03-28T12:57:57.719914Z,Ronde van Vlaanderen,ADDED,SHEFFIELD Magnus,rider/magnus-sheffield
2026-03-28T12:57:57.719914Z,Amstel Gold Race,ADDED,SHEFFIELD Magnus,rider/magnus-sheffield
2026-03-28T12:57:57.719914Z,Dwars door Vlaanderen,ADDED,SHEFFIELD Magnus,rider/magnus-sheffield
2026-03-28T12:57:57.719914Z,Kuurne-Brussel-Kuurne,ADDED,POLITT Nils,rider/nils-politt
2026-03-28T12:57:57.719914Z,E3 Saxo Classic,ADDED,POLITT Nils,rider/nils-politt
2026-03-28T12:57:57.719914Z,Omloop Nieuwsblad,ADDED,POLITT Nils,rider/nils-politt
2026-03-28T12:57:57.719914Z,Bredene Koksijde Classic,ADDED,POLITT Nils,rider/nils-politt
2026-03-28T12:57:57.719914Z,Ronde van Vlaanderen,ADDED,POLITT Nils,rider/nils-politt
2026-03-28T12:57:57.719914Z,In Flanders Fields,ADDED,POLITT Nils,rider/nils-politt
2026-03-28T12:57:57.719914Z,Dwars door Vlaanderen,ADDED,POLITT Nils,rider/nils-politt
2026-03-28T12:57:57.719914Z,Samyn Classic,ADDED,HUPPERTZ Joshua,rider/joshua-huppertz
2026-03-28T12:57:57.719914Z,Samyn Classic,ADDED,RADCLIFFE George,rider/george-radcliffe
2026-03-28T18:42:16.944927Z,Dwars door Vlaanderen,ADDED,HOOLE Daan,rider/daan-hoole
2026-03-28T18:42:16.944927Z,Dwars door Vlaanderen,REMOVED,TURGIS Anthony,rider/anthony-turgis
2026-03-28T18:42:16.944927Z,Dwars door Vlaanderen,ADDED,GOGL Michael,rider/michael-gogl
2026-03-28T18:42:16.944927Z,Dwars door Vlaanderen,REMOVED,DAUPHIN Florian,rider/florian-dauphin
2026-03-28T18:42:16.944927Z,In Flanders Fields,REMOVED,LAENGEN Vegard Stake,rider/vegard-stake-laengen
2026-03-28T18:42:16.944927Z,In Flanders Fields,ADDED,RAISBERG Nadav,rider/nadav-raisberg
2026-03-28T18:42:16.944927Z,In Flanders Fields,ADDED,WELSFORD Sam,rider/sam-welsford
2026-03-28T18:42:16.944927Z,In Flanders Fields,REMOVED,FREDHEIM Stian,rider/stian-fredheim
2026-03-28T18:42:16.944927Z,In Flanders Fields,REMOVED,VAN HAUTEGEM Leander,rider/leander-van-hautegem
2026-03-28T18:42:16.944927Z,In Flanders Fields,ADDED,BLUME LEVY William,rider/william-blume-levy
2026-03-28T18:42:16.944927Z,Dwars door Vlaanderen,ADDED,JOUSSEAUME Alan,rider/alan-jousseaume
2026-03-28T18:42:16.944927Z,Dwars door Vlaanderen,ADDED,VAN HEMELEN Vincent,rider/vincent-van-hemelen
2026-03-28T18:42:16.944927Z,Dwars door Vlaanderen,REMOVED,BALLERSTEDT Maurice,rider/maurice-ballerstedt
2026-03-28T18:42:16.944927Z,Dwars door Vlaanderen,REMOVED,GROVES Kaden,rider/kaden-groves
2026-03-28T18:42:16.944927Z,In Flanders Fields,REMOVED,PEDERSEN Mads,rider/mads-pedersen
2026-03-28T18:42:16.944927Z,Dwars door Vlaanderen,REMOVED,BRUNEL Alexys,rider/alexys-brunel
2026-03-28T18:42:16.944927Z,Dwars door Vlaanderen,ADDED,DELBOVE Joris,rider/joris-delbove
2026-03-28T18:42:16.944927Z,In Flanders Fields,ADDED,TEUTENBERG Tim Torn,rider/tim-torn-teutenberg
2026-03-28T18:42:16.944927Z,Dwars door Vlaanderen,ADDED,BURGAUDEAU Mathieu,rider/mathieu-burgaudeau
2026-03-28T18:42:16.944927Z,In Flanders Fields,ADDED,GEERAERTS Ferre,rider/ferre-geeraerts
2026-03-28T18:42:16.944927Z,Dwars door Vlaanderen,ADDED,SENTJENS Sente,rider/sente-sentjens
2026-03-28T18:42:16.944927Z,Dwars door Vlaanderen,REMOVED,GACHIGNARD Thomas,rider/thomas-gachignard
2026-03-28T18:42:16.944927Z,Dwars door Vlaanderen,REMOVED,VANDENBRANDEN Noah,rider/noah-vandenbranden
2026-03-28T18:42:16.944927Z,Dwars door Vlaanderen,REMOVED,BOULAHOITE Rayan,rider/rayan-boulahoite
2026-03-28T18:42:16.944927Z,Dwars door Vlaanderen,ADDED,BONNET Thomas,rider/thomas-bonnet
2026-03-28T18:42:16.944927Z,In Flanders Fields,ADDED,BJERG Mikkel,rider/mikkel-bjerg
2026-03-28T18:42:16.944927Z,Dwars door Vlaanderen,ADDED,RETAILLEAU Valentin,rider/valentin-retailleau
2026-03-28T18:42:16.944927Z,In Flanders Fields,REMOVED,SHMIDT Artem,rider/artem-shmidt
2026-03-28T18:42:16.944927Z,Dwars door Vlaanderen,ADDED,SÜTTERLIN Jasha,rider/jasha-sutterlin
2026-03-28T18:42:16.944927Z,In Flanders Fields,REMOVED,MULLEN Ryan,rider/ryan-mullen
2026-03-28T18:42:16.944927Z,Dwars door Vlaanderen,ADDED,VADIC Baptiste,rider/baptiste-vadic
2026-03-29T18:44:41.729365Z,Dwars door Vlaanderen,ADDED,PLOWRIGHT Jensen,rider/jensen-plowright
2026-03-29T18:44:41.729365Z,Dwars door Vlaanderen,ADDED,DAUPHIN Florian,rider/florian-dauphin
2026-03-29T18:44:41.729365Z,Dwars door Vlaanderen,ADDED,BRUNEL Alexys,rider/alexys-brunel
2026-03-29T18:44:41.729365Z,Dwars door Vlaanderen,REMOVED,VADIC Baptiste,rider/baptiste-vadic
2026-03-29T18:44:41.729365Z,Dwars door Vlaanderen,REMOVED,RETAILLEAU Valentin,rider/valentin-retailleau
2026-03-29T18:44:41.729365Z,Parijs-Roubaix,REMOVED,KIELICH Timo,rider/timo-kielich
2026-03-29T18:44:41.729365Z,Ronde van Vlaanderen,REMOVED,KIELICH Timo,rider/timo-kielich
2026-03-29T18:44:41.729365Z,Dwars door Vlaanderen,REMOVED,KIELICH Timo,rider/timo-kielich
2026-03-29T18:44:41.729365Z,Dwars door Vlaanderen,ADDED,MOZZATO Luca,rider/luca-mozzato
2026-03-29T18:44:41.729365Z,Dwars door Vlaanderen,REMOVED,DELBOVE Joris,rider/joris-delbove
2026-03-29T18:44:41.729365Z,Dwars door Vlaanderen,REMOVED,JOUSSEAUME Alan,rider/alan-jousseaume
2026-03-29T18:44:41.729365Z,Dwars door Vlaanderen,REMOVED,MACKELLAR Alastair,rider/alastair-mackellar
2026-03-29T18:44:41.729365Z,Dwars door Vlaanderen,ADDED,MACIEJUK Filip,rider/filip-maciejuk
2026-03-29T18:44:41.729365Z,Dwars door Vlaanderen,ADDED,WALSCHEID Max,rider/max-walscheid
2026-03-29T18:44:41.729365Z,Dwars door Vlaanderen,ADDED,VACEK Mathias,rider/mathias-vacek
2026-03-29T18:44:41.729365Z,Dwars door Vlaanderen,REMOVED,SENTJENS Sente,rider/sente-sentjens
2026-03-29T18:44:41.729365Z,Dwars door Vlaanderen,ADDED,PEACE Oliver,rider/oliver-peace
2026-03-29T18:44:41.729365Z,Luik-Bastenaken-Luik,ADDED,MARTINEZ Lenny,rider/lenny-martinez
2026-03-29T18:44:41.729365Z,Dwars door Vlaanderen,ADDED,AULAR Orluis,rider/orluis-aular
2026-03-29T18:44:41.729365Z,Dwars door Vlaanderen,REMOVED,THEUNS Edward,rider/edward-theuns
2026-03-29T18:44:41.729365Z,Dwars door Vlaanderen,ADDED,BOULAHOITE Rayan,rider/rayan-boulahoite
2026-03-29T18:44:41.729365Z,Dwars door Vlaanderen,REMOVED,KRIJNSEN Jelte,rider/jelte-krijnsen
2026-03-29T18:44:41.729365Z,Dwars door Vlaanderen,ADDED,WALKER Max,rider/max-walker
2026-03-29T18:44:41.729365Z,Dwars door Vlaanderen,REMOVED,TORRES Albert,rider/albert-torres
2026-03-29T18:44:41.729365Z,Dwars door Vlaanderen,REMOVED,BONNET Thomas,rider/thomas-bonnet
2026-03-29T18:44:41.729365Z,Dwars door Vlaanderen,REMOVED,MORO Manlio,rider/manlio-moro
2026-03-29T18:44:41.729365Z,Dwars door Vlaanderen,ADDED,FOLDAGER Anders,rider/anders-foldager
2026-03-29T18:44:41.729365Z,Dwars door Vlaanderen,ADDED,GACHIGNARD Thomas,rider/thomas-gachignard
2026-03-29T18:44:41.729365Z,Dwars door Vlaanderen,ADDED,TURGIS Anthony,rider/anthony-turgis
2026-03-29T18:44:41.729365Z,Dwars door Vlaanderen,REMOVED,BURGAUDEAU Mathieu,rider/mathieu-burgaudeau
2026-03-30T13:22:57.437723Z,Dwars door Vlaanderen,ADDED,HERMANS Quinten,rider/quinten-hermans
2026-03-30T13:22:57.437723Z,Dwars door Vlaanderen,ADDED,BISSEGGER Stefan,rider/stefan-bissegger
2026-03-30T13:22:57.437723Z,Ronde van Vlaanderen,REMOVED,BURNETT Josh,rider/josh-burnett
2026-03-30T13:22:57.437723Z,Dwars door Vlaanderen,ADDED,VAN TRICHT Floris,rider/floris-van-tricht
2026-03-30T13:22:57.437723Z,Dwars door Vlaanderen,ADDED,SHMIDT Artem,rider/artem-shmidt
2026-03-30T13:22:57.437723Z,Ronde van Vlaanderen,ADDED,MACÍAS César,rider/cesar-macias-estrada
2026-03-30T13:22:57.437723Z,Dwars door Vlaanderen,REMOVED,WRIGHT Fred,rider/alfred-wright
2026-03-30T13:22:57.437723Z,Dwars door Vlaanderen,REMOVED,TRONCHON Bastien,rider/bastien-tronchon
2026-03-30T13:22:57.437723Z,Dwars door Vlaanderen,REMOVED,CHAMBERLAIN Oscar,rider/oscar-chamberlain
2026-03-30T13:22:57.437723Z,Ronde van Vlaanderen,ADDED,WALKER Max,rider/max-walker
2026-03-30T13:22:57.437723Z,Dwars door Vlaanderen,ADDED,BARTHE Cyril,rider/cyril-barthe
2026-03-30T13:22:57.437723Z,Dwars door Vlaanderen,ADDED,LIENHARD Fabian,rider/fabian-lienhard
2026-03-30T13:22:57.437723Z,Dwars door Vlaanderen,REMOVED,TRATNIK Jan,rider/jan-tratnik
2026-03-30T13:22:57.437723Z,Ronde van Vlaanderen,ADDED,RENARD Alexis,rider/alexis-renard
2026-03-30T13:22:57.437723Z,Ronde van Vlaanderen,ADDED,ZAMPERINI Edoardo,rider/edoardo-zamperini
2026-03-30T13:22:57.437723Z,Dwars door Vlaanderen,ADDED,VERMEERSCH Gianni,rider/gianni-vermeersch
2026-03-30T13:22:57.437723Z,Dwars door Vlaanderen,ADDED,FROIDEVAUX Robin,rider/robin-froidevaux
2026-03-30T13:22:57.437723Z,Ronde van Vlaanderen,REMOVED,QUARTUCCI Lorenzo,rider/lorenzo-quartucci
2026-03-30T13:22:57.437723Z,Dwars door Vlaanderen,REMOVED,RAISBERG Nadav,rider/nadav-raisberg
2026-03-30T13:22:57.437723Z,Dwars door Vlaanderen,ADDED,VALGREN Michael,rider/michael-valgren-andersen
2026-03-30T13:22:57.437723Z,Dwars door Vlaanderen,REMOVED,ZUKOWSKY Nickolas,rider/nickolas-zukowsky
2026-03-30T13:22:57.437723Z,Dwars door Vlaanderen,ADDED,DEWULF Stan,rider/stan-dewulf
2026-03-30T13:22:57.437723Z,Ronde van Vlaanderen,REMOVED,CHARRET Camille,rider/camille-charret
2026-03-30T13:22:57.437723Z,Dwars door Vlaanderen,ADDED,COSNEFROY Benoît,rider/benoit-cosnefroy
2026-03-30T13:22:57.437723Z,Ronde van Vlaanderen,REMOVED,MIHKELS Madis,rider/madis-mihkels
2026-03-30T13:22:57.437723Z,Dwars door Vlaanderen,REMOVED,MIHKELS Madis,rider/madis-mihkels
2026-03-30T13:22:57.437723Z,Dwars door Vlaanderen,REMOVED,MAYRHOFER Marius,rider/marius-mayrhofer
2026-03-30T13:22:57.437723Z,Ronde van Vlaanderen,REMOVED,CHRISTEN Fabio,rider/fabio-christen
2026-03-30T13:22:57.437723Z,Dwars door Vlaanderen,ADDED,BENNETT Sam,rider/sam-bennett
2026-03-30T13:22:57.437723Z,Ronde van Vlaanderen,ADDED,KMÍNEK Vojtěch,rider/vojtech-kminek
2026-03-30T13:22:57.437723Z,Dwars door Vlaanderen,ADDED,AFFINI Edoardo,rider/edoardo-affini
2026-03-30T13:22:57.437723Z,Ronde van Vlaanderen,ADDED,SAINBAYAR Jambaljamts,rider/jambaljamts-sainbayar
2026-03-30T13:22:57.437723Z,Dwars door Vlaanderen,REMOVED,ZIJLAARD Maikel,rider/maikel-zijlaard
2026-03-30T13:22:57.437723Z,Ronde van Vlaanderen,ADDED,MAŁECKI Kamil,rider/kamil-malecki
2026-03-30T13:22:57.437723Z,Dwars door Vlaanderen,REMOVED,BOL Cees,rider/cees-bol
2026-03-30T13:22:57.437723Z,Ronde van Vlaanderen,REMOVED,KUDUS Merhawi,rider/merhawi-kudus
2026-03-30T13:22:57.437723Z,Dwars door Vlaanderen,ADDED,REX Laurenz,rider/laurenz-rex
2026-03-30T13:22:57.437723Z,Dwars door Vlaanderen,REMOVED,TURNER Ben,rider/ben-turner
2026-03-30T19:01:44.964954Z,Dwars door Vlaanderen,ADDED,VAN SINTMAARTENSDIJK Roel,rider/roel-van-sintmaartensdijk
2026-03-30T19:01:44.964954Z,Dwars door Vlaanderen,ADDED,SVRČEK Martin,rider/martin-svrcek
2026-03-30T19:01:44.964954Z,Dwars door Vlaanderen,REMOVED,DE SCHUYTENEER Steffen,rider/steffen-de-schuyteneer
2026-03-30T19:01:44.964954Z,Dwars door Vlaanderen,REMOVED,REX Laurenz,rider/laurenz-rex
2026-03-31T02:31:28.959615Z,Ronde van Vlaanderen,REMOVED,REX Laurenz,rider/laurenz-rex
2026-03-31T07:17:09.645644Z,Parijs-Roubaix,REMOVED,REX Laurenz,rider/laurenz-rex
2026-03-31T07:17:09.645644Z,Ronde van Limburg,REMOVED,STOLIĆ Mihajlo,rider/mihajlo-stolic
2026-03-31T07:17:09.645644Z,Ronde van Limburg,REMOVED,CAPRA Thomas,rider/thomas-capra
2026-03-31T13:21:40.101151Z,Dwars door Vlaanderen,ADDED,SKERL Daniel,rider/daniel-skerl
2026-03-31T13:21:40.101151Z,Dwars door Vlaanderen,ADDED,BALLERINI Davide,rider/davide-ballerini
2026-03-31T13:21:40.101151Z,Dwars door Vlaanderen,REMOVED,KANTER Max,rider/max-kanter
2026-03-31T19:03:43.384895Z,Dwars door Vlaanderen,ADDED,VERCOUILLIE Victor,rider/victor-vercouillie
2026-03-31T19:03:43.384895Z,Dwars door Vlaanderen,REMOVED,SHMIDT Artem,rider/artem-shmidt
2026-03-31T19:03:43.384895Z,Dwars door Vlaanderen,REMOVED,BOUGLAS Georgios,rider/georgios-bouglas
2026-03-31T19:03:43.384895Z,Dwars door Vlaanderen,ADDED,ÁLVAREZ Rodrigo,rider/rodrigo-alvarez-rogriguez
2026-03-31T19:03:43.384895Z,Dwars door Vlaanderen,ADDED,TARLING Joshua,rider/joshua-tarling
2026-03-31T19:03:43.384895Z,Dwars door Vlaanderen,REMOVED,CRABBE Tom,rider/tom-crabbe
2026-03-31T19:03:43.384895Z,Dwars door Vlaanderen,REMOVED,FREDHEIM Stian,rider/stian-fredheim
2026-03-31T19:03:43.384895Z,Dwars door Vlaanderen,ADDED,BÉVORT Carl-Frederik,rider/carl-frederik-bevort
2026-03-31T19:03:43.384895Z,Dwars door Vlaanderen,ADDED,VANDENSTORME Dylan,rider/dylan-vandenstorme
2026-03-31T19:03:43.384895Z,Dwars door Vlaanderen,REMOVED,VAN HEMELEN Vincent,rider/vincent-van-hemelen
